2025-12-08 00:54:04,728 - INFO - 
============================================================
2025-12-08 00:54:04,729 - INFO - Starting to scrape: Safi Today
2025-12-08 00:54:04,729 - INFO - ============================================================
2025-12-08 00:54:04,729 - INFO - Extracting links from Safi Today: https://safitoday.com
2025-12-08 00:54:07,321 - INFO - Found 2 links from Safi Today
2025-12-08 00:54:07,822 - INFO - Scraping article: https://www.safitoday.com/2025/11/23/%d8%a2%d8%b3%d9%81%d9%8a-%d8%a5%d8%b7%d9%84%d8%a7%d9%82-36-%d9%85%d9%84%d8%b9%d8%a8-%d8%ac%d8%af%d9%8a%d8%af-%d8%a8%d8%a3%d8%b3%d9%81%d9%8a-%d9%88%d8%aa%d8%a3%d9%87%d9%8a%d9%84-%d8%a7%d9%84%d9%82/
2025-12-08 00:54:09,398 - INFO - Scraping article: https://www.safitoday.com/2025/12/05/%d9%81%d8%b7%d8%a7%d8%ad-%d9%8a%d8%b1%d8%b3%d9%85-%d9%85%d9%84%d8%a7%d9%85%d8%ad-%d9%85%d8%b1%d8%ad%d9%84%d8%a9-%d8%ac%d8%af%d9%8a%d8%af%d8%a9-%d8%a8%d8%a7%d9%84%d8%a5%d8%af%d8%a7%d8%b1%d8%a9-%d8%a7/
2025-12-08 00:54:10,285 - INFO - Completed Safi Today: 2 articles
2025-12-08 00:54:10,285 - INFO - Total articles so far: 2
2025-12-08 00:54:11,286 - INFO - 
============================================================
2025-12-08 00:54:11,286 - INFO - Starting to scrape: Safi Goud
2025-12-08 00:54:11,286 - INFO - ============================================================
2025-12-08 00:54:11,286 - INFO - Extracting links from Safi Goud: https://safigoud.com
2025-12-08 00:54:13,942 - INFO - Found 2 links from Safi Goud
2025-12-08 00:54:14,443 - INFO - Scraping article: http://www.safigoud.com/?p=2939
2025-12-08 00:54:16,388 - INFO - Scraping article: http://www.safigoud.com/?p=2930
2025-12-08 00:54:17,413 - INFO - Completed Safi Goud: 2 articles
2025-12-08 00:54:17,413 - INFO - Total articles so far: 4
2025-12-08 00:54:18,414 - INFO - 
============================================================
2025-12-08 00:54:18,414 - INFO - Starting to scrape: Safi Now
2025-12-08 00:54:18,414 - INFO - ============================================================
2025-12-08 00:54:18,414 - INFO - Extracting links from Safi Now: https://safinow.com
2025-12-08 00:54:29,477 - ERROR - Error extracting links from Safi Now: HTTPSConnectionPool(host='safinow.com', port=443): Max retries exceeded with url: / (Caused by NameResolutionError("<urllib3.connection.HTTPSConnection object at 0x000001F9EFF0A9D0>: Failed to resolve 'safinow.com' ([Errno 11001] getaddrinfo failed)"))
2025-12-08 00:54:29,978 - INFO - Extracting links from Safi Now: https://safinow.com/news/
2025-12-08 00:54:30,206 - ERROR - Error extracting links from Safi Now: HTTPSConnectionPool(host='safinow.com', port=443): Max retries exceeded with url: /news/ (Caused by NameResolutionError("<urllib3.connection.HTTPSConnection object at 0x000001F9F012ACD0>: Failed to resolve 'safinow.com' ([Errno 11002] getaddrinfo failed)"))
2025-12-08 00:54:30,706 - INFO - Extracting links from Safi Now: https://safinow.com/articles/
2025-12-08 00:54:30,707 - ERROR - Error extracting links from Safi Now: HTTPSConnectionPool(host='safinow.com', port=443): Max retries exceeded with url: /articles/ (Caused by NameResolutionError("<urllib3.connection.HTTPSConnection object at 0x000001F9F012BF90>: Failed to resolve 'safinow.com' ([Errno 11002] getaddrinfo failed)"))
2025-12-08 00:54:31,209 - INFO - Extracting links from Safi Now: https://safinow.com/category/news/
2025-12-08 00:54:31,210 - ERROR - Error extracting links from Safi Now: HTTPSConnectionPool(host='safinow.com', port=443): Max retries exceeded with url: /category/news/ (Caused by NameResolutionError("<urllib3.connection.HTTPSConnection object at 0x000001F9F0138190>: Failed to resolve 'safinow.com' ([Errno 11002] getaddrinfo failed)"))
2025-12-08 00:54:31,711 - INFO - Extracting links from Safi Now: https://safinow.com/page/1/
2025-12-08 00:54:31,712 - ERROR - Error extracting links from Safi Now: HTTPSConnectionPool(host='safinow.com', port=443): Max retries exceeded with url: /page/1/ (Caused by NameResolutionError("<urllib3.connection.HTTPSConnection object at 0x000001F9F0139E90>: Failed to resolve 'safinow.com' ([Errno 11002] getaddrinfo failed)"))
2025-12-08 00:54:32,213 - INFO - Completed Safi Now: 0 articles
2025-12-08 00:54:32,213 - INFO - Total articles so far: 4
2025-12-08 00:54:33,214 - INFO - 
============================================================
2025-12-08 00:54:33,214 - INFO - Starting to scrape: Safi Press
2025-12-08 00:54:33,214 - INFO - ============================================================
2025-12-08 00:54:33,214 - INFO - Extracting links from Safi Press: https://safipress.ma
2025-12-08 00:54:39,565 - WARNING - Some characters could not be decoded, and were replaced with REPLACEMENT CHARACTER.
2025-12-08 00:54:39,566 - INFO - Found 0 links from Safi Press
2025-12-08 00:54:40,068 - INFO - Extracting links from Safi Press: https://safipress.ma/news/
2025-12-08 00:54:40,528 - ERROR - Error extracting links from Safi Press: 404 Client Error: Not Found for url: https://safipress.ma/news/
2025-12-08 00:54:41,029 - INFO - Extracting links from Safi Press: https://safipress.ma/articles/
2025-12-08 00:54:41,403 - ERROR - Error extracting links from Safi Press: 404 Client Error: Not Found for url: https://safipress.ma/articles/
2025-12-08 00:54:41,904 - INFO - Extracting links from Safi Press: https://safipress.ma/category/news/
2025-12-08 00:54:42,416 - WARNING - Some characters could not be decoded, and were replaced with REPLACEMENT CHARACTER.
2025-12-08 00:54:42,417 - INFO - Found 0 links from Safi Press
2025-12-08 00:54:42,918 - INFO - Extracting links from Safi Press: https://safipress.ma/page/1/
2025-12-08 00:54:43,784 - WARNING - Some characters could not be decoded, and were replaced with REPLACEMENT CHARACTER.
2025-12-08 00:54:43,785 - INFO - Found 0 links from Safi Press
2025-12-08 00:54:44,287 - INFO - Completed Safi Press: 0 articles
2025-12-08 00:54:44,287 - INFO - Total articles so far: 4
2025-12-08 00:54:45,288 - INFO - 
============================================================
2025-12-08 00:54:45,288 - INFO - Starting to scrape: Safi Times
2025-12-08 00:54:45,288 - INFO - ============================================================
2025-12-08 00:54:45,288 - INFO - Extracting links from Safi Times: https://safitimes.com
2025-12-08 00:54:48,965 - WARNING - Some characters could not be decoded, and were replaced with REPLACEMENT CHARACTER.
2025-12-08 00:54:48,967 - INFO - Found 0 links from Safi Times
2025-12-08 00:54:49,468 - INFO - Extracting links from Safi Times: https://safitimes.com/news/
2025-12-08 00:54:51,681 - ERROR - Error extracting links from Safi Times: 404 Client Error: Not Found for url: https://www.safitimes.com/news/
2025-12-08 00:54:52,182 - INFO - Extracting links from Safi Times: https://safitimes.com/articles/
2025-12-08 00:54:54,558 - ERROR - Error extracting links from Safi Times: 404 Client Error: Not Found for url: https://www.safitimes.com/articles/
2025-12-08 00:54:55,059 - INFO - Extracting links from Safi Times: https://safitimes.com/category/news/
2025-12-08 00:54:59,143 - ERROR - Error extracting links from Safi Times: 404 Client Error: Not Found for url: https://www.safitimes.com/category/news/
2025-12-08 00:54:59,643 - INFO - Extracting links from Safi Times: https://safitimes.com/page/1/
2025-12-08 00:55:02,051 - WARNING - Some characters could not be decoded, and were replaced with REPLACEMENT CHARACTER.
2025-12-08 00:55:02,053 - INFO - Found 0 links from Safi Times
2025-12-08 00:55:02,554 - INFO - Completed Safi Times: 0 articles
2025-12-08 00:55:02,554 - INFO - Total articles so far: 4
2025-12-08 00:55:03,555 - INFO - 
============================================================
2025-12-08 00:55:03,555 - INFO - Starting to scrape: Safi Sud
2025-12-08 00:55:03,555 - INFO - ============================================================
2025-12-08 00:55:03,555 - INFO - Extracting links from Safi Sud: https://safisud.com
2025-12-08 00:55:03,943 - INFO - Found 2 links from Safi Sud
2025-12-08 00:55:04,444 - INFO - Scraping article: https://safisud.com/2025/12/07/%d8%a7%d9%84%d8%af%d8%b1%d9%83-%d8%a7%d9%84%d9%85%d9%84%d9%83%d9%8a-%d8%a8%d9%85%d8%b1%d9%83%d8%b2-%d8%a8%d9%88%da%af%d8%af%d8%b1%d8%a9-%d9%8a%d8%af%d8%a7%d9%87%d9%85-%d8%a3%d8%ad%d8%af/
2025-12-08 00:55:06,146 - INFO - Scraping article: https://safisud.com/2025/12/07/%d8%a3%d9%88%d9%84-%d8%b8%d9%87%d9%88%d8%b1-%d8%b1%d8%b3%d9%85%d9%8a-%d9%84%d9%84%d9%83%d8%a7%d8%aa%d8%a8-%d8%a7%d9%84%d8%b9%d8%a7%d9%85-%d8%a7%d9%84%d8%ac%d8%af%d9%8a%d8%af-%d9%84%d8%b9%d9%85%d8%a7/
2025-12-08 00:55:07,675 - INFO - Completed Safi Sud: 2 articles
2025-12-08 00:55:07,675 - INFO - Total articles so far: 6
2025-12-08 00:55:08,676 - INFO - 
============================================================
2025-12-08 00:55:08,676 - INFO - Starting to scrape: Safi Media
2025-12-08 00:55:08,677 - INFO - ============================================================
2025-12-08 00:55:08,677 - INFO - Extracting links from Safi Media: https://safimedia.ma
2025-12-08 00:55:19,740 - ERROR - Error extracting links from Safi Media: HTTPSConnectionPool(host='safimedia.ma', port=443): Max retries exceeded with url: / (Caused by NameResolutionError("<urllib3.connection.HTTPSConnection object at 0x000001F9EFFA1C90>: Failed to resolve 'safimedia.ma' ([Errno 11001] getaddrinfo failed)"))
2025-12-08 00:55:20,241 - INFO - Extracting links from Safi Media: https://safimedia.ma/news/
2025-12-08 00:55:20,333 - ERROR - Error extracting links from Safi Media: HTTPSConnectionPool(host='safimedia.ma', port=443): Max retries exceeded with url: /news/ (Caused by NameResolutionError("<urllib3.connection.HTTPSConnection object at 0x000001F9EFFA1C50>: Failed to resolve 'safimedia.ma' ([Errno 11001] getaddrinfo failed)"))
2025-12-08 00:55:20,835 - INFO - Extracting links from Safi Media: https://safimedia.ma/articles/
2025-12-08 00:55:20,836 - ERROR - Error extracting links from Safi Media: HTTPSConnectionPool(host='safimedia.ma', port=443): Max retries exceeded with url: /articles/ (Caused by NameResolutionError("<urllib3.connection.HTTPSConnection object at 0x000001F9F0034050>: Failed to resolve 'safimedia.ma' ([Errno 11001] getaddrinfo failed)"))
2025-12-08 00:55:21,337 - INFO - Extracting links from Safi Media: https://safimedia.ma/category/news/
2025-12-08 00:55:21,337 - ERROR - Error extracting links from Safi Media: HTTPSConnectionPool(host='safimedia.ma', port=443): Max retries exceeded with url: /category/news/ (Caused by NameResolutionError("<urllib3.connection.HTTPSConnection object at 0x000001F9F00370D0>: Failed to resolve 'safimedia.ma' ([Errno 11001] getaddrinfo failed)"))
2025-12-08 00:55:21,839 - INFO - Extracting links from Safi Media: https://safimedia.ma/page/1/
2025-12-08 00:55:21,840 - ERROR - Error extracting links from Safi Media: HTTPSConnectionPool(host='safimedia.ma', port=443): Max retries exceeded with url: /page/1/ (Caused by NameResolutionError("<urllib3.connection.HTTPSConnection object at 0x000001F9F0036210>: Failed to resolve 'safimedia.ma' ([Errno 11001] getaddrinfo failed)"))
2025-12-08 00:55:22,341 - INFO - Completed Safi Media: 0 articles
2025-12-08 00:55:22,342 - INFO - Total articles so far: 6
2025-12-08 00:55:23,342 - INFO - 
============================================================
2025-12-08 00:55:23,343 - INFO - Starting to scrape: Safi TV
2025-12-08 00:55:23,343 - INFO - ============================================================
2025-12-08 00:55:23,343 - INFO - Extracting links from Safi TV: https://safitv.ma
2025-12-08 00:55:23,450 - ERROR - Error extracting links from Safi TV: HTTPSConnectionPool(host='safitv.ma', port=443): Max retries exceeded with url: / (Caused by NameResolutionError("<urllib3.connection.HTTPSConnection object at 0x000001F9EE999410>: Failed to resolve 'safitv.ma' ([Errno 11001] getaddrinfo failed)"))
2025-12-08 00:55:23,951 - INFO - Extracting links from Safi TV: https://safitv.ma/news/
2025-12-08 00:55:23,953 - ERROR - Error extracting links from Safi TV: HTTPSConnectionPool(host='safitv.ma', port=443): Max retries exceeded with url: /news/ (Caused by NameResolutionError("<urllib3.connection.HTTPSConnection object at 0x000001F9EFF90150>: Failed to resolve 'safitv.ma' ([Errno 11001] getaddrinfo failed)"))
2025-12-08 00:55:24,453 - INFO - Extracting links from Safi TV: https://safitv.ma/articles/
2025-12-08 00:55:24,454 - ERROR - Error extracting links from Safi TV: HTTPSConnectionPool(host='safitv.ma', port=443): Max retries exceeded with url: /articles/ (Caused by NameResolutionError("<urllib3.connection.HTTPSConnection object at 0x000001F9F0036E10>: Failed to resolve 'safitv.ma' ([Errno 11001] getaddrinfo failed)"))
2025-12-08 00:55:24,955 - INFO - Extracting links from Safi TV: https://safitv.ma/category/news/
2025-12-08 00:55:24,957 - ERROR - Error extracting links from Safi TV: HTTPSConnectionPool(host='safitv.ma', port=443): Max retries exceeded with url: /category/news/ (Caused by NameResolutionError("<urllib3.connection.HTTPSConnection object at 0x000001F9F0034850>: Failed to resolve 'safitv.ma' ([Errno 11001] getaddrinfo failed)"))
2025-12-08 00:55:25,457 - INFO - Extracting links from Safi TV: https://safitv.ma/page/1/
2025-12-08 00:55:25,458 - ERROR - Error extracting links from Safi TV: HTTPSConnectionPool(host='safitv.ma', port=443): Max retries exceeded with url: /page/1/ (Caused by NameResolutionError("<urllib3.connection.HTTPSConnection object at 0x000001F9F0034050>: Failed to resolve 'safitv.ma' ([Errno 11001] getaddrinfo failed)"))
2025-12-08 00:55:25,960 - INFO - Completed Safi TV: 0 articles
2025-12-08 00:55:25,960 - INFO - Total articles so far: 6
2025-12-08 00:55:26,961 - INFO - 
============================================================
2025-12-08 00:55:26,961 - INFO - Starting to scrape: Assif
2025-12-08 00:55:26,961 - INFO - ============================================================
2025-12-08 00:55:26,961 - INFO - Extracting links from Assif: https://assif.ma
2025-12-08 00:55:27,870 - WARNING - Some characters could not be decoded, and were replaced with REPLACEMENT CHARACTER.
2025-12-08 00:55:27,872 - INFO - Found 0 links from Assif
2025-12-08 00:55:28,373 - INFO - Extracting links from Assif: https://assif.ma/news/
2025-12-08 00:55:28,603 - ERROR - Error extracting links from Assif: 404 Client Error: Not Found for url: https://assif.ma/news/
2025-12-08 00:55:29,105 - INFO - Extracting links from Assif: https://assif.ma/articles/
2025-12-08 00:55:29,334 - ERROR - Error extracting links from Assif: 404 Client Error: Not Found for url: https://assif.ma/articles/
2025-12-08 00:55:29,835 - INFO - Extracting links from Assif: https://assif.ma/category/news/
2025-12-08 00:55:30,069 - ERROR - Error extracting links from Assif: 404 Client Error: Not Found for url: https://assif.ma/category/news/
2025-12-08 00:55:30,569 - INFO - Extracting links from Assif: https://assif.ma/page/1/
2025-12-08 00:55:31,083 - WARNING - Some characters could not be decoded, and were replaced with REPLACEMENT CHARACTER.
2025-12-08 00:55:31,085 - INFO - Found 0 links from Assif
2025-12-08 00:55:31,586 - INFO - Completed Assif: 0 articles
2025-12-08 00:55:31,586 - INFO - Total articles so far: 6
2025-12-08 00:55:32,587 - INFO - 
============================================================
2025-12-08 00:55:32,587 - INFO - Starting to scrape: Sport Régional
2025-12-08 00:55:32,587 - INFO - ============================================================
2025-12-08 00:55:32,588 - INFO - Extracting links from Sport Régional: https://sportregional.net
2025-12-08 00:55:33,888 - INFO - Found 0 links from Sport Régional
2025-12-08 00:55:34,390 - INFO - Extracting links from Sport Régional: https://sportregional.net/news/
2025-12-08 00:55:34,962 - ERROR - Error extracting links from Sport Régional: 404 Client Error: Not Found for url: https://www.sportregional.net/news/
2025-12-08 00:55:35,463 - INFO - Extracting links from Sport Régional: https://sportregional.net/articles/
2025-12-08 00:55:36,027 - ERROR - Error extracting links from Sport Régional: 404 Client Error: Not Found for url: https://www.sportregional.net/articles/
2025-12-08 00:55:36,528 - INFO - Extracting links from Sport Régional: https://sportregional.net/category/news/
2025-12-08 00:55:36,986 - ERROR - Error extracting links from Sport Régional: 404 Client Error: Not Found for url: https://www.sportregional.net/category/news/
2025-12-08 00:55:37,487 - INFO - Extracting links from Sport Régional: https://sportregional.net/page/1/
2025-12-08 00:55:37,905 - ERROR - Error extracting links from Sport Régional: 404 Client Error: Not Found for url: https://www.sportregional.net/page/1/
2025-12-08 00:55:38,407 - INFO - Completed Sport Régional: 0 articles
2025-12-08 00:55:38,407 - INFO - Total articles so far: 6
2025-12-08 00:56:00,326 - INFO - Scraping article: https://www.safitoday.com/2025/11/23/%d8%a2%d8%b3%d9%81%d9%8a-%d8%a5%d8%b7%d9%84%d8%a7%d9%82-36-%d9%85%d9%84%d8%b9%d8%a8-%d8%ac%d8%af%d9%8a%d8%af-%d8%a8%d8%a3%d8%b3%d9%81%d9%8a-%d9%88%d8%aa%d8%a3%d9%87%d9%8a%d9%84-%d8%a7%d9%84%d9%82/
2025-12-08 00:56:01,771 - INFO - Scraping article: https://www.safitoday.com/2025/12/05/%d9%81%d8%b7%d8%a7%d8%ad-%d9%8a%d8%b1%d8%b3%d9%85-%d9%85%d9%84%d8%a7%d9%85%d8%ad-%d9%85%d8%b1%d8%ad%d9%84%d8%a9-%d8%ac%d8%af%d9%8a%d8%af%d8%a9-%d8%a8%d8%a7%d9%84%d8%a5%d8%af%d8%a7%d8%b1%d8%a9-%d8%a7/
2025-12-08 00:56:05,117 - INFO - HTTP Request: GET https://api.cerebras.ai/v1/tcp_warming "HTTP/1.1 200 OK"
2025-12-08 00:56:05,628 - INFO - HTTP Request: POST https://api.cerebras.ai/v1/chat/completions "HTTP/1.1 200 OK"
2025-12-08 00:56:05,682 - ERROR - Failed to ingest article https://www.safitoday.com/2025/11/23/%d8%a2%d8%b3%d9%81%d9%8a-%d8%a5%d8%b7%d9%84%d8%a7%d9%82-36-%d9%85%d9%84%d8%b9%d8%a8-%d8%ac%d8%af%d9%8a%d8%af-%d8%a8%d8%a3%d8%b3%d9%81%d9%8a-%d9%88%d8%aa%d8%a3%d9%87%d9%8a%d9%84-%d8%a7%d9%84%d9%82/
Traceback (most recent call last):
  File "C:\Users\Msi\AppData\Local\Programs\Python\Python311\Lib\site-packages\django\db\models\query.py", line 948, in get_or_create
    return self.get(**kwargs), False
           ^^^^^^^^^^^^^^^^^^
  File "C:\Users\Msi\AppData\Local\Programs\Python\Python311\Lib\site-packages\django\db\models\query.py", line 635, in get
    raise self.model.DoesNotExist(
monitoring.models.Mention.DoesNotExist: Mention matching query does not exist.

During handling of the above exception, another exception occurred:

Traceback (most recent call last):
  File "C:\Users\Msi\Desktop\Abdou_all_codes\media_monitoring\monitoring\services\ingestion.py", line 171, in ingest_latest_articles
    mention, created = Mention.objects.get_or_create(original_url=url, defaults=defaults)
                       ^^^^^^^^^^^^^^^^^^^^^^^^^^^^^^^^^^^^^^^^^^^^^^^^^^^^^^^^^^^^^^^^^^
  File "C:\Users\Msi\AppData\Local\Programs\Python\Python311\Lib\site-packages\django\db\models\manager.py", line 87, in manager_method
    return getattr(self.get_queryset(), name)(*args, **kwargs)
           ^^^^^^^^^^^^^^^^^^^^^^^^^^^^^^^^^^^^^^^^^^^^^^^^^^^
  File "C:\Users\Msi\AppData\Local\Programs\Python\Python311\Lib\site-packages\django\db\models\query.py", line 955, in get_or_create
    return self.create(**params), True
           ^^^^^^^^^^^^^^^^^^^^^
  File "C:\Users\Msi\AppData\Local\Programs\Python\Python311\Lib\site-packages\django\db\models\query.py", line 665, in create
    obj.save(force_insert=True, using=self.db)
  File "C:\Users\Msi\AppData\Local\Programs\Python\Python311\Lib\site-packages\django\db\models\base.py", line 902, in save
    self.save_base(
  File "C:\Users\Msi\AppData\Local\Programs\Python\Python311\Lib\site-packages\django\db\models\base.py", line 1008, in save_base
    updated = self._save_table(
              ^^^^^^^^^^^^^^^^^
  File "C:\Users\Msi\AppData\Local\Programs\Python\Python311\Lib\site-packages\django\db\models\base.py", line 1169, in _save_table
    results = self._do_insert(
              ^^^^^^^^^^^^^^^^
  File "C:\Users\Msi\AppData\Local\Programs\Python\Python311\Lib\site-packages\django\db\models\base.py", line 1210, in _do_insert
    return manager._insert(
           ^^^^^^^^^^^^^^^^
  File "C:\Users\Msi\AppData\Local\Programs\Python\Python311\Lib\site-packages\django\db\models\manager.py", line 87, in manager_method
    return getattr(self.get_queryset(), name)(*args, **kwargs)
           ^^^^^^^^^^^^^^^^^^^^^^^^^^^^^^^^^^^^^^^^^^^^^^^^^^^
  File "C:\Users\Msi\AppData\Local\Programs\Python\Python311\Lib\site-packages\django\db\models\query.py", line 1873, in _insert
    return query.get_compiler(using=using).execute_sql(returning_fields)
           ^^^^^^^^^^^^^^^^^^^^^^^^^^^^^^^^^^^^^^^^^^^^^^^^^^^^^^^^^^^^^
  File "C:\Users\Msi\AppData\Local\Programs\Python\Python311\Lib\site-packages\django\db\models\sql\compiler.py", line 1881, in execute_sql
    for sql, params in self.as_sql():
                       ^^^^^^^^^^^^^
  File "C:\Users\Msi\AppData\Local\Programs\Python\Python311\Lib\site-packages\django\db\models\sql\compiler.py", line 1804, in as_sql
    value_rows = [
                 ^
  File "C:\Users\Msi\AppData\Local\Programs\Python\Python311\Lib\site-packages\django\db\models\sql\compiler.py", line 1805, in <listcomp>
    [
  File "C:\Users\Msi\AppData\Local\Programs\Python\Python311\Lib\site-packages\django\db\models\sql\compiler.py", line 1806, in <listcomp>
    self.prepare_value(field, self.pre_save_val(field, obj))
  File "C:\Users\Msi\AppData\Local\Programs\Python\Python311\Lib\site-packages\django\db\models\sql\compiler.py", line 1741, in prepare_value
    return field.get_db_prep_save(value, connection=self.connection)
           ^^^^^^^^^^^^^^^^^^^^^^^^^^^^^^^^^^^^^^^^^^^^^^^^^^^^^^^^^
  File "C:\Users\Msi\AppData\Local\Programs\Python\Python311\Lib\site-packages\django\db\models\fields\json.py", line 118, in get_db_prep_save
    return super().get_db_prep_save(value, connection)
           ^^^^^^^^^^^^^^^^^^^^^^^^^^^^^^^^^^^^^^^^^^^
  File "C:\Users\Msi\AppData\Local\Programs\Python\Python311\Lib\site-packages\django\db\models\fields\__init__.py", line 1012, in get_db_prep_save
    return self.get_db_prep_value(value, connection=connection, prepared=False)
           ^^^^^^^^^^^^^^^^^^^^^^^^^^^^^^^^^^^^^^^^^^^^^^^^^^^^^^^^^^^^^^^^^^^^
  File "C:\Users\Msi\AppData\Local\Programs\Python\Python311\Lib\site-packages\django\db\models\fields\json.py", line 102, in get_db_prep_value
    return connection.ops.adapt_json_value(value, self.encoder)
           ^^^^^^^^^^^^^^^^^^^^^^^^^^^^^^^^^^^^^^^^^^^^^^^^^^^^
  File "C:\Users\Msi\AppData\Local\Programs\Python\Python311\Lib\site-packages\django\db\backends\base\operations.py", line 598, in adapt_json_value
    return json.dumps(value, cls=encoder)
           ^^^^^^^^^^^^^^^^^^^^^^^^^^^^^^
  File "C:\Users\Msi\AppData\Local\Programs\Python\Python311\Lib\json\__init__.py", line 231, in dumps
    return _default_encoder.encode(obj)
           ^^^^^^^^^^^^^^^^^^^^^^^^^^^^
  File "C:\Users\Msi\AppData\Local\Programs\Python\Python311\Lib\json\encoder.py", line 200, in encode
    chunks = self.iterencode(o, _one_shot=True)
             ^^^^^^^^^^^^^^^^^^^^^^^^^^^^^^^^^^
  File "C:\Users\Msi\AppData\Local\Programs\Python\Python311\Lib\json\encoder.py", line 258, in iterencode
    return _iterencode(o, 0)
           ^^^^^^^^^^^^^^^^^
  File "C:\Users\Msi\AppData\Local\Programs\Python\Python311\Lib\json\encoder.py", line 180, in default
    raise TypeError(f'Object of type {o.__class__.__name__} '
TypeError: Object of type datetime is not JSON serializable
2025-12-08 00:56:06,377 - INFO - HTTP Request: POST https://api.cerebras.ai/v1/chat/completions "HTTP/1.1 200 OK"
2025-12-08 00:56:06,381 - ERROR - Failed to ingest article https://www.safitoday.com/2025/12/05/%d9%81%d8%b7%d8%a7%d8%ad-%d9%8a%d8%b1%d8%b3%d9%85-%d9%85%d9%84%d8%a7%d9%85%d8%ad-%d9%85%d8%b1%d8%ad%d9%84%d8%a9-%d8%ac%d8%af%d9%8a%d8%af%d8%a9-%d8%a8%d8%a7%d9%84%d8%a5%d8%af%d8%a7%d8%b1%d8%a9-%d8%a7/
Traceback (most recent call last):
  File "C:\Users\Msi\AppData\Local\Programs\Python\Python311\Lib\site-packages\django\db\models\query.py", line 948, in get_or_create
    return self.get(**kwargs), False
           ^^^^^^^^^^^^^^^^^^
  File "C:\Users\Msi\AppData\Local\Programs\Python\Python311\Lib\site-packages\django\db\models\query.py", line 635, in get
    raise self.model.DoesNotExist(
monitoring.models.Mention.DoesNotExist: Mention matching query does not exist.

During handling of the above exception, another exception occurred:

Traceback (most recent call last):
  File "C:\Users\Msi\Desktop\Abdou_all_codes\media_monitoring\monitoring\services\ingestion.py", line 171, in ingest_latest_articles
    mention, created = Mention.objects.get_or_create(original_url=url, defaults=defaults)
                       ^^^^^^^^^^^^^^^^^^^^^^^^^^^^^^^^^^^^^^^^^^^^^^^^^^^^^^^^^^^^^^^^^^
  File "C:\Users\Msi\AppData\Local\Programs\Python\Python311\Lib\site-packages\django\db\models\manager.py", line 87, in manager_method
    return getattr(self.get_queryset(), name)(*args, **kwargs)
           ^^^^^^^^^^^^^^^^^^^^^^^^^^^^^^^^^^^^^^^^^^^^^^^^^^^
  File "C:\Users\Msi\AppData\Local\Programs\Python\Python311\Lib\site-packages\django\db\models\query.py", line 955, in get_or_create
    return self.create(**params), True
           ^^^^^^^^^^^^^^^^^^^^^
  File "C:\Users\Msi\AppData\Local\Programs\Python\Python311\Lib\site-packages\django\db\models\query.py", line 665, in create
    obj.save(force_insert=True, using=self.db)
  File "C:\Users\Msi\AppData\Local\Programs\Python\Python311\Lib\site-packages\django\db\models\base.py", line 902, in save
    self.save_base(
  File "C:\Users\Msi\AppData\Local\Programs\Python\Python311\Lib\site-packages\django\db\models\base.py", line 1008, in save_base
    updated = self._save_table(
              ^^^^^^^^^^^^^^^^^
  File "C:\Users\Msi\AppData\Local\Programs\Python\Python311\Lib\site-packages\django\db\models\base.py", line 1169, in _save_table
    results = self._do_insert(
              ^^^^^^^^^^^^^^^^
  File "C:\Users\Msi\AppData\Local\Programs\Python\Python311\Lib\site-packages\django\db\models\base.py", line 1210, in _do_insert
    return manager._insert(
           ^^^^^^^^^^^^^^^^
  File "C:\Users\Msi\AppData\Local\Programs\Python\Python311\Lib\site-packages\django\db\models\manager.py", line 87, in manager_method
    return getattr(self.get_queryset(), name)(*args, **kwargs)
           ^^^^^^^^^^^^^^^^^^^^^^^^^^^^^^^^^^^^^^^^^^^^^^^^^^^
  File "C:\Users\Msi\AppData\Local\Programs\Python\Python311\Lib\site-packages\django\db\models\query.py", line 1873, in _insert
    return query.get_compiler(using=using).execute_sql(returning_fields)
           ^^^^^^^^^^^^^^^^^^^^^^^^^^^^^^^^^^^^^^^^^^^^^^^^^^^^^^^^^^^^^
  File "C:\Users\Msi\AppData\Local\Programs\Python\Python311\Lib\site-packages\django\db\models\sql\compiler.py", line 1881, in execute_sql
    for sql, params in self.as_sql():
                       ^^^^^^^^^^^^^
  File "C:\Users\Msi\AppData\Local\Programs\Python\Python311\Lib\site-packages\django\db\models\sql\compiler.py", line 1804, in as_sql
    value_rows = [
                 ^
  File "C:\Users\Msi\AppData\Local\Programs\Python\Python311\Lib\site-packages\django\db\models\sql\compiler.py", line 1805, in <listcomp>
    [
  File "C:\Users\Msi\AppData\Local\Programs\Python\Python311\Lib\site-packages\django\db\models\sql\compiler.py", line 1806, in <listcomp>
    self.prepare_value(field, self.pre_save_val(field, obj))
  File "C:\Users\Msi\AppData\Local\Programs\Python\Python311\Lib\site-packages\django\db\models\sql\compiler.py", line 1741, in prepare_value
    return field.get_db_prep_save(value, connection=self.connection)
           ^^^^^^^^^^^^^^^^^^^^^^^^^^^^^^^^^^^^^^^^^^^^^^^^^^^^^^^^^
  File "C:\Users\Msi\AppData\Local\Programs\Python\Python311\Lib\site-packages\django\db\models\fields\json.py", line 118, in get_db_prep_save
    return super().get_db_prep_save(value, connection)
           ^^^^^^^^^^^^^^^^^^^^^^^^^^^^^^^^^^^^^^^^^^^
  File "C:\Users\Msi\AppData\Local\Programs\Python\Python311\Lib\site-packages\django\db\models\fields\__init__.py", line 1012, in get_db_prep_save
    return self.get_db_prep_value(value, connection=connection, prepared=False)
           ^^^^^^^^^^^^^^^^^^^^^^^^^^^^^^^^^^^^^^^^^^^^^^^^^^^^^^^^^^^^^^^^^^^^
  File "C:\Users\Msi\AppData\Local\Programs\Python\Python311\Lib\site-packages\django\db\models\fields\json.py", line 102, in get_db_prep_value
    return connection.ops.adapt_json_value(value, self.encoder)
           ^^^^^^^^^^^^^^^^^^^^^^^^^^^^^^^^^^^^^^^^^^^^^^^^^^^^
  File "C:\Users\Msi\AppData\Local\Programs\Python\Python311\Lib\site-packages\django\db\backends\base\operations.py", line 598, in adapt_json_value
    return json.dumps(value, cls=encoder)
           ^^^^^^^^^^^^^^^^^^^^^^^^^^^^^^
  File "C:\Users\Msi\AppData\Local\Programs\Python\Python311\Lib\json\__init__.py", line 231, in dumps
    return _default_encoder.encode(obj)
           ^^^^^^^^^^^^^^^^^^^^^^^^^^^^
  File "C:\Users\Msi\AppData\Local\Programs\Python\Python311\Lib\json\encoder.py", line 200, in encode
    chunks = self.iterencode(o, _one_shot=True)
             ^^^^^^^^^^^^^^^^^^^^^^^^^^^^^^^^^^
  File "C:\Users\Msi\AppData\Local\Programs\Python\Python311\Lib\json\encoder.py", line 258, in iterencode
    return _iterencode(o, 0)
           ^^^^^^^^^^^^^^^^^
  File "C:\Users\Msi\AppData\Local\Programs\Python\Python311\Lib\json\encoder.py", line 180, in default
    raise TypeError(f'Object of type {o.__class__.__name__} '
TypeError: Object of type datetime is not JSON serializable
2025-12-08 00:56:07,535 - INFO - HTTP Request: POST https://api.cerebras.ai/v1/chat/completions "HTTP/1.1 200 OK"
2025-12-08 00:56:07,547 - ERROR - Failed to ingest article http://www.safigoud.com/?p=2939
Traceback (most recent call last):
  File "C:\Users\Msi\AppData\Local\Programs\Python\Python311\Lib\site-packages\django\db\models\query.py", line 948, in get_or_create
    return self.get(**kwargs), False
           ^^^^^^^^^^^^^^^^^^
  File "C:\Users\Msi\AppData\Local\Programs\Python\Python311\Lib\site-packages\django\db\models\query.py", line 635, in get
    raise self.model.DoesNotExist(
monitoring.models.Mention.DoesNotExist: Mention matching query does not exist.

During handling of the above exception, another exception occurred:

Traceback (most recent call last):
  File "C:\Users\Msi\Desktop\Abdou_all_codes\media_monitoring\monitoring\services\ingestion.py", line 171, in ingest_latest_articles
    mention, created = Mention.objects.get_or_create(original_url=url, defaults=defaults)
                       ^^^^^^^^^^^^^^^^^^^^^^^^^^^^^^^^^^^^^^^^^^^^^^^^^^^^^^^^^^^^^^^^^^
  File "C:\Users\Msi\AppData\Local\Programs\Python\Python311\Lib\site-packages\django\db\models\manager.py", line 87, in manager_method
    return getattr(self.get_queryset(), name)(*args, **kwargs)
           ^^^^^^^^^^^^^^^^^^^^^^^^^^^^^^^^^^^^^^^^^^^^^^^^^^^
  File "C:\Users\Msi\AppData\Local\Programs\Python\Python311\Lib\site-packages\django\db\models\query.py", line 955, in get_or_create
    return self.create(**params), True
           ^^^^^^^^^^^^^^^^^^^^^
  File "C:\Users\Msi\AppData\Local\Programs\Python\Python311\Lib\site-packages\django\db\models\query.py", line 665, in create
    obj.save(force_insert=True, using=self.db)
  File "C:\Users\Msi\AppData\Local\Programs\Python\Python311\Lib\site-packages\django\db\models\base.py", line 902, in save
    self.save_base(
  File "C:\Users\Msi\AppData\Local\Programs\Python\Python311\Lib\site-packages\django\db\models\base.py", line 1008, in save_base
    updated = self._save_table(
              ^^^^^^^^^^^^^^^^^
  File "C:\Users\Msi\AppData\Local\Programs\Python\Python311\Lib\site-packages\django\db\models\base.py", line 1169, in _save_table
    results = self._do_insert(
              ^^^^^^^^^^^^^^^^
  File "C:\Users\Msi\AppData\Local\Programs\Python\Python311\Lib\site-packages\django\db\models\base.py", line 1210, in _do_insert
    return manager._insert(
           ^^^^^^^^^^^^^^^^
  File "C:\Users\Msi\AppData\Local\Programs\Python\Python311\Lib\site-packages\django\db\models\manager.py", line 87, in manager_method
    return getattr(self.get_queryset(), name)(*args, **kwargs)
           ^^^^^^^^^^^^^^^^^^^^^^^^^^^^^^^^^^^^^^^^^^^^^^^^^^^
  File "C:\Users\Msi\AppData\Local\Programs\Python\Python311\Lib\site-packages\django\db\models\query.py", line 1873, in _insert
    return query.get_compiler(using=using).execute_sql(returning_fields)
           ^^^^^^^^^^^^^^^^^^^^^^^^^^^^^^^^^^^^^^^^^^^^^^^^^^^^^^^^^^^^^
  File "C:\Users\Msi\AppData\Local\Programs\Python\Python311\Lib\site-packages\django\db\models\sql\compiler.py", line 1881, in execute_sql
    for sql, params in self.as_sql():
                       ^^^^^^^^^^^^^
  File "C:\Users\Msi\AppData\Local\Programs\Python\Python311\Lib\site-packages\django\db\models\sql\compiler.py", line 1804, in as_sql
    value_rows = [
                 ^
  File "C:\Users\Msi\AppData\Local\Programs\Python\Python311\Lib\site-packages\django\db\models\sql\compiler.py", line 1805, in <listcomp>
    [
  File "C:\Users\Msi\AppData\Local\Programs\Python\Python311\Lib\site-packages\django\db\models\sql\compiler.py", line 1806, in <listcomp>
    self.prepare_value(field, self.pre_save_val(field, obj))
  File "C:\Users\Msi\AppData\Local\Programs\Python\Python311\Lib\site-packages\django\db\models\sql\compiler.py", line 1741, in prepare_value
    return field.get_db_prep_save(value, connection=self.connection)
           ^^^^^^^^^^^^^^^^^^^^^^^^^^^^^^^^^^^^^^^^^^^^^^^^^^^^^^^^^
  File "C:\Users\Msi\AppData\Local\Programs\Python\Python311\Lib\site-packages\django\db\models\fields\json.py", line 118, in get_db_prep_save
    return super().get_db_prep_save(value, connection)
           ^^^^^^^^^^^^^^^^^^^^^^^^^^^^^^^^^^^^^^^^^^^
  File "C:\Users\Msi\AppData\Local\Programs\Python\Python311\Lib\site-packages\django\db\models\fields\__init__.py", line 1012, in get_db_prep_save
    return self.get_db_prep_value(value, connection=connection, prepared=False)
           ^^^^^^^^^^^^^^^^^^^^^^^^^^^^^^^^^^^^^^^^^^^^^^^^^^^^^^^^^^^^^^^^^^^^
  File "C:\Users\Msi\AppData\Local\Programs\Python\Python311\Lib\site-packages\django\db\models\fields\json.py", line 102, in get_db_prep_value
    return connection.ops.adapt_json_value(value, self.encoder)
           ^^^^^^^^^^^^^^^^^^^^^^^^^^^^^^^^^^^^^^^^^^^^^^^^^^^^
  File "C:\Users\Msi\AppData\Local\Programs\Python\Python311\Lib\site-packages\django\db\backends\base\operations.py", line 598, in adapt_json_value
    return json.dumps(value, cls=encoder)
           ^^^^^^^^^^^^^^^^^^^^^^^^^^^^^^
  File "C:\Users\Msi\AppData\Local\Programs\Python\Python311\Lib\json\__init__.py", line 231, in dumps
    return _default_encoder.encode(obj)
           ^^^^^^^^^^^^^^^^^^^^^^^^^^^^
  File "C:\Users\Msi\AppData\Local\Programs\Python\Python311\Lib\json\encoder.py", line 200, in encode
    chunks = self.iterencode(o, _one_shot=True)
             ^^^^^^^^^^^^^^^^^^^^^^^^^^^^^^^^^^
  File "C:\Users\Msi\AppData\Local\Programs\Python\Python311\Lib\json\encoder.py", line 258, in iterencode
    return _iterencode(o, 0)
           ^^^^^^^^^^^^^^^^^
  File "C:\Users\Msi\AppData\Local\Programs\Python\Python311\Lib\json\encoder.py", line 180, in default
    raise TypeError(f'Object of type {o.__class__.__name__} '
TypeError: Object of type datetime is not JSON serializable
2025-12-08 00:56:08,412 - INFO - HTTP Request: POST https://api.cerebras.ai/v1/chat/completions "HTTP/1.1 200 OK"
2025-12-08 00:56:08,415 - ERROR - Failed to ingest article http://www.safigoud.com/?p=2930
Traceback (most recent call last):
  File "C:\Users\Msi\AppData\Local\Programs\Python\Python311\Lib\site-packages\django\db\models\query.py", line 948, in get_or_create
    return self.get(**kwargs), False
           ^^^^^^^^^^^^^^^^^^
  File "C:\Users\Msi\AppData\Local\Programs\Python\Python311\Lib\site-packages\django\db\models\query.py", line 635, in get
    raise self.model.DoesNotExist(
monitoring.models.Mention.DoesNotExist: Mention matching query does not exist.

During handling of the above exception, another exception occurred:

Traceback (most recent call last):
  File "C:\Users\Msi\Desktop\Abdou_all_codes\media_monitoring\monitoring\services\ingestion.py", line 171, in ingest_latest_articles
    mention, created = Mention.objects.get_or_create(original_url=url, defaults=defaults)
                       ^^^^^^^^^^^^^^^^^^^^^^^^^^^^^^^^^^^^^^^^^^^^^^^^^^^^^^^^^^^^^^^^^^
  File "C:\Users\Msi\AppData\Local\Programs\Python\Python311\Lib\site-packages\django\db\models\manager.py", line 87, in manager_method
    return getattr(self.get_queryset(), name)(*args, **kwargs)
           ^^^^^^^^^^^^^^^^^^^^^^^^^^^^^^^^^^^^^^^^^^^^^^^^^^^
  File "C:\Users\Msi\AppData\Local\Programs\Python\Python311\Lib\site-packages\django\db\models\query.py", line 955, in get_or_create
    return self.create(**params), True
           ^^^^^^^^^^^^^^^^^^^^^
  File "C:\Users\Msi\AppData\Local\Programs\Python\Python311\Lib\site-packages\django\db\models\query.py", line 665, in create
    obj.save(force_insert=True, using=self.db)
  File "C:\Users\Msi\AppData\Local\Programs\Python\Python311\Lib\site-packages\django\db\models\base.py", line 902, in save
    self.save_base(
  File "C:\Users\Msi\AppData\Local\Programs\Python\Python311\Lib\site-packages\django\db\models\base.py", line 1008, in save_base
    updated = self._save_table(
              ^^^^^^^^^^^^^^^^^
  File "C:\Users\Msi\AppData\Local\Programs\Python\Python311\Lib\site-packages\django\db\models\base.py", line 1169, in _save_table
    results = self._do_insert(
              ^^^^^^^^^^^^^^^^
  File "C:\Users\Msi\AppData\Local\Programs\Python\Python311\Lib\site-packages\django\db\models\base.py", line 1210, in _do_insert
    return manager._insert(
           ^^^^^^^^^^^^^^^^
  File "C:\Users\Msi\AppData\Local\Programs\Python\Python311\Lib\site-packages\django\db\models\manager.py", line 87, in manager_method
    return getattr(self.get_queryset(), name)(*args, **kwargs)
           ^^^^^^^^^^^^^^^^^^^^^^^^^^^^^^^^^^^^^^^^^^^^^^^^^^^
  File "C:\Users\Msi\AppData\Local\Programs\Python\Python311\Lib\site-packages\django\db\models\query.py", line 1873, in _insert
    return query.get_compiler(using=using).execute_sql(returning_fields)
           ^^^^^^^^^^^^^^^^^^^^^^^^^^^^^^^^^^^^^^^^^^^^^^^^^^^^^^^^^^^^^
  File "C:\Users\Msi\AppData\Local\Programs\Python\Python311\Lib\site-packages\django\db\models\sql\compiler.py", line 1881, in execute_sql
    for sql, params in self.as_sql():
                       ^^^^^^^^^^^^^
  File "C:\Users\Msi\AppData\Local\Programs\Python\Python311\Lib\site-packages\django\db\models\sql\compiler.py", line 1804, in as_sql
    value_rows = [
                 ^
  File "C:\Users\Msi\AppData\Local\Programs\Python\Python311\Lib\site-packages\django\db\models\sql\compiler.py", line 1805, in <listcomp>
    [
  File "C:\Users\Msi\AppData\Local\Programs\Python\Python311\Lib\site-packages\django\db\models\sql\compiler.py", line 1806, in <listcomp>
    self.prepare_value(field, self.pre_save_val(field, obj))
  File "C:\Users\Msi\AppData\Local\Programs\Python\Python311\Lib\site-packages\django\db\models\sql\compiler.py", line 1741, in prepare_value
    return field.get_db_prep_save(value, connection=self.connection)
           ^^^^^^^^^^^^^^^^^^^^^^^^^^^^^^^^^^^^^^^^^^^^^^^^^^^^^^^^^
  File "C:\Users\Msi\AppData\Local\Programs\Python\Python311\Lib\site-packages\django\db\models\fields\json.py", line 118, in get_db_prep_save
    return super().get_db_prep_save(value, connection)
           ^^^^^^^^^^^^^^^^^^^^^^^^^^^^^^^^^^^^^^^^^^^
  File "C:\Users\Msi\AppData\Local\Programs\Python\Python311\Lib\site-packages\django\db\models\fields\__init__.py", line 1012, in get_db_prep_save
    return self.get_db_prep_value(value, connection=connection, prepared=False)
           ^^^^^^^^^^^^^^^^^^^^^^^^^^^^^^^^^^^^^^^^^^^^^^^^^^^^^^^^^^^^^^^^^^^^
  File "C:\Users\Msi\AppData\Local\Programs\Python\Python311\Lib\site-packages\django\db\models\fields\json.py", line 102, in get_db_prep_value
    return connection.ops.adapt_json_value(value, self.encoder)
           ^^^^^^^^^^^^^^^^^^^^^^^^^^^^^^^^^^^^^^^^^^^^^^^^^^^^
  File "C:\Users\Msi\AppData\Local\Programs\Python\Python311\Lib\site-packages\django\db\backends\base\operations.py", line 598, in adapt_json_value
    return json.dumps(value, cls=encoder)
           ^^^^^^^^^^^^^^^^^^^^^^^^^^^^^^
  File "C:\Users\Msi\AppData\Local\Programs\Python\Python311\Lib\json\__init__.py", line 231, in dumps
    return _default_encoder.encode(obj)
           ^^^^^^^^^^^^^^^^^^^^^^^^^^^^
  File "C:\Users\Msi\AppData\Local\Programs\Python\Python311\Lib\json\encoder.py", line 200, in encode
    chunks = self.iterencode(o, _one_shot=True)
             ^^^^^^^^^^^^^^^^^^^^^^^^^^^^^^^^^^
  File "C:\Users\Msi\AppData\Local\Programs\Python\Python311\Lib\json\encoder.py", line 258, in iterencode
    return _iterencode(o, 0)
           ^^^^^^^^^^^^^^^^^
  File "C:\Users\Msi\AppData\Local\Programs\Python\Python311\Lib\json\encoder.py", line 180, in default
    raise TypeError(f'Object of type {o.__class__.__name__} '
TypeError: Object of type datetime is not JSON serializable
2025-12-08 00:56:09,197 - INFO - HTTP Request: POST https://api.cerebras.ai/v1/chat/completions "HTTP/1.1 200 OK"
2025-12-08 00:56:09,204 - ERROR - Failed to ingest article https://safisud.com/2025/12/07/%d8%a7%d9%84%d8%af%d8%b1%d9%83-%d8%a7%d9%84%d9%85%d9%84%d9%83%d9%8a-%d8%a8%d9%85%d8%b1%d9%83%d8%b2-%d8%a8%d9%88%da%af%d8%af%d8%b1%d8%a9-%d9%8a%d8%af%d8%a7%d9%87%d9%85-%d8%a3%d8%ad%d8%af/
Traceback (most recent call last):
  File "C:\Users\Msi\AppData\Local\Programs\Python\Python311\Lib\site-packages\django\db\models\query.py", line 948, in get_or_create
    return self.get(**kwargs), False
           ^^^^^^^^^^^^^^^^^^
  File "C:\Users\Msi\AppData\Local\Programs\Python\Python311\Lib\site-packages\django\db\models\query.py", line 635, in get
    raise self.model.DoesNotExist(
monitoring.models.Mention.DoesNotExist: Mention matching query does not exist.

During handling of the above exception, another exception occurred:

Traceback (most recent call last):
  File "C:\Users\Msi\Desktop\Abdou_all_codes\media_monitoring\monitoring\services\ingestion.py", line 171, in ingest_latest_articles
    mention, created = Mention.objects.get_or_create(original_url=url, defaults=defaults)
                       ^^^^^^^^^^^^^^^^^^^^^^^^^^^^^^^^^^^^^^^^^^^^^^^^^^^^^^^^^^^^^^^^^^
  File "C:\Users\Msi\AppData\Local\Programs\Python\Python311\Lib\site-packages\django\db\models\manager.py", line 87, in manager_method
    return getattr(self.get_queryset(), name)(*args, **kwargs)
           ^^^^^^^^^^^^^^^^^^^^^^^^^^^^^^^^^^^^^^^^^^^^^^^^^^^
  File "C:\Users\Msi\AppData\Local\Programs\Python\Python311\Lib\site-packages\django\db\models\query.py", line 955, in get_or_create
    return self.create(**params), True
           ^^^^^^^^^^^^^^^^^^^^^
  File "C:\Users\Msi\AppData\Local\Programs\Python\Python311\Lib\site-packages\django\db\models\query.py", line 665, in create
    obj.save(force_insert=True, using=self.db)
  File "C:\Users\Msi\AppData\Local\Programs\Python\Python311\Lib\site-packages\django\db\models\base.py", line 902, in save
    self.save_base(
  File "C:\Users\Msi\AppData\Local\Programs\Python\Python311\Lib\site-packages\django\db\models\base.py", line 1008, in save_base
    updated = self._save_table(
              ^^^^^^^^^^^^^^^^^
  File "C:\Users\Msi\AppData\Local\Programs\Python\Python311\Lib\site-packages\django\db\models\base.py", line 1169, in _save_table
    results = self._do_insert(
              ^^^^^^^^^^^^^^^^
  File "C:\Users\Msi\AppData\Local\Programs\Python\Python311\Lib\site-packages\django\db\models\base.py", line 1210, in _do_insert
    return manager._insert(
           ^^^^^^^^^^^^^^^^
  File "C:\Users\Msi\AppData\Local\Programs\Python\Python311\Lib\site-packages\django\db\models\manager.py", line 87, in manager_method
    return getattr(self.get_queryset(), name)(*args, **kwargs)
           ^^^^^^^^^^^^^^^^^^^^^^^^^^^^^^^^^^^^^^^^^^^^^^^^^^^
  File "C:\Users\Msi\AppData\Local\Programs\Python\Python311\Lib\site-packages\django\db\models\query.py", line 1873, in _insert
    return query.get_compiler(using=using).execute_sql(returning_fields)
           ^^^^^^^^^^^^^^^^^^^^^^^^^^^^^^^^^^^^^^^^^^^^^^^^^^^^^^^^^^^^^
  File "C:\Users\Msi\AppData\Local\Programs\Python\Python311\Lib\site-packages\django\db\models\sql\compiler.py", line 1881, in execute_sql
    for sql, params in self.as_sql():
                       ^^^^^^^^^^^^^
  File "C:\Users\Msi\AppData\Local\Programs\Python\Python311\Lib\site-packages\django\db\models\sql\compiler.py", line 1804, in as_sql
    value_rows = [
                 ^
  File "C:\Users\Msi\AppData\Local\Programs\Python\Python311\Lib\site-packages\django\db\models\sql\compiler.py", line 1805, in <listcomp>
    [
  File "C:\Users\Msi\AppData\Local\Programs\Python\Python311\Lib\site-packages\django\db\models\sql\compiler.py", line 1806, in <listcomp>
    self.prepare_value(field, self.pre_save_val(field, obj))
  File "C:\Users\Msi\AppData\Local\Programs\Python\Python311\Lib\site-packages\django\db\models\sql\compiler.py", line 1741, in prepare_value
    return field.get_db_prep_save(value, connection=self.connection)
           ^^^^^^^^^^^^^^^^^^^^^^^^^^^^^^^^^^^^^^^^^^^^^^^^^^^^^^^^^
  File "C:\Users\Msi\AppData\Local\Programs\Python\Python311\Lib\site-packages\django\db\models\fields\json.py", line 118, in get_db_prep_save
    return super().get_db_prep_save(value, connection)
           ^^^^^^^^^^^^^^^^^^^^^^^^^^^^^^^^^^^^^^^^^^^
  File "C:\Users\Msi\AppData\Local\Programs\Python\Python311\Lib\site-packages\django\db\models\fields\__init__.py", line 1012, in get_db_prep_save
    return self.get_db_prep_value(value, connection=connection, prepared=False)
           ^^^^^^^^^^^^^^^^^^^^^^^^^^^^^^^^^^^^^^^^^^^^^^^^^^^^^^^^^^^^^^^^^^^^
  File "C:\Users\Msi\AppData\Local\Programs\Python\Python311\Lib\site-packages\django\db\models\fields\json.py", line 102, in get_db_prep_value
    return connection.ops.adapt_json_value(value, self.encoder)
           ^^^^^^^^^^^^^^^^^^^^^^^^^^^^^^^^^^^^^^^^^^^^^^^^^^^^
  File "C:\Users\Msi\AppData\Local\Programs\Python\Python311\Lib\site-packages\django\db\backends\base\operations.py", line 598, in adapt_json_value
    return json.dumps(value, cls=encoder)
           ^^^^^^^^^^^^^^^^^^^^^^^^^^^^^^
  File "C:\Users\Msi\AppData\Local\Programs\Python\Python311\Lib\json\__init__.py", line 231, in dumps
    return _default_encoder.encode(obj)
           ^^^^^^^^^^^^^^^^^^^^^^^^^^^^
  File "C:\Users\Msi\AppData\Local\Programs\Python\Python311\Lib\json\encoder.py", line 200, in encode
    chunks = self.iterencode(o, _one_shot=True)
             ^^^^^^^^^^^^^^^^^^^^^^^^^^^^^^^^^^
  File "C:\Users\Msi\AppData\Local\Programs\Python\Python311\Lib\json\encoder.py", line 258, in iterencode
    return _iterencode(o, 0)
           ^^^^^^^^^^^^^^^^^
  File "C:\Users\Msi\AppData\Local\Programs\Python\Python311\Lib\json\encoder.py", line 180, in default
    raise TypeError(f'Object of type {o.__class__.__name__} '
TypeError: Object of type datetime is not JSON serializable
2025-12-08 00:56:09,966 - INFO - HTTP Request: POST https://api.cerebras.ai/v1/chat/completions "HTTP/1.1 200 OK"
2025-12-08 00:56:09,970 - ERROR - Failed to ingest article https://safisud.com/2025/12/07/%d8%a3%d9%88%d9%84-%d8%b8%d9%87%d9%88%d8%b1-%d8%b1%d8%b3%d9%85%d9%8a-%d9%84%d9%84%d9%83%d8%a7%d8%aa%d8%a8-%d8%a7%d9%84%d8%b9%d8%a7%d9%85-%d8%a7%d9%84%d8%ac%d8%af%d9%8a%d8%af-%d9%84%d8%b9%d9%85%d8%a7/
Traceback (most recent call last):
  File "C:\Users\Msi\AppData\Local\Programs\Python\Python311\Lib\site-packages\django\db\models\query.py", line 948, in get_or_create
    return self.get(**kwargs), False
           ^^^^^^^^^^^^^^^^^^
  File "C:\Users\Msi\AppData\Local\Programs\Python\Python311\Lib\site-packages\django\db\models\query.py", line 635, in get
    raise self.model.DoesNotExist(
monitoring.models.Mention.DoesNotExist: Mention matching query does not exist.

During handling of the above exception, another exception occurred:

Traceback (most recent call last):
  File "C:\Users\Msi\Desktop\Abdou_all_codes\media_monitoring\monitoring\services\ingestion.py", line 171, in ingest_latest_articles
    mention, created = Mention.objects.get_or_create(original_url=url, defaults=defaults)
                       ^^^^^^^^^^^^^^^^^^^^^^^^^^^^^^^^^^^^^^^^^^^^^^^^^^^^^^^^^^^^^^^^^^
  File "C:\Users\Msi\AppData\Local\Programs\Python\Python311\Lib\site-packages\django\db\models\manager.py", line 87, in manager_method
    return getattr(self.get_queryset(), name)(*args, **kwargs)
           ^^^^^^^^^^^^^^^^^^^^^^^^^^^^^^^^^^^^^^^^^^^^^^^^^^^
  File "C:\Users\Msi\AppData\Local\Programs\Python\Python311\Lib\site-packages\django\db\models\query.py", line 955, in get_or_create
    return self.create(**params), True
           ^^^^^^^^^^^^^^^^^^^^^
  File "C:\Users\Msi\AppData\Local\Programs\Python\Python311\Lib\site-packages\django\db\models\query.py", line 665, in create
    obj.save(force_insert=True, using=self.db)
  File "C:\Users\Msi\AppData\Local\Programs\Python\Python311\Lib\site-packages\django\db\models\base.py", line 902, in save
    self.save_base(
  File "C:\Users\Msi\AppData\Local\Programs\Python\Python311\Lib\site-packages\django\db\models\base.py", line 1008, in save_base
    updated = self._save_table(
              ^^^^^^^^^^^^^^^^^
  File "C:\Users\Msi\AppData\Local\Programs\Python\Python311\Lib\site-packages\django\db\models\base.py", line 1169, in _save_table
    results = self._do_insert(
              ^^^^^^^^^^^^^^^^
  File "C:\Users\Msi\AppData\Local\Programs\Python\Python311\Lib\site-packages\django\db\models\base.py", line 1210, in _do_insert
    return manager._insert(
           ^^^^^^^^^^^^^^^^
  File "C:\Users\Msi\AppData\Local\Programs\Python\Python311\Lib\site-packages\django\db\models\manager.py", line 87, in manager_method
    return getattr(self.get_queryset(), name)(*args, **kwargs)
           ^^^^^^^^^^^^^^^^^^^^^^^^^^^^^^^^^^^^^^^^^^^^^^^^^^^
  File "C:\Users\Msi\AppData\Local\Programs\Python\Python311\Lib\site-packages\django\db\models\query.py", line 1873, in _insert
    return query.get_compiler(using=using).execute_sql(returning_fields)
           ^^^^^^^^^^^^^^^^^^^^^^^^^^^^^^^^^^^^^^^^^^^^^^^^^^^^^^^^^^^^^
  File "C:\Users\Msi\AppData\Local\Programs\Python\Python311\Lib\site-packages\django\db\models\sql\compiler.py", line 1881, in execute_sql
    for sql, params in self.as_sql():
                       ^^^^^^^^^^^^^
  File "C:\Users\Msi\AppData\Local\Programs\Python\Python311\Lib\site-packages\django\db\models\sql\compiler.py", line 1804, in as_sql
    value_rows = [
                 ^
  File "C:\Users\Msi\AppData\Local\Programs\Python\Python311\Lib\site-packages\django\db\models\sql\compiler.py", line 1805, in <listcomp>
    [
  File "C:\Users\Msi\AppData\Local\Programs\Python\Python311\Lib\site-packages\django\db\models\sql\compiler.py", line 1806, in <listcomp>
    self.prepare_value(field, self.pre_save_val(field, obj))
  File "C:\Users\Msi\AppData\Local\Programs\Python\Python311\Lib\site-packages\django\db\models\sql\compiler.py", line 1741, in prepare_value
    return field.get_db_prep_save(value, connection=self.connection)
           ^^^^^^^^^^^^^^^^^^^^^^^^^^^^^^^^^^^^^^^^^^^^^^^^^^^^^^^^^
  File "C:\Users\Msi\AppData\Local\Programs\Python\Python311\Lib\site-packages\django\db\models\fields\json.py", line 118, in get_db_prep_save
    return super().get_db_prep_save(value, connection)
           ^^^^^^^^^^^^^^^^^^^^^^^^^^^^^^^^^^^^^^^^^^^
  File "C:\Users\Msi\AppData\Local\Programs\Python\Python311\Lib\site-packages\django\db\models\fields\__init__.py", line 1012, in get_db_prep_save
    return self.get_db_prep_value(value, connection=connection, prepared=False)
           ^^^^^^^^^^^^^^^^^^^^^^^^^^^^^^^^^^^^^^^^^^^^^^^^^^^^^^^^^^^^^^^^^^^^
  File "C:\Users\Msi\AppData\Local\Programs\Python\Python311\Lib\site-packages\django\db\models\fields\json.py", line 102, in get_db_prep_value
    return connection.ops.adapt_json_value(value, self.encoder)
           ^^^^^^^^^^^^^^^^^^^^^^^^^^^^^^^^^^^^^^^^^^^^^^^^^^^^
  File "C:\Users\Msi\AppData\Local\Programs\Python\Python311\Lib\site-packages\django\db\backends\base\operations.py", line 598, in adapt_json_value
    return json.dumps(value, cls=encoder)
           ^^^^^^^^^^^^^^^^^^^^^^^^^^^^^^
  File "C:\Users\Msi\AppData\Local\Programs\Python\Python311\Lib\json\__init__.py", line 231, in dumps
    return _default_encoder.encode(obj)
           ^^^^^^^^^^^^^^^^^^^^^^^^^^^^
  File "C:\Users\Msi\AppData\Local\Programs\Python\Python311\Lib\json\encoder.py", line 200, in encode
    chunks = self.iterencode(o, _one_shot=True)
             ^^^^^^^^^^^^^^^^^^^^^^^^^^^^^^^^^^
  File "C:\Users\Msi\AppData\Local\Programs\Python\Python311\Lib\json\encoder.py", line 258, in iterencode
    return _iterencode(o, 0)
           ^^^^^^^^^^^^^^^^^
  File "C:\Users\Msi\AppData\Local\Programs\Python\Python311\Lib\json\encoder.py", line 180, in default
    raise TypeError(f'Object of type {o.__class__.__name__} '
TypeError: Object of type datetime is not JSON serializable
2025-12-08 00:56:11,204 - INFO - HTTP Request: POST https://api.cerebras.ai/v1/chat/completions "HTTP/1.1 200 OK"
2025-12-08 00:56:11,211 - ERROR - Failed to ingest article https://www.hespress.com/%d8%a7%d9%84%d8%ad%d9%83%d9%88%d9%85%d8%a9-%d8%a7%d9%84%d9%81%d8%b1%d9%86%d8%b3%d9%8a%d8%a9-%d8%aa%d8%aa%d9%88%d9%82%d8%b9-%d8%a7%d8%b1%d8%aa%d9%81%d8%a7%d8%b9-%d8%a7%d9%84%d9%86%d9%85%d9%88-%d9%85-1667660.html
Traceback (most recent call last):
  File "C:\Users\Msi\AppData\Local\Programs\Python\Python311\Lib\site-packages\django\db\models\query.py", line 948, in get_or_create
    return self.get(**kwargs), False
           ^^^^^^^^^^^^^^^^^^
  File "C:\Users\Msi\AppData\Local\Programs\Python\Python311\Lib\site-packages\django\db\models\query.py", line 635, in get
    raise self.model.DoesNotExist(
monitoring.models.Mention.DoesNotExist: Mention matching query does not exist.

During handling of the above exception, another exception occurred:

Traceback (most recent call last):
  File "C:\Users\Msi\Desktop\Abdou_all_codes\media_monitoring\monitoring\services\ingestion.py", line 171, in ingest_latest_articles
    mention, created = Mention.objects.get_or_create(original_url=url, defaults=defaults)
                       ^^^^^^^^^^^^^^^^^^^^^^^^^^^^^^^^^^^^^^^^^^^^^^^^^^^^^^^^^^^^^^^^^^
  File "C:\Users\Msi\AppData\Local\Programs\Python\Python311\Lib\site-packages\django\db\models\manager.py", line 87, in manager_method
    return getattr(self.get_queryset(), name)(*args, **kwargs)
           ^^^^^^^^^^^^^^^^^^^^^^^^^^^^^^^^^^^^^^^^^^^^^^^^^^^
  File "C:\Users\Msi\AppData\Local\Programs\Python\Python311\Lib\site-packages\django\db\models\query.py", line 955, in get_or_create
    return self.create(**params), True
           ^^^^^^^^^^^^^^^^^^^^^
  File "C:\Users\Msi\AppData\Local\Programs\Python\Python311\Lib\site-packages\django\db\models\query.py", line 665, in create
    obj.save(force_insert=True, using=self.db)
  File "C:\Users\Msi\AppData\Local\Programs\Python\Python311\Lib\site-packages\django\db\models\base.py", line 902, in save
    self.save_base(
  File "C:\Users\Msi\AppData\Local\Programs\Python\Python311\Lib\site-packages\django\db\models\base.py", line 1008, in save_base
    updated = self._save_table(
              ^^^^^^^^^^^^^^^^^
  File "C:\Users\Msi\AppData\Local\Programs\Python\Python311\Lib\site-packages\django\db\models\base.py", line 1169, in _save_table
    results = self._do_insert(
              ^^^^^^^^^^^^^^^^
  File "C:\Users\Msi\AppData\Local\Programs\Python\Python311\Lib\site-packages\django\db\models\base.py", line 1210, in _do_insert
    return manager._insert(
           ^^^^^^^^^^^^^^^^
  File "C:\Users\Msi\AppData\Local\Programs\Python\Python311\Lib\site-packages\django\db\models\manager.py", line 87, in manager_method
    return getattr(self.get_queryset(), name)(*args, **kwargs)
           ^^^^^^^^^^^^^^^^^^^^^^^^^^^^^^^^^^^^^^^^^^^^^^^^^^^
  File "C:\Users\Msi\AppData\Local\Programs\Python\Python311\Lib\site-packages\django\db\models\query.py", line 1873, in _insert
    return query.get_compiler(using=using).execute_sql(returning_fields)
           ^^^^^^^^^^^^^^^^^^^^^^^^^^^^^^^^^^^^^^^^^^^^^^^^^^^^^^^^^^^^^
  File "C:\Users\Msi\AppData\Local\Programs\Python\Python311\Lib\site-packages\django\db\models\sql\compiler.py", line 1881, in execute_sql
    for sql, params in self.as_sql():
                       ^^^^^^^^^^^^^
  File "C:\Users\Msi\AppData\Local\Programs\Python\Python311\Lib\site-packages\django\db\models\sql\compiler.py", line 1804, in as_sql
    value_rows = [
                 ^
  File "C:\Users\Msi\AppData\Local\Programs\Python\Python311\Lib\site-packages\django\db\models\sql\compiler.py", line 1805, in <listcomp>
    [
  File "C:\Users\Msi\AppData\Local\Programs\Python\Python311\Lib\site-packages\django\db\models\sql\compiler.py", line 1806, in <listcomp>
    self.prepare_value(field, self.pre_save_val(field, obj))
  File "C:\Users\Msi\AppData\Local\Programs\Python\Python311\Lib\site-packages\django\db\models\sql\compiler.py", line 1741, in prepare_value
    return field.get_db_prep_save(value, connection=self.connection)
           ^^^^^^^^^^^^^^^^^^^^^^^^^^^^^^^^^^^^^^^^^^^^^^^^^^^^^^^^^
  File "C:\Users\Msi\AppData\Local\Programs\Python\Python311\Lib\site-packages\django\db\models\fields\json.py", line 118, in get_db_prep_save
    return super().get_db_prep_save(value, connection)
           ^^^^^^^^^^^^^^^^^^^^^^^^^^^^^^^^^^^^^^^^^^^
  File "C:\Users\Msi\AppData\Local\Programs\Python\Python311\Lib\site-packages\django\db\models\fields\__init__.py", line 1012, in get_db_prep_save
    return self.get_db_prep_value(value, connection=connection, prepared=False)
           ^^^^^^^^^^^^^^^^^^^^^^^^^^^^^^^^^^^^^^^^^^^^^^^^^^^^^^^^^^^^^^^^^^^^
  File "C:\Users\Msi\AppData\Local\Programs\Python\Python311\Lib\site-packages\django\db\models\fields\json.py", line 102, in get_db_prep_value
    return connection.ops.adapt_json_value(value, self.encoder)
           ^^^^^^^^^^^^^^^^^^^^^^^^^^^^^^^^^^^^^^^^^^^^^^^^^^^^
  File "C:\Users\Msi\AppData\Local\Programs\Python\Python311\Lib\site-packages\django\db\backends\base\operations.py", line 598, in adapt_json_value
    return json.dumps(value, cls=encoder)
           ^^^^^^^^^^^^^^^^^^^^^^^^^^^^^^
  File "C:\Users\Msi\AppData\Local\Programs\Python\Python311\Lib\json\__init__.py", line 231, in dumps
    return _default_encoder.encode(obj)
           ^^^^^^^^^^^^^^^^^^^^^^^^^^^^
  File "C:\Users\Msi\AppData\Local\Programs\Python\Python311\Lib\json\encoder.py", line 200, in encode
    chunks = self.iterencode(o, _one_shot=True)
             ^^^^^^^^^^^^^^^^^^^^^^^^^^^^^^^^^^
  File "C:\Users\Msi\AppData\Local\Programs\Python\Python311\Lib\json\encoder.py", line 258, in iterencode
    return _iterencode(o, 0)
           ^^^^^^^^^^^^^^^^^
  File "C:\Users\Msi\AppData\Local\Programs\Python\Python311\Lib\json\encoder.py", line 180, in default
    raise TypeError(f'Object of type {o.__class__.__name__} '
TypeError: Object of type datetime is not JSON serializable
2025-12-08 00:56:11,836 - INFO - HTTP Request: POST https://api.cerebras.ai/v1/chat/completions "HTTP/1.1 200 OK"
2025-12-08 00:56:11,854 - ERROR - Failed to ingest article https://www.hespress.com/%d8%a7%d9%84%d8%aa%d9%88%d8%aa%d8%b1%d8%a7%d8%aa-%d8%a7%d9%84%d8%b3%d9%8a%d8%a7%d8%b3%d9%8a%d8%a9-%d8%a7%d9%84%d8%af%d8%a7%d8%ae%d9%84%d9%8a%d8%a9-%d9%81%d9%8a-%d8%a5%d8%b3%d8%a8%d8%a7%d9%86%d9%8a-1667668.html
Traceback (most recent call last):
  File "C:\Users\Msi\AppData\Local\Programs\Python\Python311\Lib\site-packages\django\db\models\query.py", line 948, in get_or_create
    return self.get(**kwargs), False
           ^^^^^^^^^^^^^^^^^^
  File "C:\Users\Msi\AppData\Local\Programs\Python\Python311\Lib\site-packages\django\db\models\query.py", line 635, in get
    raise self.model.DoesNotExist(
monitoring.models.Mention.DoesNotExist: Mention matching query does not exist.

During handling of the above exception, another exception occurred:

Traceback (most recent call last):
  File "C:\Users\Msi\Desktop\Abdou_all_codes\media_monitoring\monitoring\services\ingestion.py", line 171, in ingest_latest_articles
    mention, created = Mention.objects.get_or_create(original_url=url, defaults=defaults)
                       ^^^^^^^^^^^^^^^^^^^^^^^^^^^^^^^^^^^^^^^^^^^^^^^^^^^^^^^^^^^^^^^^^^
  File "C:\Users\Msi\AppData\Local\Programs\Python\Python311\Lib\site-packages\django\db\models\manager.py", line 87, in manager_method
    return getattr(self.get_queryset(), name)(*args, **kwargs)
           ^^^^^^^^^^^^^^^^^^^^^^^^^^^^^^^^^^^^^^^^^^^^^^^^^^^
  File "C:\Users\Msi\AppData\Local\Programs\Python\Python311\Lib\site-packages\django\db\models\query.py", line 955, in get_or_create
    return self.create(**params), True
           ^^^^^^^^^^^^^^^^^^^^^
  File "C:\Users\Msi\AppData\Local\Programs\Python\Python311\Lib\site-packages\django\db\models\query.py", line 665, in create
    obj.save(force_insert=True, using=self.db)
  File "C:\Users\Msi\AppData\Local\Programs\Python\Python311\Lib\site-packages\django\db\models\base.py", line 902, in save
    self.save_base(
  File "C:\Users\Msi\AppData\Local\Programs\Python\Python311\Lib\site-packages\django\db\models\base.py", line 1008, in save_base
    updated = self._save_table(
              ^^^^^^^^^^^^^^^^^
  File "C:\Users\Msi\AppData\Local\Programs\Python\Python311\Lib\site-packages\django\db\models\base.py", line 1169, in _save_table
    results = self._do_insert(
              ^^^^^^^^^^^^^^^^
  File "C:\Users\Msi\AppData\Local\Programs\Python\Python311\Lib\site-packages\django\db\models\base.py", line 1210, in _do_insert
    return manager._insert(
           ^^^^^^^^^^^^^^^^
  File "C:\Users\Msi\AppData\Local\Programs\Python\Python311\Lib\site-packages\django\db\models\manager.py", line 87, in manager_method
    return getattr(self.get_queryset(), name)(*args, **kwargs)
           ^^^^^^^^^^^^^^^^^^^^^^^^^^^^^^^^^^^^^^^^^^^^^^^^^^^
  File "C:\Users\Msi\AppData\Local\Programs\Python\Python311\Lib\site-packages\django\db\models\query.py", line 1873, in _insert
    return query.get_compiler(using=using).execute_sql(returning_fields)
           ^^^^^^^^^^^^^^^^^^^^^^^^^^^^^^^^^^^^^^^^^^^^^^^^^^^^^^^^^^^^^
  File "C:\Users\Msi\AppData\Local\Programs\Python\Python311\Lib\site-packages\django\db\models\sql\compiler.py", line 1881, in execute_sql
    for sql, params in self.as_sql():
                       ^^^^^^^^^^^^^
  File "C:\Users\Msi\AppData\Local\Programs\Python\Python311\Lib\site-packages\django\db\models\sql\compiler.py", line 1804, in as_sql
    value_rows = [
                 ^
  File "C:\Users\Msi\AppData\Local\Programs\Python\Python311\Lib\site-packages\django\db\models\sql\compiler.py", line 1805, in <listcomp>
    [
  File "C:\Users\Msi\AppData\Local\Programs\Python\Python311\Lib\site-packages\django\db\models\sql\compiler.py", line 1806, in <listcomp>
    self.prepare_value(field, self.pre_save_val(field, obj))
  File "C:\Users\Msi\AppData\Local\Programs\Python\Python311\Lib\site-packages\django\db\models\sql\compiler.py", line 1741, in prepare_value
    return field.get_db_prep_save(value, connection=self.connection)
           ^^^^^^^^^^^^^^^^^^^^^^^^^^^^^^^^^^^^^^^^^^^^^^^^^^^^^^^^^
  File "C:\Users\Msi\AppData\Local\Programs\Python\Python311\Lib\site-packages\django\db\models\fields\json.py", line 118, in get_db_prep_save
    return super().get_db_prep_save(value, connection)
           ^^^^^^^^^^^^^^^^^^^^^^^^^^^^^^^^^^^^^^^^^^^
  File "C:\Users\Msi\AppData\Local\Programs\Python\Python311\Lib\site-packages\django\db\models\fields\__init__.py", line 1012, in get_db_prep_save
    return self.get_db_prep_value(value, connection=connection, prepared=False)
           ^^^^^^^^^^^^^^^^^^^^^^^^^^^^^^^^^^^^^^^^^^^^^^^^^^^^^^^^^^^^^^^^^^^^
  File "C:\Users\Msi\AppData\Local\Programs\Python\Python311\Lib\site-packages\django\db\models\fields\json.py", line 102, in get_db_prep_value
    return connection.ops.adapt_json_value(value, self.encoder)
           ^^^^^^^^^^^^^^^^^^^^^^^^^^^^^^^^^^^^^^^^^^^^^^^^^^^^
  File "C:\Users\Msi\AppData\Local\Programs\Python\Python311\Lib\site-packages\django\db\backends\base\operations.py", line 598, in adapt_json_value
    return json.dumps(value, cls=encoder)
           ^^^^^^^^^^^^^^^^^^^^^^^^^^^^^^
  File "C:\Users\Msi\AppData\Local\Programs\Python\Python311\Lib\json\__init__.py", line 231, in dumps
    return _default_encoder.encode(obj)
           ^^^^^^^^^^^^^^^^^^^^^^^^^^^^
  File "C:\Users\Msi\AppData\Local\Programs\Python\Python311\Lib\json\encoder.py", line 200, in encode
    chunks = self.iterencode(o, _one_shot=True)
             ^^^^^^^^^^^^^^^^^^^^^^^^^^^^^^^^^^
  File "C:\Users\Msi\AppData\Local\Programs\Python\Python311\Lib\json\encoder.py", line 258, in iterencode
    return _iterencode(o, 0)
           ^^^^^^^^^^^^^^^^^
  File "C:\Users\Msi\AppData\Local\Programs\Python\Python311\Lib\json\encoder.py", line 180, in default
    raise TypeError(f'Object of type {o.__class__.__name__} '
TypeError: Object of type datetime is not JSON serializable
2025-12-08 00:56:12,476 - INFO - HTTP Request: POST https://api.cerebras.ai/v1/chat/completions "HTTP/1.1 200 OK"
2025-12-08 00:56:12,479 - ERROR - Failed to ingest article https://www.hespress.com/%d8%b1%d8%b5%d9%8a%d9%81-%d8%a7%d9%84%d8%b5%d8%ad%d8%a7%d9%81%d8%a9-%d8%aa%d8%b9%d8%b2%d9%8a%d8%b2%d8%a7%d8%aa-%d8%a3%d9%85%d9%86%d9%8a%d8%a9-%d8%aa%d9%88%d8%a7%d8%ac%d9%87-%d8%a7%d9%84%d9%85%d8%ad-1667729.html
Traceback (most recent call last):
  File "C:\Users\Msi\AppData\Local\Programs\Python\Python311\Lib\site-packages\django\db\models\query.py", line 948, in get_or_create
    return self.get(**kwargs), False
           ^^^^^^^^^^^^^^^^^^
  File "C:\Users\Msi\AppData\Local\Programs\Python\Python311\Lib\site-packages\django\db\models\query.py", line 635, in get
    raise self.model.DoesNotExist(
monitoring.models.Mention.DoesNotExist: Mention matching query does not exist.

During handling of the above exception, another exception occurred:

Traceback (most recent call last):
  File "C:\Users\Msi\Desktop\Abdou_all_codes\media_monitoring\monitoring\services\ingestion.py", line 171, in ingest_latest_articles
    mention, created = Mention.objects.get_or_create(original_url=url, defaults=defaults)
                       ^^^^^^^^^^^^^^^^^^^^^^^^^^^^^^^^^^^^^^^^^^^^^^^^^^^^^^^^^^^^^^^^^^
  File "C:\Users\Msi\AppData\Local\Programs\Python\Python311\Lib\site-packages\django\db\models\manager.py", line 87, in manager_method
    return getattr(self.get_queryset(), name)(*args, **kwargs)
           ^^^^^^^^^^^^^^^^^^^^^^^^^^^^^^^^^^^^^^^^^^^^^^^^^^^
  File "C:\Users\Msi\AppData\Local\Programs\Python\Python311\Lib\site-packages\django\db\models\query.py", line 955, in get_or_create
    return self.create(**params), True
           ^^^^^^^^^^^^^^^^^^^^^
  File "C:\Users\Msi\AppData\Local\Programs\Python\Python311\Lib\site-packages\django\db\models\query.py", line 665, in create
    obj.save(force_insert=True, using=self.db)
  File "C:\Users\Msi\AppData\Local\Programs\Python\Python311\Lib\site-packages\django\db\models\base.py", line 902, in save
    self.save_base(
  File "C:\Users\Msi\AppData\Local\Programs\Python\Python311\Lib\site-packages\django\db\models\base.py", line 1008, in save_base
    updated = self._save_table(
              ^^^^^^^^^^^^^^^^^
  File "C:\Users\Msi\AppData\Local\Programs\Python\Python311\Lib\site-packages\django\db\models\base.py", line 1169, in _save_table
    results = self._do_insert(
              ^^^^^^^^^^^^^^^^
  File "C:\Users\Msi\AppData\Local\Programs\Python\Python311\Lib\site-packages\django\db\models\base.py", line 1210, in _do_insert
    return manager._insert(
           ^^^^^^^^^^^^^^^^
  File "C:\Users\Msi\AppData\Local\Programs\Python\Python311\Lib\site-packages\django\db\models\manager.py", line 87, in manager_method
    return getattr(self.get_queryset(), name)(*args, **kwargs)
           ^^^^^^^^^^^^^^^^^^^^^^^^^^^^^^^^^^^^^^^^^^^^^^^^^^^
  File "C:\Users\Msi\AppData\Local\Programs\Python\Python311\Lib\site-packages\django\db\models\query.py", line 1873, in _insert
    return query.get_compiler(using=using).execute_sql(returning_fields)
           ^^^^^^^^^^^^^^^^^^^^^^^^^^^^^^^^^^^^^^^^^^^^^^^^^^^^^^^^^^^^^
  File "C:\Users\Msi\AppData\Local\Programs\Python\Python311\Lib\site-packages\django\db\models\sql\compiler.py", line 1881, in execute_sql
    for sql, params in self.as_sql():
                       ^^^^^^^^^^^^^
  File "C:\Users\Msi\AppData\Local\Programs\Python\Python311\Lib\site-packages\django\db\models\sql\compiler.py", line 1804, in as_sql
    value_rows = [
                 ^
  File "C:\Users\Msi\AppData\Local\Programs\Python\Python311\Lib\site-packages\django\db\models\sql\compiler.py", line 1805, in <listcomp>
    [
  File "C:\Users\Msi\AppData\Local\Programs\Python\Python311\Lib\site-packages\django\db\models\sql\compiler.py", line 1806, in <listcomp>
    self.prepare_value(field, self.pre_save_val(field, obj))
  File "C:\Users\Msi\AppData\Local\Programs\Python\Python311\Lib\site-packages\django\db\models\sql\compiler.py", line 1741, in prepare_value
    return field.get_db_prep_save(value, connection=self.connection)
           ^^^^^^^^^^^^^^^^^^^^^^^^^^^^^^^^^^^^^^^^^^^^^^^^^^^^^^^^^
  File "C:\Users\Msi\AppData\Local\Programs\Python\Python311\Lib\site-packages\django\db\models\fields\json.py", line 118, in get_db_prep_save
    return super().get_db_prep_save(value, connection)
           ^^^^^^^^^^^^^^^^^^^^^^^^^^^^^^^^^^^^^^^^^^^
  File "C:\Users\Msi\AppData\Local\Programs\Python\Python311\Lib\site-packages\django\db\models\fields\__init__.py", line 1012, in get_db_prep_save
    return self.get_db_prep_value(value, connection=connection, prepared=False)
           ^^^^^^^^^^^^^^^^^^^^^^^^^^^^^^^^^^^^^^^^^^^^^^^^^^^^^^^^^^^^^^^^^^^^
  File "C:\Users\Msi\AppData\Local\Programs\Python\Python311\Lib\site-packages\django\db\models\fields\json.py", line 102, in get_db_prep_value
    return connection.ops.adapt_json_value(value, self.encoder)
           ^^^^^^^^^^^^^^^^^^^^^^^^^^^^^^^^^^^^^^^^^^^^^^^^^^^^
  File "C:\Users\Msi\AppData\Local\Programs\Python\Python311\Lib\site-packages\django\db\backends\base\operations.py", line 598, in adapt_json_value
    return json.dumps(value, cls=encoder)
           ^^^^^^^^^^^^^^^^^^^^^^^^^^^^^^
  File "C:\Users\Msi\AppData\Local\Programs\Python\Python311\Lib\json\__init__.py", line 231, in dumps
    return _default_encoder.encode(obj)
           ^^^^^^^^^^^^^^^^^^^^^^^^^^^^
  File "C:\Users\Msi\AppData\Local\Programs\Python\Python311\Lib\json\encoder.py", line 200, in encode
    chunks = self.iterencode(o, _one_shot=True)
             ^^^^^^^^^^^^^^^^^^^^^^^^^^^^^^^^^^
  File "C:\Users\Msi\AppData\Local\Programs\Python\Python311\Lib\json\encoder.py", line 258, in iterencode
    return _iterencode(o, 0)
           ^^^^^^^^^^^^^^^^^
  File "C:\Users\Msi\AppData\Local\Programs\Python\Python311\Lib\json\encoder.py", line 180, in default
    raise TypeError(f'Object of type {o.__class__.__name__} '
TypeError: Object of type datetime is not JSON serializable
2025-12-08 00:56:12,964 - INFO - HTTP Request: POST https://api.cerebras.ai/v1/chat/completions "HTTP/1.1 200 OK"
2025-12-08 00:56:12,967 - ERROR - Failed to ingest article https://www.hespress.com/%d8%a8%d8%aa%d8%ac%d9%85%d9%8a%d8%af-%d8%a3%d9%88-%d8%aa%d8%ae%d8%b2%d9%8a%d9%86-%d8%a3%d8%b3%d9%84%d8%ad%d8%a9-%d8%a7%d9%84%d9%85%d9%82%d8%a7%d9%88%d9%85%d8%a9-%d8%ad%d9%85%d8%a7%d8%b3-%d8%aa-1667679.html
Traceback (most recent call last):
  File "C:\Users\Msi\AppData\Local\Programs\Python\Python311\Lib\site-packages\django\db\models\query.py", line 948, in get_or_create
    return self.get(**kwargs), False
           ^^^^^^^^^^^^^^^^^^
  File "C:\Users\Msi\AppData\Local\Programs\Python\Python311\Lib\site-packages\django\db\models\query.py", line 635, in get
    raise self.model.DoesNotExist(
monitoring.models.Mention.DoesNotExist: Mention matching query does not exist.

During handling of the above exception, another exception occurred:

Traceback (most recent call last):
  File "C:\Users\Msi\Desktop\Abdou_all_codes\media_monitoring\monitoring\services\ingestion.py", line 171, in ingest_latest_articles
    mention, created = Mention.objects.get_or_create(original_url=url, defaults=defaults)
                       ^^^^^^^^^^^^^^^^^^^^^^^^^^^^^^^^^^^^^^^^^^^^^^^^^^^^^^^^^^^^^^^^^^
  File "C:\Users\Msi\AppData\Local\Programs\Python\Python311\Lib\site-packages\django\db\models\manager.py", line 87, in manager_method
    return getattr(self.get_queryset(), name)(*args, **kwargs)
           ^^^^^^^^^^^^^^^^^^^^^^^^^^^^^^^^^^^^^^^^^^^^^^^^^^^
  File "C:\Users\Msi\AppData\Local\Programs\Python\Python311\Lib\site-packages\django\db\models\query.py", line 955, in get_or_create
    return self.create(**params), True
           ^^^^^^^^^^^^^^^^^^^^^
  File "C:\Users\Msi\AppData\Local\Programs\Python\Python311\Lib\site-packages\django\db\models\query.py", line 665, in create
    obj.save(force_insert=True, using=self.db)
  File "C:\Users\Msi\AppData\Local\Programs\Python\Python311\Lib\site-packages\django\db\models\base.py", line 902, in save
    self.save_base(
  File "C:\Users\Msi\AppData\Local\Programs\Python\Python311\Lib\site-packages\django\db\models\base.py", line 1008, in save_base
    updated = self._save_table(
              ^^^^^^^^^^^^^^^^^
  File "C:\Users\Msi\AppData\Local\Programs\Python\Python311\Lib\site-packages\django\db\models\base.py", line 1169, in _save_table
    results = self._do_insert(
              ^^^^^^^^^^^^^^^^
  File "C:\Users\Msi\AppData\Local\Programs\Python\Python311\Lib\site-packages\django\db\models\base.py", line 1210, in _do_insert
    return manager._insert(
           ^^^^^^^^^^^^^^^^
  File "C:\Users\Msi\AppData\Local\Programs\Python\Python311\Lib\site-packages\django\db\models\manager.py", line 87, in manager_method
    return getattr(self.get_queryset(), name)(*args, **kwargs)
           ^^^^^^^^^^^^^^^^^^^^^^^^^^^^^^^^^^^^^^^^^^^^^^^^^^^
  File "C:\Users\Msi\AppData\Local\Programs\Python\Python311\Lib\site-packages\django\db\models\query.py", line 1873, in _insert
    return query.get_compiler(using=using).execute_sql(returning_fields)
           ^^^^^^^^^^^^^^^^^^^^^^^^^^^^^^^^^^^^^^^^^^^^^^^^^^^^^^^^^^^^^
  File "C:\Users\Msi\AppData\Local\Programs\Python\Python311\Lib\site-packages\django\db\models\sql\compiler.py", line 1881, in execute_sql
    for sql, params in self.as_sql():
                       ^^^^^^^^^^^^^
  File "C:\Users\Msi\AppData\Local\Programs\Python\Python311\Lib\site-packages\django\db\models\sql\compiler.py", line 1804, in as_sql
    value_rows = [
                 ^
  File "C:\Users\Msi\AppData\Local\Programs\Python\Python311\Lib\site-packages\django\db\models\sql\compiler.py", line 1805, in <listcomp>
    [
  File "C:\Users\Msi\AppData\Local\Programs\Python\Python311\Lib\site-packages\django\db\models\sql\compiler.py", line 1806, in <listcomp>
    self.prepare_value(field, self.pre_save_val(field, obj))
  File "C:\Users\Msi\AppData\Local\Programs\Python\Python311\Lib\site-packages\django\db\models\sql\compiler.py", line 1741, in prepare_value
    return field.get_db_prep_save(value, connection=self.connection)
           ^^^^^^^^^^^^^^^^^^^^^^^^^^^^^^^^^^^^^^^^^^^^^^^^^^^^^^^^^
  File "C:\Users\Msi\AppData\Local\Programs\Python\Python311\Lib\site-packages\django\db\models\fields\json.py", line 118, in get_db_prep_save
    return super().get_db_prep_save(value, connection)
           ^^^^^^^^^^^^^^^^^^^^^^^^^^^^^^^^^^^^^^^^^^^
  File "C:\Users\Msi\AppData\Local\Programs\Python\Python311\Lib\site-packages\django\db\models\fields\__init__.py", line 1012, in get_db_prep_save
    return self.get_db_prep_value(value, connection=connection, prepared=False)
           ^^^^^^^^^^^^^^^^^^^^^^^^^^^^^^^^^^^^^^^^^^^^^^^^^^^^^^^^^^^^^^^^^^^^
  File "C:\Users\Msi\AppData\Local\Programs\Python\Python311\Lib\site-packages\django\db\models\fields\json.py", line 102, in get_db_prep_value
    return connection.ops.adapt_json_value(value, self.encoder)
           ^^^^^^^^^^^^^^^^^^^^^^^^^^^^^^^^^^^^^^^^^^^^^^^^^^^^
  File "C:\Users\Msi\AppData\Local\Programs\Python\Python311\Lib\site-packages\django\db\backends\base\operations.py", line 598, in adapt_json_value
    return json.dumps(value, cls=encoder)
           ^^^^^^^^^^^^^^^^^^^^^^^^^^^^^^
  File "C:\Users\Msi\AppData\Local\Programs\Python\Python311\Lib\json\__init__.py", line 231, in dumps
    return _default_encoder.encode(obj)
           ^^^^^^^^^^^^^^^^^^^^^^^^^^^^
  File "C:\Users\Msi\AppData\Local\Programs\Python\Python311\Lib\json\encoder.py", line 200, in encode
    chunks = self.iterencode(o, _one_shot=True)
             ^^^^^^^^^^^^^^^^^^^^^^^^^^^^^^^^^^
  File "C:\Users\Msi\AppData\Local\Programs\Python\Python311\Lib\json\encoder.py", line 258, in iterencode
    return _iterencode(o, 0)
           ^^^^^^^^^^^^^^^^^
  File "C:\Users\Msi\AppData\Local\Programs\Python\Python311\Lib\json\encoder.py", line 180, in default
    raise TypeError(f'Object of type {o.__class__.__name__} '
TypeError: Object of type datetime is not JSON serializable
2025-12-08 00:56:13,386 - INFO - HTTP Request: POST https://api.cerebras.ai/v1/chat/completions "HTTP/1.1 200 OK"
2025-12-08 00:56:13,390 - ERROR - Failed to ingest article https://www.hespress.com/%d8%a8%d8%a7%d8%b1%d9%8a%d8%b3-%d8%aa%d8%a4%d9%83%d8%af-%d8%a3%d9%87%d9%85%d9%8a%d8%a9-%d8%a7%d9%84%d8%b7%d9%85%d8%a7%d8%b7%d9%85-%d8%a7%d9%84%d9%85%d8%ba%d8%b1%d8%a8%d9%8a%d8%a9-%d9%81%d9%8a-%d8%b3-1667538.html
Traceback (most recent call last):
  File "C:\Users\Msi\AppData\Local\Programs\Python\Python311\Lib\site-packages\django\db\models\query.py", line 948, in get_or_create
    return self.get(**kwargs), False
           ^^^^^^^^^^^^^^^^^^
  File "C:\Users\Msi\AppData\Local\Programs\Python\Python311\Lib\site-packages\django\db\models\query.py", line 635, in get
    raise self.model.DoesNotExist(
monitoring.models.Mention.DoesNotExist: Mention matching query does not exist.

During handling of the above exception, another exception occurred:

Traceback (most recent call last):
  File "C:\Users\Msi\Desktop\Abdou_all_codes\media_monitoring\monitoring\services\ingestion.py", line 171, in ingest_latest_articles
    mention, created = Mention.objects.get_or_create(original_url=url, defaults=defaults)
                       ^^^^^^^^^^^^^^^^^^^^^^^^^^^^^^^^^^^^^^^^^^^^^^^^^^^^^^^^^^^^^^^^^^
  File "C:\Users\Msi\AppData\Local\Programs\Python\Python311\Lib\site-packages\django\db\models\manager.py", line 87, in manager_method
    return getattr(self.get_queryset(), name)(*args, **kwargs)
           ^^^^^^^^^^^^^^^^^^^^^^^^^^^^^^^^^^^^^^^^^^^^^^^^^^^
  File "C:\Users\Msi\AppData\Local\Programs\Python\Python311\Lib\site-packages\django\db\models\query.py", line 955, in get_or_create
    return self.create(**params), True
           ^^^^^^^^^^^^^^^^^^^^^
  File "C:\Users\Msi\AppData\Local\Programs\Python\Python311\Lib\site-packages\django\db\models\query.py", line 665, in create
    obj.save(force_insert=True, using=self.db)
  File "C:\Users\Msi\AppData\Local\Programs\Python\Python311\Lib\site-packages\django\db\models\base.py", line 902, in save
    self.save_base(
  File "C:\Users\Msi\AppData\Local\Programs\Python\Python311\Lib\site-packages\django\db\models\base.py", line 1008, in save_base
    updated = self._save_table(
              ^^^^^^^^^^^^^^^^^
  File "C:\Users\Msi\AppData\Local\Programs\Python\Python311\Lib\site-packages\django\db\models\base.py", line 1169, in _save_table
    results = self._do_insert(
              ^^^^^^^^^^^^^^^^
  File "C:\Users\Msi\AppData\Local\Programs\Python\Python311\Lib\site-packages\django\db\models\base.py", line 1210, in _do_insert
    return manager._insert(
           ^^^^^^^^^^^^^^^^
  File "C:\Users\Msi\AppData\Local\Programs\Python\Python311\Lib\site-packages\django\db\models\manager.py", line 87, in manager_method
    return getattr(self.get_queryset(), name)(*args, **kwargs)
           ^^^^^^^^^^^^^^^^^^^^^^^^^^^^^^^^^^^^^^^^^^^^^^^^^^^
  File "C:\Users\Msi\AppData\Local\Programs\Python\Python311\Lib\site-packages\django\db\models\query.py", line 1873, in _insert
    return query.get_compiler(using=using).execute_sql(returning_fields)
           ^^^^^^^^^^^^^^^^^^^^^^^^^^^^^^^^^^^^^^^^^^^^^^^^^^^^^^^^^^^^^
  File "C:\Users\Msi\AppData\Local\Programs\Python\Python311\Lib\site-packages\django\db\models\sql\compiler.py", line 1881, in execute_sql
    for sql, params in self.as_sql():
                       ^^^^^^^^^^^^^
  File "C:\Users\Msi\AppData\Local\Programs\Python\Python311\Lib\site-packages\django\db\models\sql\compiler.py", line 1804, in as_sql
    value_rows = [
                 ^
  File "C:\Users\Msi\AppData\Local\Programs\Python\Python311\Lib\site-packages\django\db\models\sql\compiler.py", line 1805, in <listcomp>
    [
  File "C:\Users\Msi\AppData\Local\Programs\Python\Python311\Lib\site-packages\django\db\models\sql\compiler.py", line 1806, in <listcomp>
    self.prepare_value(field, self.pre_save_val(field, obj))
  File "C:\Users\Msi\AppData\Local\Programs\Python\Python311\Lib\site-packages\django\db\models\sql\compiler.py", line 1741, in prepare_value
    return field.get_db_prep_save(value, connection=self.connection)
           ^^^^^^^^^^^^^^^^^^^^^^^^^^^^^^^^^^^^^^^^^^^^^^^^^^^^^^^^^
  File "C:\Users\Msi\AppData\Local\Programs\Python\Python311\Lib\site-packages\django\db\models\fields\json.py", line 118, in get_db_prep_save
    return super().get_db_prep_save(value, connection)
           ^^^^^^^^^^^^^^^^^^^^^^^^^^^^^^^^^^^^^^^^^^^
  File "C:\Users\Msi\AppData\Local\Programs\Python\Python311\Lib\site-packages\django\db\models\fields\__init__.py", line 1012, in get_db_prep_save
    return self.get_db_prep_value(value, connection=connection, prepared=False)
           ^^^^^^^^^^^^^^^^^^^^^^^^^^^^^^^^^^^^^^^^^^^^^^^^^^^^^^^^^^^^^^^^^^^^
  File "C:\Users\Msi\AppData\Local\Programs\Python\Python311\Lib\site-packages\django\db\models\fields\json.py", line 102, in get_db_prep_value
    return connection.ops.adapt_json_value(value, self.encoder)
           ^^^^^^^^^^^^^^^^^^^^^^^^^^^^^^^^^^^^^^^^^^^^^^^^^^^^
  File "C:\Users\Msi\AppData\Local\Programs\Python\Python311\Lib\site-packages\django\db\backends\base\operations.py", line 598, in adapt_json_value
    return json.dumps(value, cls=encoder)
           ^^^^^^^^^^^^^^^^^^^^^^^^^^^^^^
  File "C:\Users\Msi\AppData\Local\Programs\Python\Python311\Lib\json\__init__.py", line 231, in dumps
    return _default_encoder.encode(obj)
           ^^^^^^^^^^^^^^^^^^^^^^^^^^^^
  File "C:\Users\Msi\AppData\Local\Programs\Python\Python311\Lib\json\encoder.py", line 200, in encode
    chunks = self.iterencode(o, _one_shot=True)
             ^^^^^^^^^^^^^^^^^^^^^^^^^^^^^^^^^^
  File "C:\Users\Msi\AppData\Local\Programs\Python\Python311\Lib\json\encoder.py", line 258, in iterencode
    return _iterencode(o, 0)
           ^^^^^^^^^^^^^^^^^
  File "C:\Users\Msi\AppData\Local\Programs\Python\Python311\Lib\json\encoder.py", line 180, in default
    raise TypeError(f'Object of type {o.__class__.__name__} '
TypeError: Object of type datetime is not JSON serializable
2025-12-08 00:56:13,991 - INFO - HTTP Request: POST https://api.cerebras.ai/v1/chat/completions "HTTP/1.1 200 OK"
2025-12-08 00:56:14,000 - ERROR - Failed to ingest article https://www.hespress.com/%d9%82%d8%b6%d8%a7%d8%a9-%d8%a7%d9%84%d8%ad%d8%b3%d8%a7%d8%a8%d8%a7%d8%aa-%d9%8a%d9%81%d8%ad%d8%b5%d9%88%d9%86-%d8%aa%d9%81%d9%88%d9%8a%d8%aa%d8%a7%d8%aa-%d8%b9%d9%82%d8%a7%d8%b1%d9%8a%d8%a9-%d9%85-1667526.html
Traceback (most recent call last):
  File "C:\Users\Msi\AppData\Local\Programs\Python\Python311\Lib\site-packages\django\db\models\query.py", line 948, in get_or_create
    return self.get(**kwargs), False
           ^^^^^^^^^^^^^^^^^^
  File "C:\Users\Msi\AppData\Local\Programs\Python\Python311\Lib\site-packages\django\db\models\query.py", line 635, in get
    raise self.model.DoesNotExist(
monitoring.models.Mention.DoesNotExist: Mention matching query does not exist.

During handling of the above exception, another exception occurred:

Traceback (most recent call last):
  File "C:\Users\Msi\Desktop\Abdou_all_codes\media_monitoring\monitoring\services\ingestion.py", line 171, in ingest_latest_articles
    mention, created = Mention.objects.get_or_create(original_url=url, defaults=defaults)
                       ^^^^^^^^^^^^^^^^^^^^^^^^^^^^^^^^^^^^^^^^^^^^^^^^^^^^^^^^^^^^^^^^^^
  File "C:\Users\Msi\AppData\Local\Programs\Python\Python311\Lib\site-packages\django\db\models\manager.py", line 87, in manager_method
    return getattr(self.get_queryset(), name)(*args, **kwargs)
           ^^^^^^^^^^^^^^^^^^^^^^^^^^^^^^^^^^^^^^^^^^^^^^^^^^^
  File "C:\Users\Msi\AppData\Local\Programs\Python\Python311\Lib\site-packages\django\db\models\query.py", line 955, in get_or_create
    return self.create(**params), True
           ^^^^^^^^^^^^^^^^^^^^^
  File "C:\Users\Msi\AppData\Local\Programs\Python\Python311\Lib\site-packages\django\db\models\query.py", line 665, in create
    obj.save(force_insert=True, using=self.db)
  File "C:\Users\Msi\AppData\Local\Programs\Python\Python311\Lib\site-packages\django\db\models\base.py", line 902, in save
    self.save_base(
  File "C:\Users\Msi\AppData\Local\Programs\Python\Python311\Lib\site-packages\django\db\models\base.py", line 1008, in save_base
    updated = self._save_table(
              ^^^^^^^^^^^^^^^^^
  File "C:\Users\Msi\AppData\Local\Programs\Python\Python311\Lib\site-packages\django\db\models\base.py", line 1169, in _save_table
    results = self._do_insert(
              ^^^^^^^^^^^^^^^^
  File "C:\Users\Msi\AppData\Local\Programs\Python\Python311\Lib\site-packages\django\db\models\base.py", line 1210, in _do_insert
    return manager._insert(
           ^^^^^^^^^^^^^^^^
  File "C:\Users\Msi\AppData\Local\Programs\Python\Python311\Lib\site-packages\django\db\models\manager.py", line 87, in manager_method
    return getattr(self.get_queryset(), name)(*args, **kwargs)
           ^^^^^^^^^^^^^^^^^^^^^^^^^^^^^^^^^^^^^^^^^^^^^^^^^^^
  File "C:\Users\Msi\AppData\Local\Programs\Python\Python311\Lib\site-packages\django\db\models\query.py", line 1873, in _insert
    return query.get_compiler(using=using).execute_sql(returning_fields)
           ^^^^^^^^^^^^^^^^^^^^^^^^^^^^^^^^^^^^^^^^^^^^^^^^^^^^^^^^^^^^^
  File "C:\Users\Msi\AppData\Local\Programs\Python\Python311\Lib\site-packages\django\db\models\sql\compiler.py", line 1881, in execute_sql
    for sql, params in self.as_sql():
                       ^^^^^^^^^^^^^
  File "C:\Users\Msi\AppData\Local\Programs\Python\Python311\Lib\site-packages\django\db\models\sql\compiler.py", line 1804, in as_sql
    value_rows = [
                 ^
  File "C:\Users\Msi\AppData\Local\Programs\Python\Python311\Lib\site-packages\django\db\models\sql\compiler.py", line 1805, in <listcomp>
    [
  File "C:\Users\Msi\AppData\Local\Programs\Python\Python311\Lib\site-packages\django\db\models\sql\compiler.py", line 1806, in <listcomp>
    self.prepare_value(field, self.pre_save_val(field, obj))
  File "C:\Users\Msi\AppData\Local\Programs\Python\Python311\Lib\site-packages\django\db\models\sql\compiler.py", line 1741, in prepare_value
    return field.get_db_prep_save(value, connection=self.connection)
           ^^^^^^^^^^^^^^^^^^^^^^^^^^^^^^^^^^^^^^^^^^^^^^^^^^^^^^^^^
  File "C:\Users\Msi\AppData\Local\Programs\Python\Python311\Lib\site-packages\django\db\models\fields\json.py", line 118, in get_db_prep_save
    return super().get_db_prep_save(value, connection)
           ^^^^^^^^^^^^^^^^^^^^^^^^^^^^^^^^^^^^^^^^^^^
  File "C:\Users\Msi\AppData\Local\Programs\Python\Python311\Lib\site-packages\django\db\models\fields\__init__.py", line 1012, in get_db_prep_save
    return self.get_db_prep_value(value, connection=connection, prepared=False)
           ^^^^^^^^^^^^^^^^^^^^^^^^^^^^^^^^^^^^^^^^^^^^^^^^^^^^^^^^^^^^^^^^^^^^
  File "C:\Users\Msi\AppData\Local\Programs\Python\Python311\Lib\site-packages\django\db\models\fields\json.py", line 102, in get_db_prep_value
    return connection.ops.adapt_json_value(value, self.encoder)
           ^^^^^^^^^^^^^^^^^^^^^^^^^^^^^^^^^^^^^^^^^^^^^^^^^^^^
  File "C:\Users\Msi\AppData\Local\Programs\Python\Python311\Lib\site-packages\django\db\backends\base\operations.py", line 598, in adapt_json_value
    return json.dumps(value, cls=encoder)
           ^^^^^^^^^^^^^^^^^^^^^^^^^^^^^^
  File "C:\Users\Msi\AppData\Local\Programs\Python\Python311\Lib\json\__init__.py", line 231, in dumps
    return _default_encoder.encode(obj)
           ^^^^^^^^^^^^^^^^^^^^^^^^^^^^
  File "C:\Users\Msi\AppData\Local\Programs\Python\Python311\Lib\json\encoder.py", line 200, in encode
    chunks = self.iterencode(o, _one_shot=True)
             ^^^^^^^^^^^^^^^^^^^^^^^^^^^^^^^^^^
  File "C:\Users\Msi\AppData\Local\Programs\Python\Python311\Lib\json\encoder.py", line 258, in iterencode
    return _iterencode(o, 0)
           ^^^^^^^^^^^^^^^^^
  File "C:\Users\Msi\AppData\Local\Programs\Python\Python311\Lib\json\encoder.py", line 180, in default
    raise TypeError(f'Object of type {o.__class__.__name__} '
TypeError: Object of type datetime is not JSON serializable
2025-12-08 01:30:43,681 - INFO - 
============================================================
2025-12-08 01:30:43,681 - INFO - Starting to scrape: Safi Today
2025-12-08 01:30:43,681 - INFO - ============================================================
2025-12-08 01:30:43,681 - INFO - Extracting links from Safi Today: https://safitoday.com
2025-12-08 01:30:45,610 - INFO - Found 2 links from Safi Today
2025-12-08 01:30:46,122 - INFO - Scraping article: https://www.safitoday.com/2025/11/23/%d8%a2%d8%b3%d9%81%d9%8a-%d8%a5%d8%b7%d9%84%d8%a7%d9%82-36-%d9%85%d9%84%d8%b9%d8%a8-%d8%ac%d8%af%d9%8a%d8%af-%d8%a8%d8%a3%d8%b3%d9%81%d9%8a-%d9%88%d8%aa%d8%a3%d9%87%d9%8a%d9%84-%d8%a7%d9%84%d9%82/
2025-12-08 01:30:47,542 - INFO - Scraping article: https://www.safitoday.com/2025/12/05/%d9%81%d8%b7%d8%a7%d8%ad-%d9%8a%d8%b1%d8%b3%d9%85-%d9%85%d9%84%d8%a7%d9%85%d8%ad-%d9%85%d8%b1%d8%ad%d9%84%d8%a9-%d8%ac%d8%af%d9%8a%d8%af%d8%a9-%d8%a8%d8%a7%d9%84%d8%a5%d8%af%d8%a7%d8%b1%d8%a9-%d8%a7/
2025-12-08 01:30:48,410 - INFO - Completed Safi Today: 2 articles
2025-12-08 01:30:48,410 - INFO - Total articles so far: 2
2025-12-08 01:30:49,414 - INFO - 
============================================================
2025-12-08 01:30:49,414 - INFO - Starting to scrape: Safi Goud
2025-12-08 01:30:49,414 - INFO - ============================================================
2025-12-08 01:30:49,414 - INFO - Extracting links from Safi Goud: https://safigoud.com
2025-12-08 01:30:51,499 - INFO - Found 2 links from Safi Goud
2025-12-08 01:30:52,000 - INFO - Scraping article: http://www.safigoud.com/?p=2939
2025-12-08 01:30:53,944 - INFO - Scraping article: http://www.safigoud.com/?p=2930
2025-12-08 01:30:55,355 - INFO - Completed Safi Goud: 2 articles
2025-12-08 01:30:55,355 - INFO - Total articles so far: 4
2025-12-08 01:30:56,356 - INFO - 
============================================================
2025-12-08 01:30:56,357 - INFO - Starting to scrape: Safi Now
2025-12-08 01:30:56,357 - INFO - ============================================================
2025-12-08 01:30:56,357 - INFO - Extracting links from Safi Now: https://safinow.com
2025-12-08 01:31:07,434 - ERROR - Error extracting links from Safi Now: HTTPSConnectionPool(host='safinow.com', port=443): Max retries exceeded with url: / (Caused by NameResolutionError("<urllib3.connection.HTTPSConnection object at 0x000001F9F0C70090>: Failed to resolve 'safinow.com' ([Errno 11001] getaddrinfo failed)"))
2025-12-08 01:31:07,935 - INFO - Extracting links from Safi Now: https://safinow.com/news/
2025-12-08 01:31:18,922 - ERROR - Error extracting links from Safi Now: HTTPSConnectionPool(host='safinow.com', port=443): Max retries exceeded with url: /news/ (Caused by NameResolutionError("<urllib3.connection.HTTPSConnection object at 0x000001F9F0F30C50>: Failed to resolve 'safinow.com' ([Errno 11002] getaddrinfo failed)"))
2025-12-08 01:31:19,422 - INFO - Extracting links from Safi Now: https://safinow.com/articles/
2025-12-08 01:31:19,424 - ERROR - Error extracting links from Safi Now: HTTPSConnectionPool(host='safinow.com', port=443): Max retries exceeded with url: /articles/ (Caused by NameResolutionError("<urllib3.connection.HTTPSConnection object at 0x000001F9F0F316D0>: Failed to resolve 'safinow.com' ([Errno 11002] getaddrinfo failed)"))
2025-12-08 01:31:19,924 - INFO - Extracting links from Safi Now: https://safinow.com/category/news/
2025-12-08 01:31:19,925 - ERROR - Error extracting links from Safi Now: HTTPSConnectionPool(host='safinow.com', port=443): Max retries exceeded with url: /category/news/ (Caused by NameResolutionError("<urllib3.connection.HTTPSConnection object at 0x000001F9F0F33350>: Failed to resolve 'safinow.com' ([Errno 11002] getaddrinfo failed)"))
2025-12-08 01:31:20,427 - INFO - Extracting links from Safi Now: https://safinow.com/page/1/
2025-12-08 01:31:20,428 - ERROR - Error extracting links from Safi Now: HTTPSConnectionPool(host='safinow.com', port=443): Max retries exceeded with url: /page/1/ (Caused by NameResolutionError("<urllib3.connection.HTTPSConnection object at 0x000001F9F0F40510>: Failed to resolve 'safinow.com' ([Errno 11002] getaddrinfo failed)"))
2025-12-08 01:31:20,929 - INFO - Completed Safi Now: 0 articles
2025-12-08 01:31:20,929 - INFO - Total articles so far: 4
2025-12-08 01:31:21,930 - INFO - 
============================================================
2025-12-08 01:31:21,930 - INFO - Starting to scrape: Safi Press
2025-12-08 01:31:21,930 - INFO - ============================================================
2025-12-08 01:31:21,930 - INFO - Extracting links from Safi Press: https://safipress.ma
2025-12-08 01:31:27,266 - WARNING - Some characters could not be decoded, and were replaced with REPLACEMENT CHARACTER.
2025-12-08 01:31:27,267 - INFO - Found 0 links from Safi Press
2025-12-08 01:31:27,769 - INFO - Extracting links from Safi Press: https://safipress.ma/news/
2025-12-08 01:31:28,178 - ERROR - Error extracting links from Safi Press: 404 Client Error: Not Found for url: https://safipress.ma/news/
2025-12-08 01:31:28,679 - INFO - Extracting links from Safi Press: https://safipress.ma/articles/
2025-12-08 01:31:29,028 - ERROR - Error extracting links from Safi Press: 404 Client Error: Not Found for url: https://safipress.ma/articles/
2025-12-08 01:31:29,529 - INFO - Extracting links from Safi Press: https://safipress.ma/category/news/
2025-12-08 01:31:29,981 - WARNING - Some characters could not be decoded, and were replaced with REPLACEMENT CHARACTER.
2025-12-08 01:31:29,982 - INFO - Found 0 links from Safi Press
2025-12-08 01:31:30,483 - INFO - Extracting links from Safi Press: https://safipress.ma/page/1/
2025-12-08 01:31:31,257 - WARNING - Some characters could not be decoded, and were replaced with REPLACEMENT CHARACTER.
2025-12-08 01:31:31,258 - INFO - Found 0 links from Safi Press
2025-12-08 01:31:31,759 - INFO - Completed Safi Press: 0 articles
2025-12-08 01:31:31,759 - INFO - Total articles so far: 4
2025-12-08 01:31:32,760 - INFO - 
============================================================
2025-12-08 01:31:32,760 - INFO - Starting to scrape: Safi Times
2025-12-08 01:31:32,760 - INFO - ============================================================
2025-12-08 01:31:32,761 - INFO - Extracting links from Safi Times: https://safitimes.com
2025-12-08 01:31:35,927 - WARNING - Some characters could not be decoded, and were replaced with REPLACEMENT CHARACTER.
2025-12-08 01:31:35,929 - INFO - Found 0 links from Safi Times
2025-12-08 01:31:36,430 - INFO - Extracting links from Safi Times: https://safitimes.com/news/
2025-12-08 01:31:38,639 - ERROR - Error extracting links from Safi Times: 404 Client Error: Not Found for url: https://www.safitimes.com/news/
2025-12-08 01:31:39,139 - INFO - Extracting links from Safi Times: https://safitimes.com/articles/
2025-12-08 01:31:41,396 - ERROR - Error extracting links from Safi Times: 404 Client Error: Not Found for url: https://www.safitimes.com/articles/
2025-12-08 01:31:41,898 - INFO - Extracting links from Safi Times: https://safitimes.com/category/news/
2025-12-08 01:31:44,068 - ERROR - Error extracting links from Safi Times: 404 Client Error: Not Found for url: https://www.safitimes.com/category/news/
2025-12-08 01:31:44,569 - INFO - Extracting links from Safi Times: https://safitimes.com/page/1/
2025-12-08 01:31:46,937 - WARNING - Some characters could not be decoded, and were replaced with REPLACEMENT CHARACTER.
2025-12-08 01:31:46,939 - INFO - Found 0 links from Safi Times
2025-12-08 01:31:47,440 - INFO - Completed Safi Times: 0 articles
2025-12-08 01:31:47,440 - INFO - Total articles so far: 4
2025-12-08 01:31:48,441 - INFO - 
============================================================
2025-12-08 01:31:48,441 - INFO - Starting to scrape: Safi Sud
2025-12-08 01:31:48,441 - INFO - ============================================================
2025-12-08 01:31:48,441 - INFO - Extracting links from Safi Sud: https://safisud.com
2025-12-08 01:31:48,761 - INFO - Found 2 links from Safi Sud
2025-12-08 01:31:49,263 - INFO - Scraping article: https://safisud.com/2025/12/07/%d8%a7%d9%84%d8%af%d8%b1%d9%83-%d8%a7%d9%84%d9%85%d9%84%d9%83%d9%8a-%d8%a8%d9%85%d8%b1%d9%83%d8%b2-%d8%a8%d9%88%da%af%d8%af%d8%b1%d8%a9-%d9%8a%d8%af%d8%a7%d9%87%d9%85-%d8%a3%d8%ad%d8%af/
2025-12-08 01:31:50,757 - INFO - Scraping article: https://safisud.com/2025/12/07/%d8%a3%d9%88%d9%84-%d8%b8%d9%87%d9%88%d8%b1-%d8%b1%d8%b3%d9%85%d9%8a-%d9%84%d9%84%d9%83%d8%a7%d8%aa%d8%a8-%d8%a7%d9%84%d8%b9%d8%a7%d9%85-%d8%a7%d9%84%d8%ac%d8%af%d9%8a%d8%af-%d9%84%d8%b9%d9%85%d8%a7/
2025-12-08 01:31:51,929 - INFO - Completed Safi Sud: 2 articles
2025-12-08 01:31:51,930 - INFO - Total articles so far: 6
2025-12-08 01:31:52,930 - INFO - 
============================================================
2025-12-08 01:31:52,930 - INFO - Starting to scrape: Safi Media
2025-12-08 01:31:52,930 - INFO - ============================================================
2025-12-08 01:31:52,930 - INFO - Extracting links from Safi Media: https://safimedia.ma
2025-12-08 01:31:52,983 - ERROR - Error extracting links from Safi Media: HTTPSConnectionPool(host='safimedia.ma', port=443): Max retries exceeded with url: / (Caused by NameResolutionError("<urllib3.connection.HTTPSConnection object at 0x000001F9F183D090>: Failed to resolve 'safimedia.ma' ([Errno 11001] getaddrinfo failed)"))
2025-12-08 01:31:53,498 - INFO - Extracting links from Safi Media: https://safimedia.ma/news/
2025-12-08 01:31:53,498 - ERROR - Error extracting links from Safi Media: HTTPSConnectionPool(host='safimedia.ma', port=443): Max retries exceeded with url: /news/ (Caused by NameResolutionError("<urllib3.connection.HTTPSConnection object at 0x000001F9F18C2BD0>: Failed to resolve 'safimedia.ma' ([Errno 11001] getaddrinfo failed)"))
2025-12-08 01:31:54,000 - INFO - Extracting links from Safi Media: https://safimedia.ma/articles/
2025-12-08 01:31:54,000 - ERROR - Error extracting links from Safi Media: HTTPSConnectionPool(host='safimedia.ma', port=443): Max retries exceeded with url: /articles/ (Caused by NameResolutionError("<urllib3.connection.HTTPSConnection object at 0x000001F9F18C3810>: Failed to resolve 'safimedia.ma' ([Errno 11001] getaddrinfo failed)"))
2025-12-08 01:31:54,502 - INFO - Extracting links from Safi Media: https://safimedia.ma/category/news/
2025-12-08 01:31:54,503 - ERROR - Error extracting links from Safi Media: HTTPSConnectionPool(host='safimedia.ma', port=443): Max retries exceeded with url: /category/news/ (Caused by NameResolutionError("<urllib3.connection.HTTPSConnection object at 0x000001F9F18C4110>: Failed to resolve 'safimedia.ma' ([Errno 11001] getaddrinfo failed)"))
2025-12-08 01:31:55,004 - INFO - Extracting links from Safi Media: https://safimedia.ma/page/1/
2025-12-08 01:31:55,004 - ERROR - Error extracting links from Safi Media: HTTPSConnectionPool(host='safimedia.ma', port=443): Max retries exceeded with url: /page/1/ (Caused by NameResolutionError("<urllib3.connection.HTTPSConnection object at 0x000001F9F18C5450>: Failed to resolve 'safimedia.ma' ([Errno 11001] getaddrinfo failed)"))
2025-12-08 01:31:55,506 - INFO - Completed Safi Media: 0 articles
2025-12-08 01:31:55,507 - INFO - Total articles so far: 6
2025-12-08 01:31:56,507 - INFO - 
============================================================
2025-12-08 01:31:56,507 - INFO - Starting to scrape: Safi TV
2025-12-08 01:31:56,507 - INFO - ============================================================
2025-12-08 01:31:56,507 - INFO - Extracting links from Safi TV: https://safitv.ma
2025-12-08 01:32:00,464 - ERROR - Error extracting links from Safi TV: HTTPSConnectionPool(host='safitv.ma', port=443): Max retries exceeded with url: / (Caused by NameResolutionError("<urllib3.connection.HTTPSConnection object at 0x000001F9F063AE10>: Failed to resolve 'safitv.ma' ([Errno 11001] getaddrinfo failed)"))
2025-12-08 01:32:00,965 - INFO - Extracting links from Safi TV: https://safitv.ma/news/
2025-12-08 01:32:00,967 - ERROR - Error extracting links from Safi TV: HTTPSConnectionPool(host='safitv.ma', port=443): Max retries exceeded with url: /news/ (Caused by NameResolutionError("<urllib3.connection.HTTPSConnection object at 0x000001F9F18C6610>: Failed to resolve 'safitv.ma' ([Errno 11001] getaddrinfo failed)"))
2025-12-08 01:32:01,467 - INFO - Extracting links from Safi TV: https://safitv.ma/articles/
2025-12-08 01:32:01,469 - ERROR - Error extracting links from Safi TV: HTTPSConnectionPool(host='safitv.ma', port=443): Max retries exceeded with url: /articles/ (Caused by NameResolutionError("<urllib3.connection.HTTPSConnection object at 0x000001F9F18D4350>: Failed to resolve 'safitv.ma' ([Errno 11001] getaddrinfo failed)"))
2025-12-08 01:32:01,969 - INFO - Extracting links from Safi TV: https://safitv.ma/category/news/
2025-12-08 01:32:01,971 - ERROR - Error extracting links from Safi TV: HTTPSConnectionPool(host='safitv.ma', port=443): Max retries exceeded with url: /category/news/ (Caused by NameResolutionError("<urllib3.connection.HTTPSConnection object at 0x000001F9F18D5750>: Failed to resolve 'safitv.ma' ([Errno 11001] getaddrinfo failed)"))
2025-12-08 01:32:02,472 - INFO - Extracting links from Safi TV: https://safitv.ma/page/1/
2025-12-08 01:32:02,473 - ERROR - Error extracting links from Safi TV: HTTPSConnectionPool(host='safitv.ma', port=443): Max retries exceeded with url: /page/1/ (Caused by NameResolutionError("<urllib3.connection.HTTPSConnection object at 0x000001F9F18D62D0>: Failed to resolve 'safitv.ma' ([Errno 11001] getaddrinfo failed)"))
2025-12-08 01:32:02,974 - INFO - Completed Safi TV: 0 articles
2025-12-08 01:32:02,974 - INFO - Total articles so far: 6
2025-12-08 01:32:03,975 - INFO - 
============================================================
2025-12-08 01:32:03,975 - INFO - Starting to scrape: Assif
2025-12-08 01:32:03,975 - INFO - ============================================================
2025-12-08 01:32:03,975 - INFO - Extracting links from Assif: https://assif.ma
2025-12-08 01:32:04,927 - WARNING - Some characters could not be decoded, and were replaced with REPLACEMENT CHARACTER.
2025-12-08 01:32:04,929 - INFO - Found 0 links from Assif
2025-12-08 01:32:05,430 - INFO - Extracting links from Assif: https://assif.ma/news/
2025-12-08 01:32:05,719 - ERROR - Error extracting links from Assif: 404 Client Error: Not Found for url: https://assif.ma/news/
2025-12-08 01:32:06,220 - INFO - Extracting links from Assif: https://assif.ma/articles/
2025-12-08 01:32:06,515 - ERROR - Error extracting links from Assif: 404 Client Error: Not Found for url: https://assif.ma/articles/
2025-12-08 01:32:07,015 - INFO - Extracting links from Assif: https://assif.ma/category/news/
2025-12-08 01:32:07,255 - ERROR - Error extracting links from Assif: 404 Client Error: Not Found for url: https://assif.ma/category/news/
2025-12-08 01:32:07,756 - INFO - Extracting links from Assif: https://assif.ma/page/1/
2025-12-08 01:32:08,304 - WARNING - Some characters could not be decoded, and were replaced with REPLACEMENT CHARACTER.
2025-12-08 01:32:08,306 - INFO - Found 0 links from Assif
2025-12-08 01:32:08,807 - INFO - Completed Assif: 0 articles
2025-12-08 01:32:08,807 - INFO - Total articles so far: 6
2025-12-08 01:32:09,808 - INFO - 
============================================================
2025-12-08 01:32:09,808 - INFO - Starting to scrape: Sport Régional
2025-12-08 01:32:09,808 - INFO - ============================================================
2025-12-08 01:32:09,809 - INFO - Extracting links from Sport Régional: https://sportregional.net
2025-12-08 01:32:15,199 - INFO - Found 0 links from Sport Régional
2025-12-08 01:32:15,702 - INFO - Extracting links from Sport Régional: https://sportregional.net/news/
2025-12-08 01:32:16,284 - ERROR - Error extracting links from Sport Régional: 404 Client Error: Not Found for url: https://www.sportregional.net/news/
2025-12-08 01:32:16,785 - INFO - Extracting links from Sport Régional: https://sportregional.net/articles/
2025-12-08 01:32:17,295 - ERROR - Error extracting links from Sport Régional: 404 Client Error: Not Found for url: https://www.sportregional.net/articles/
2025-12-08 01:32:17,797 - INFO - Extracting links from Sport Régional: https://sportregional.net/category/news/
2025-12-08 01:32:18,463 - ERROR - Error extracting links from Sport Régional: 404 Client Error: Not Found for url: https://www.sportregional.net/category/news/
2025-12-08 01:32:18,966 - INFO - Extracting links from Sport Régional: https://sportregional.net/page/1/
2025-12-08 01:32:19,491 - ERROR - Error extracting links from Sport Régional: 404 Client Error: Not Found for url: https://www.sportregional.net/page/1/
2025-12-08 01:32:19,992 - INFO - Completed Sport Régional: 0 articles
2025-12-08 01:32:19,993 - INFO - Total articles so far: 6
2025-12-08 01:32:41,578 - INFO - Scraping article: https://www.safitoday.com/2025/11/23/%d8%a2%d8%b3%d9%81%d9%8a-%d8%a5%d8%b7%d9%84%d8%a7%d9%82-36-%d9%85%d9%84%d8%b9%d8%a8-%d8%ac%d8%af%d9%8a%d8%af-%d8%a8%d8%a3%d8%b3%d9%81%d9%8a-%d9%88%d8%aa%d8%a3%d9%87%d9%8a%d9%84-%d8%a7%d9%84%d9%82/
2025-12-08 01:32:42,604 - INFO - Scraping article: https://www.safitoday.com/2025/12/05/%d9%81%d8%b7%d8%a7%d8%ad-%d9%8a%d8%b1%d8%b3%d9%85-%d9%85%d9%84%d8%a7%d9%85%d8%ad-%d9%85%d8%b1%d8%ad%d9%84%d8%a9-%d8%ac%d8%af%d9%8a%d8%af%d8%a9-%d8%a8%d8%a7%d9%84%d8%a5%d8%af%d8%a7%d8%b1%d8%a9-%d8%a7/
2025-12-08 01:32:44,723 - INFO - HTTP Request: POST https://api.cerebras.ai/v1/chat/completions "HTTP/1.1 200 OK"
2025-12-08 01:32:44,724 - ERROR - Failed to ingest article https://www.safitoday.com/2025/11/23/%d8%a2%d8%b3%d9%81%d9%8a-%d8%a5%d8%b7%d9%84%d8%a7%d9%82-36-%d9%85%d9%84%d8%b9%d8%a8-%d8%ac%d8%af%d9%8a%d8%af-%d8%a8%d8%a3%d8%b3%d9%81%d9%8a-%d9%88%d8%aa%d8%a3%d9%87%d9%8a%d9%84-%d8%a7%d9%84%d9%82/
Traceback (most recent call last):
  File "C:\Users\Msi\AppData\Local\Programs\Python\Python311\Lib\site-packages\django\db\models\query.py", line 948, in get_or_create
    return self.get(**kwargs), False
           ^^^^^^^^^^^^^^^^^^
  File "C:\Users\Msi\AppData\Local\Programs\Python\Python311\Lib\site-packages\django\db\models\query.py", line 635, in get
    raise self.model.DoesNotExist(
monitoring.models.Mention.DoesNotExist: Mention matching query does not exist.

During handling of the above exception, another exception occurred:

Traceback (most recent call last):
  File "C:\Users\Msi\Desktop\Abdou_all_codes\media_monitoring\monitoring\services\ingestion.py", line 171, in ingest_latest_articles
    mention, created = Mention.objects.get_or_create(original_url=url, defaults=defaults)
                       ^^^^^^^^^^^^^^^^^^^^^^^^^^^^^^^^^^^^^^^^^^^^^^^^^^^^^^^^^^^^^^^^^^
  File "C:\Users\Msi\AppData\Local\Programs\Python\Python311\Lib\site-packages\django\db\models\manager.py", line 87, in manager_method
    return getattr(self.get_queryset(), name)(*args, **kwargs)
           ^^^^^^^^^^^^^^^^^^^^^^^^^^^^^^^^^^^^^^^^^^^^^^^^^^^
  File "C:\Users\Msi\AppData\Local\Programs\Python\Python311\Lib\site-packages\django\db\models\query.py", line 955, in get_or_create
    return self.create(**params), True
           ^^^^^^^^^^^^^^^^^^^^^
  File "C:\Users\Msi\AppData\Local\Programs\Python\Python311\Lib\site-packages\django\db\models\query.py", line 665, in create
    obj.save(force_insert=True, using=self.db)
  File "C:\Users\Msi\AppData\Local\Programs\Python\Python311\Lib\site-packages\django\db\models\base.py", line 902, in save
    self.save_base(
  File "C:\Users\Msi\AppData\Local\Programs\Python\Python311\Lib\site-packages\django\db\models\base.py", line 1008, in save_base
    updated = self._save_table(
              ^^^^^^^^^^^^^^^^^
  File "C:\Users\Msi\AppData\Local\Programs\Python\Python311\Lib\site-packages\django\db\models\base.py", line 1169, in _save_table
    results = self._do_insert(
              ^^^^^^^^^^^^^^^^
  File "C:\Users\Msi\AppData\Local\Programs\Python\Python311\Lib\site-packages\django\db\models\base.py", line 1210, in _do_insert
    return manager._insert(
           ^^^^^^^^^^^^^^^^
  File "C:\Users\Msi\AppData\Local\Programs\Python\Python311\Lib\site-packages\django\db\models\manager.py", line 87, in manager_method
    return getattr(self.get_queryset(), name)(*args, **kwargs)
           ^^^^^^^^^^^^^^^^^^^^^^^^^^^^^^^^^^^^^^^^^^^^^^^^^^^
  File "C:\Users\Msi\AppData\Local\Programs\Python\Python311\Lib\site-packages\django\db\models\query.py", line 1873, in _insert
    return query.get_compiler(using=using).execute_sql(returning_fields)
           ^^^^^^^^^^^^^^^^^^^^^^^^^^^^^^^^^^^^^^^^^^^^^^^^^^^^^^^^^^^^^
  File "C:\Users\Msi\AppData\Local\Programs\Python\Python311\Lib\site-packages\django\db\models\sql\compiler.py", line 1881, in execute_sql
    for sql, params in self.as_sql():
                       ^^^^^^^^^^^^^
  File "C:\Users\Msi\AppData\Local\Programs\Python\Python311\Lib\site-packages\django\db\models\sql\compiler.py", line 1804, in as_sql
    value_rows = [
                 ^
  File "C:\Users\Msi\AppData\Local\Programs\Python\Python311\Lib\site-packages\django\db\models\sql\compiler.py", line 1805, in <listcomp>
    [
  File "C:\Users\Msi\AppData\Local\Programs\Python\Python311\Lib\site-packages\django\db\models\sql\compiler.py", line 1806, in <listcomp>
    self.prepare_value(field, self.pre_save_val(field, obj))
  File "C:\Users\Msi\AppData\Local\Programs\Python\Python311\Lib\site-packages\django\db\models\sql\compiler.py", line 1741, in prepare_value
    return field.get_db_prep_save(value, connection=self.connection)
           ^^^^^^^^^^^^^^^^^^^^^^^^^^^^^^^^^^^^^^^^^^^^^^^^^^^^^^^^^
  File "C:\Users\Msi\AppData\Local\Programs\Python\Python311\Lib\site-packages\django\db\models\fields\json.py", line 118, in get_db_prep_save
    return super().get_db_prep_save(value, connection)
           ^^^^^^^^^^^^^^^^^^^^^^^^^^^^^^^^^^^^^^^^^^^
  File "C:\Users\Msi\AppData\Local\Programs\Python\Python311\Lib\site-packages\django\db\models\fields\__init__.py", line 1012, in get_db_prep_save
    return self.get_db_prep_value(value, connection=connection, prepared=False)
           ^^^^^^^^^^^^^^^^^^^^^^^^^^^^^^^^^^^^^^^^^^^^^^^^^^^^^^^^^^^^^^^^^^^^
  File "C:\Users\Msi\AppData\Local\Programs\Python\Python311\Lib\site-packages\django\db\models\fields\json.py", line 102, in get_db_prep_value
    return connection.ops.adapt_json_value(value, self.encoder)
           ^^^^^^^^^^^^^^^^^^^^^^^^^^^^^^^^^^^^^^^^^^^^^^^^^^^^
  File "C:\Users\Msi\AppData\Local\Programs\Python\Python311\Lib\site-packages\django\db\backends\base\operations.py", line 598, in adapt_json_value
    return json.dumps(value, cls=encoder)
           ^^^^^^^^^^^^^^^^^^^^^^^^^^^^^^
  File "C:\Users\Msi\AppData\Local\Programs\Python\Python311\Lib\json\__init__.py", line 231, in dumps
    return _default_encoder.encode(obj)
           ^^^^^^^^^^^^^^^^^^^^^^^^^^^^
  File "C:\Users\Msi\AppData\Local\Programs\Python\Python311\Lib\json\encoder.py", line 200, in encode
    chunks = self.iterencode(o, _one_shot=True)
             ^^^^^^^^^^^^^^^^^^^^^^^^^^^^^^^^^^
  File "C:\Users\Msi\AppData\Local\Programs\Python\Python311\Lib\json\encoder.py", line 258, in iterencode
    return _iterencode(o, 0)
           ^^^^^^^^^^^^^^^^^
  File "C:\Users\Msi\AppData\Local\Programs\Python\Python311\Lib\json\encoder.py", line 180, in default
    raise TypeError(f'Object of type {o.__class__.__name__} '
TypeError: Object of type datetime is not JSON serializable
2025-12-08 01:32:46,120 - INFO - HTTP Request: POST https://api.cerebras.ai/v1/chat/completions "HTTP/1.1 200 OK"
2025-12-08 01:32:46,128 - ERROR - Failed to ingest article https://www.safitoday.com/2025/12/05/%d9%81%d8%b7%d8%a7%d8%ad-%d9%8a%d8%b1%d8%b3%d9%85-%d9%85%d9%84%d8%a7%d9%85%d8%ad-%d9%85%d8%b1%d8%ad%d9%84%d8%a9-%d8%ac%d8%af%d9%8a%d8%af%d8%a9-%d8%a8%d8%a7%d9%84%d8%a5%d8%af%d8%a7%d8%b1%d8%a9-%d8%a7/
Traceback (most recent call last):
  File "C:\Users\Msi\AppData\Local\Programs\Python\Python311\Lib\site-packages\django\db\models\query.py", line 948, in get_or_create
    return self.get(**kwargs), False
           ^^^^^^^^^^^^^^^^^^
  File "C:\Users\Msi\AppData\Local\Programs\Python\Python311\Lib\site-packages\django\db\models\query.py", line 635, in get
    raise self.model.DoesNotExist(
monitoring.models.Mention.DoesNotExist: Mention matching query does not exist.

During handling of the above exception, another exception occurred:

Traceback (most recent call last):
  File "C:\Users\Msi\Desktop\Abdou_all_codes\media_monitoring\monitoring\services\ingestion.py", line 171, in ingest_latest_articles
    mention, created = Mention.objects.get_or_create(original_url=url, defaults=defaults)
                       ^^^^^^^^^^^^^^^^^^^^^^^^^^^^^^^^^^^^^^^^^^^^^^^^^^^^^^^^^^^^^^^^^^
  File "C:\Users\Msi\AppData\Local\Programs\Python\Python311\Lib\site-packages\django\db\models\manager.py", line 87, in manager_method
    return getattr(self.get_queryset(), name)(*args, **kwargs)
           ^^^^^^^^^^^^^^^^^^^^^^^^^^^^^^^^^^^^^^^^^^^^^^^^^^^
  File "C:\Users\Msi\AppData\Local\Programs\Python\Python311\Lib\site-packages\django\db\models\query.py", line 955, in get_or_create
    return self.create(**params), True
           ^^^^^^^^^^^^^^^^^^^^^
  File "C:\Users\Msi\AppData\Local\Programs\Python\Python311\Lib\site-packages\django\db\models\query.py", line 665, in create
    obj.save(force_insert=True, using=self.db)
  File "C:\Users\Msi\AppData\Local\Programs\Python\Python311\Lib\site-packages\django\db\models\base.py", line 902, in save
    self.save_base(
  File "C:\Users\Msi\AppData\Local\Programs\Python\Python311\Lib\site-packages\django\db\models\base.py", line 1008, in save_base
    updated = self._save_table(
              ^^^^^^^^^^^^^^^^^
  File "C:\Users\Msi\AppData\Local\Programs\Python\Python311\Lib\site-packages\django\db\models\base.py", line 1169, in _save_table
    results = self._do_insert(
              ^^^^^^^^^^^^^^^^
  File "C:\Users\Msi\AppData\Local\Programs\Python\Python311\Lib\site-packages\django\db\models\base.py", line 1210, in _do_insert
    return manager._insert(
           ^^^^^^^^^^^^^^^^
  File "C:\Users\Msi\AppData\Local\Programs\Python\Python311\Lib\site-packages\django\db\models\manager.py", line 87, in manager_method
    return getattr(self.get_queryset(), name)(*args, **kwargs)
           ^^^^^^^^^^^^^^^^^^^^^^^^^^^^^^^^^^^^^^^^^^^^^^^^^^^
  File "C:\Users\Msi\AppData\Local\Programs\Python\Python311\Lib\site-packages\django\db\models\query.py", line 1873, in _insert
    return query.get_compiler(using=using).execute_sql(returning_fields)
           ^^^^^^^^^^^^^^^^^^^^^^^^^^^^^^^^^^^^^^^^^^^^^^^^^^^^^^^^^^^^^
  File "C:\Users\Msi\AppData\Local\Programs\Python\Python311\Lib\site-packages\django\db\models\sql\compiler.py", line 1881, in execute_sql
    for sql, params in self.as_sql():
                       ^^^^^^^^^^^^^
  File "C:\Users\Msi\AppData\Local\Programs\Python\Python311\Lib\site-packages\django\db\models\sql\compiler.py", line 1804, in as_sql
    value_rows = [
                 ^
  File "C:\Users\Msi\AppData\Local\Programs\Python\Python311\Lib\site-packages\django\db\models\sql\compiler.py", line 1805, in <listcomp>
    [
  File "C:\Users\Msi\AppData\Local\Programs\Python\Python311\Lib\site-packages\django\db\models\sql\compiler.py", line 1806, in <listcomp>
    self.prepare_value(field, self.pre_save_val(field, obj))
  File "C:\Users\Msi\AppData\Local\Programs\Python\Python311\Lib\site-packages\django\db\models\sql\compiler.py", line 1741, in prepare_value
    return field.get_db_prep_save(value, connection=self.connection)
           ^^^^^^^^^^^^^^^^^^^^^^^^^^^^^^^^^^^^^^^^^^^^^^^^^^^^^^^^^
  File "C:\Users\Msi\AppData\Local\Programs\Python\Python311\Lib\site-packages\django\db\models\fields\json.py", line 118, in get_db_prep_save
    return super().get_db_prep_save(value, connection)
           ^^^^^^^^^^^^^^^^^^^^^^^^^^^^^^^^^^^^^^^^^^^
  File "C:\Users\Msi\AppData\Local\Programs\Python\Python311\Lib\site-packages\django\db\models\fields\__init__.py", line 1012, in get_db_prep_save
    return self.get_db_prep_value(value, connection=connection, prepared=False)
           ^^^^^^^^^^^^^^^^^^^^^^^^^^^^^^^^^^^^^^^^^^^^^^^^^^^^^^^^^^^^^^^^^^^^
  File "C:\Users\Msi\AppData\Local\Programs\Python\Python311\Lib\site-packages\django\db\models\fields\json.py", line 102, in get_db_prep_value
    return connection.ops.adapt_json_value(value, self.encoder)
           ^^^^^^^^^^^^^^^^^^^^^^^^^^^^^^^^^^^^^^^^^^^^^^^^^^^^
  File "C:\Users\Msi\AppData\Local\Programs\Python\Python311\Lib\site-packages\django\db\backends\base\operations.py", line 598, in adapt_json_value
    return json.dumps(value, cls=encoder)
           ^^^^^^^^^^^^^^^^^^^^^^^^^^^^^^
  File "C:\Users\Msi\AppData\Local\Programs\Python\Python311\Lib\json\__init__.py", line 231, in dumps
    return _default_encoder.encode(obj)
           ^^^^^^^^^^^^^^^^^^^^^^^^^^^^
  File "C:\Users\Msi\AppData\Local\Programs\Python\Python311\Lib\json\encoder.py", line 200, in encode
    chunks = self.iterencode(o, _one_shot=True)
             ^^^^^^^^^^^^^^^^^^^^^^^^^^^^^^^^^^
  File "C:\Users\Msi\AppData\Local\Programs\Python\Python311\Lib\json\encoder.py", line 258, in iterencode
    return _iterencode(o, 0)
           ^^^^^^^^^^^^^^^^^
  File "C:\Users\Msi\AppData\Local\Programs\Python\Python311\Lib\json\encoder.py", line 180, in default
    raise TypeError(f'Object of type {o.__class__.__name__} '
TypeError: Object of type datetime is not JSON serializable
2025-12-08 01:32:46,866 - INFO - HTTP Request: POST https://api.cerebras.ai/v1/chat/completions "HTTP/1.1 200 OK"
2025-12-08 01:32:46,868 - ERROR - Failed to ingest article http://www.safigoud.com/?p=2939
Traceback (most recent call last):
  File "C:\Users\Msi\AppData\Local\Programs\Python\Python311\Lib\site-packages\django\db\models\query.py", line 948, in get_or_create
    return self.get(**kwargs), False
           ^^^^^^^^^^^^^^^^^^
  File "C:\Users\Msi\AppData\Local\Programs\Python\Python311\Lib\site-packages\django\db\models\query.py", line 635, in get
    raise self.model.DoesNotExist(
monitoring.models.Mention.DoesNotExist: Mention matching query does not exist.

During handling of the above exception, another exception occurred:

Traceback (most recent call last):
  File "C:\Users\Msi\Desktop\Abdou_all_codes\media_monitoring\monitoring\services\ingestion.py", line 171, in ingest_latest_articles
    mention, created = Mention.objects.get_or_create(original_url=url, defaults=defaults)
                       ^^^^^^^^^^^^^^^^^^^^^^^^^^^^^^^^^^^^^^^^^^^^^^^^^^^^^^^^^^^^^^^^^^
  File "C:\Users\Msi\AppData\Local\Programs\Python\Python311\Lib\site-packages\django\db\models\manager.py", line 87, in manager_method
    return getattr(self.get_queryset(), name)(*args, **kwargs)
           ^^^^^^^^^^^^^^^^^^^^^^^^^^^^^^^^^^^^^^^^^^^^^^^^^^^
  File "C:\Users\Msi\AppData\Local\Programs\Python\Python311\Lib\site-packages\django\db\models\query.py", line 955, in get_or_create
    return self.create(**params), True
           ^^^^^^^^^^^^^^^^^^^^^
  File "C:\Users\Msi\AppData\Local\Programs\Python\Python311\Lib\site-packages\django\db\models\query.py", line 665, in create
    obj.save(force_insert=True, using=self.db)
  File "C:\Users\Msi\AppData\Local\Programs\Python\Python311\Lib\site-packages\django\db\models\base.py", line 902, in save
    self.save_base(
  File "C:\Users\Msi\AppData\Local\Programs\Python\Python311\Lib\site-packages\django\db\models\base.py", line 1008, in save_base
    updated = self._save_table(
              ^^^^^^^^^^^^^^^^^
  File "C:\Users\Msi\AppData\Local\Programs\Python\Python311\Lib\site-packages\django\db\models\base.py", line 1169, in _save_table
    results = self._do_insert(
              ^^^^^^^^^^^^^^^^
  File "C:\Users\Msi\AppData\Local\Programs\Python\Python311\Lib\site-packages\django\db\models\base.py", line 1210, in _do_insert
    return manager._insert(
           ^^^^^^^^^^^^^^^^
  File "C:\Users\Msi\AppData\Local\Programs\Python\Python311\Lib\site-packages\django\db\models\manager.py", line 87, in manager_method
    return getattr(self.get_queryset(), name)(*args, **kwargs)
           ^^^^^^^^^^^^^^^^^^^^^^^^^^^^^^^^^^^^^^^^^^^^^^^^^^^
  File "C:\Users\Msi\AppData\Local\Programs\Python\Python311\Lib\site-packages\django\db\models\query.py", line 1873, in _insert
    return query.get_compiler(using=using).execute_sql(returning_fields)
           ^^^^^^^^^^^^^^^^^^^^^^^^^^^^^^^^^^^^^^^^^^^^^^^^^^^^^^^^^^^^^
  File "C:\Users\Msi\AppData\Local\Programs\Python\Python311\Lib\site-packages\django\db\models\sql\compiler.py", line 1881, in execute_sql
    for sql, params in self.as_sql():
                       ^^^^^^^^^^^^^
  File "C:\Users\Msi\AppData\Local\Programs\Python\Python311\Lib\site-packages\django\db\models\sql\compiler.py", line 1804, in as_sql
    value_rows = [
                 ^
  File "C:\Users\Msi\AppData\Local\Programs\Python\Python311\Lib\site-packages\django\db\models\sql\compiler.py", line 1805, in <listcomp>
    [
  File "C:\Users\Msi\AppData\Local\Programs\Python\Python311\Lib\site-packages\django\db\models\sql\compiler.py", line 1806, in <listcomp>
    self.prepare_value(field, self.pre_save_val(field, obj))
  File "C:\Users\Msi\AppData\Local\Programs\Python\Python311\Lib\site-packages\django\db\models\sql\compiler.py", line 1741, in prepare_value
    return field.get_db_prep_save(value, connection=self.connection)
           ^^^^^^^^^^^^^^^^^^^^^^^^^^^^^^^^^^^^^^^^^^^^^^^^^^^^^^^^^
  File "C:\Users\Msi\AppData\Local\Programs\Python\Python311\Lib\site-packages\django\db\models\fields\json.py", line 118, in get_db_prep_save
    return super().get_db_prep_save(value, connection)
           ^^^^^^^^^^^^^^^^^^^^^^^^^^^^^^^^^^^^^^^^^^^
  File "C:\Users\Msi\AppData\Local\Programs\Python\Python311\Lib\site-packages\django\db\models\fields\__init__.py", line 1012, in get_db_prep_save
    return self.get_db_prep_value(value, connection=connection, prepared=False)
           ^^^^^^^^^^^^^^^^^^^^^^^^^^^^^^^^^^^^^^^^^^^^^^^^^^^^^^^^^^^^^^^^^^^^
  File "C:\Users\Msi\AppData\Local\Programs\Python\Python311\Lib\site-packages\django\db\models\fields\json.py", line 102, in get_db_prep_value
    return connection.ops.adapt_json_value(value, self.encoder)
           ^^^^^^^^^^^^^^^^^^^^^^^^^^^^^^^^^^^^^^^^^^^^^^^^^^^^
  File "C:\Users\Msi\AppData\Local\Programs\Python\Python311\Lib\site-packages\django\db\backends\base\operations.py", line 598, in adapt_json_value
    return json.dumps(value, cls=encoder)
           ^^^^^^^^^^^^^^^^^^^^^^^^^^^^^^
  File "C:\Users\Msi\AppData\Local\Programs\Python\Python311\Lib\json\__init__.py", line 231, in dumps
    return _default_encoder.encode(obj)
           ^^^^^^^^^^^^^^^^^^^^^^^^^^^^
  File "C:\Users\Msi\AppData\Local\Programs\Python\Python311\Lib\json\encoder.py", line 200, in encode
    chunks = self.iterencode(o, _one_shot=True)
             ^^^^^^^^^^^^^^^^^^^^^^^^^^^^^^^^^^
  File "C:\Users\Msi\AppData\Local\Programs\Python\Python311\Lib\json\encoder.py", line 258, in iterencode
    return _iterencode(o, 0)
           ^^^^^^^^^^^^^^^^^
  File "C:\Users\Msi\AppData\Local\Programs\Python\Python311\Lib\json\encoder.py", line 180, in default
    raise TypeError(f'Object of type {o.__class__.__name__} '
TypeError: Object of type datetime is not JSON serializable
2025-12-08 01:32:47,622 - INFO - HTTP Request: POST https://api.cerebras.ai/v1/chat/completions "HTTP/1.1 200 OK"
2025-12-08 01:32:47,622 - ERROR - Failed to ingest article http://www.safigoud.com/?p=2930
Traceback (most recent call last):
  File "C:\Users\Msi\AppData\Local\Programs\Python\Python311\Lib\site-packages\django\db\models\query.py", line 948, in get_or_create
    return self.get(**kwargs), False
           ^^^^^^^^^^^^^^^^^^
  File "C:\Users\Msi\AppData\Local\Programs\Python\Python311\Lib\site-packages\django\db\models\query.py", line 635, in get
    raise self.model.DoesNotExist(
monitoring.models.Mention.DoesNotExist: Mention matching query does not exist.

During handling of the above exception, another exception occurred:

Traceback (most recent call last):
  File "C:\Users\Msi\Desktop\Abdou_all_codes\media_monitoring\monitoring\services\ingestion.py", line 171, in ingest_latest_articles
    mention, created = Mention.objects.get_or_create(original_url=url, defaults=defaults)
                       ^^^^^^^^^^^^^^^^^^^^^^^^^^^^^^^^^^^^^^^^^^^^^^^^^^^^^^^^^^^^^^^^^^
  File "C:\Users\Msi\AppData\Local\Programs\Python\Python311\Lib\site-packages\django\db\models\manager.py", line 87, in manager_method
    return getattr(self.get_queryset(), name)(*args, **kwargs)
           ^^^^^^^^^^^^^^^^^^^^^^^^^^^^^^^^^^^^^^^^^^^^^^^^^^^
  File "C:\Users\Msi\AppData\Local\Programs\Python\Python311\Lib\site-packages\django\db\models\query.py", line 955, in get_or_create
    return self.create(**params), True
           ^^^^^^^^^^^^^^^^^^^^^
  File "C:\Users\Msi\AppData\Local\Programs\Python\Python311\Lib\site-packages\django\db\models\query.py", line 665, in create
    obj.save(force_insert=True, using=self.db)
  File "C:\Users\Msi\AppData\Local\Programs\Python\Python311\Lib\site-packages\django\db\models\base.py", line 902, in save
    self.save_base(
  File "C:\Users\Msi\AppData\Local\Programs\Python\Python311\Lib\site-packages\django\db\models\base.py", line 1008, in save_base
    updated = self._save_table(
              ^^^^^^^^^^^^^^^^^
  File "C:\Users\Msi\AppData\Local\Programs\Python\Python311\Lib\site-packages\django\db\models\base.py", line 1169, in _save_table
    results = self._do_insert(
              ^^^^^^^^^^^^^^^^
  File "C:\Users\Msi\AppData\Local\Programs\Python\Python311\Lib\site-packages\django\db\models\base.py", line 1210, in _do_insert
    return manager._insert(
           ^^^^^^^^^^^^^^^^
  File "C:\Users\Msi\AppData\Local\Programs\Python\Python311\Lib\site-packages\django\db\models\manager.py", line 87, in manager_method
    return getattr(self.get_queryset(), name)(*args, **kwargs)
           ^^^^^^^^^^^^^^^^^^^^^^^^^^^^^^^^^^^^^^^^^^^^^^^^^^^
  File "C:\Users\Msi\AppData\Local\Programs\Python\Python311\Lib\site-packages\django\db\models\query.py", line 1873, in _insert
    return query.get_compiler(using=using).execute_sql(returning_fields)
           ^^^^^^^^^^^^^^^^^^^^^^^^^^^^^^^^^^^^^^^^^^^^^^^^^^^^^^^^^^^^^
  File "C:\Users\Msi\AppData\Local\Programs\Python\Python311\Lib\site-packages\django\db\models\sql\compiler.py", line 1881, in execute_sql
    for sql, params in self.as_sql():
                       ^^^^^^^^^^^^^
  File "C:\Users\Msi\AppData\Local\Programs\Python\Python311\Lib\site-packages\django\db\models\sql\compiler.py", line 1804, in as_sql
    value_rows = [
                 ^
  File "C:\Users\Msi\AppData\Local\Programs\Python\Python311\Lib\site-packages\django\db\models\sql\compiler.py", line 1805, in <listcomp>
    [
  File "C:\Users\Msi\AppData\Local\Programs\Python\Python311\Lib\site-packages\django\db\models\sql\compiler.py", line 1806, in <listcomp>
    self.prepare_value(field, self.pre_save_val(field, obj))
  File "C:\Users\Msi\AppData\Local\Programs\Python\Python311\Lib\site-packages\django\db\models\sql\compiler.py", line 1741, in prepare_value
    return field.get_db_prep_save(value, connection=self.connection)
           ^^^^^^^^^^^^^^^^^^^^^^^^^^^^^^^^^^^^^^^^^^^^^^^^^^^^^^^^^
  File "C:\Users\Msi\AppData\Local\Programs\Python\Python311\Lib\site-packages\django\db\models\fields\json.py", line 118, in get_db_prep_save
    return super().get_db_prep_save(value, connection)
           ^^^^^^^^^^^^^^^^^^^^^^^^^^^^^^^^^^^^^^^^^^^
  File "C:\Users\Msi\AppData\Local\Programs\Python\Python311\Lib\site-packages\django\db\models\fields\__init__.py", line 1012, in get_db_prep_save
    return self.get_db_prep_value(value, connection=connection, prepared=False)
           ^^^^^^^^^^^^^^^^^^^^^^^^^^^^^^^^^^^^^^^^^^^^^^^^^^^^^^^^^^^^^^^^^^^^
  File "C:\Users\Msi\AppData\Local\Programs\Python\Python311\Lib\site-packages\django\db\models\fields\json.py", line 102, in get_db_prep_value
    return connection.ops.adapt_json_value(value, self.encoder)
           ^^^^^^^^^^^^^^^^^^^^^^^^^^^^^^^^^^^^^^^^^^^^^^^^^^^^
  File "C:\Users\Msi\AppData\Local\Programs\Python\Python311\Lib\site-packages\django\db\backends\base\operations.py", line 598, in adapt_json_value
    return json.dumps(value, cls=encoder)
           ^^^^^^^^^^^^^^^^^^^^^^^^^^^^^^
  File "C:\Users\Msi\AppData\Local\Programs\Python\Python311\Lib\json\__init__.py", line 231, in dumps
    return _default_encoder.encode(obj)
           ^^^^^^^^^^^^^^^^^^^^^^^^^^^^
  File "C:\Users\Msi\AppData\Local\Programs\Python\Python311\Lib\json\encoder.py", line 200, in encode
    chunks = self.iterencode(o, _one_shot=True)
             ^^^^^^^^^^^^^^^^^^^^^^^^^^^^^^^^^^
  File "C:\Users\Msi\AppData\Local\Programs\Python\Python311\Lib\json\encoder.py", line 258, in iterencode
    return _iterencode(o, 0)
           ^^^^^^^^^^^^^^^^^
  File "C:\Users\Msi\AppData\Local\Programs\Python\Python311\Lib\json\encoder.py", line 180, in default
    raise TypeError(f'Object of type {o.__class__.__name__} '
TypeError: Object of type datetime is not JSON serializable
2025-12-08 01:32:48,372 - INFO - HTTP Request: POST https://api.cerebras.ai/v1/chat/completions "HTTP/1.1 200 OK"
2025-12-08 01:32:48,375 - ERROR - Failed to ingest article https://safisud.com/2025/12/07/%d8%a7%d9%84%d8%af%d8%b1%d9%83-%d8%a7%d9%84%d9%85%d9%84%d9%83%d9%8a-%d8%a8%d9%85%d8%b1%d9%83%d8%b2-%d8%a8%d9%88%da%af%d8%af%d8%b1%d8%a9-%d9%8a%d8%af%d8%a7%d9%87%d9%85-%d8%a3%d8%ad%d8%af/
Traceback (most recent call last):
  File "C:\Users\Msi\AppData\Local\Programs\Python\Python311\Lib\site-packages\django\db\models\query.py", line 948, in get_or_create
    return self.get(**kwargs), False
           ^^^^^^^^^^^^^^^^^^
  File "C:\Users\Msi\AppData\Local\Programs\Python\Python311\Lib\site-packages\django\db\models\query.py", line 635, in get
    raise self.model.DoesNotExist(
monitoring.models.Mention.DoesNotExist: Mention matching query does not exist.

During handling of the above exception, another exception occurred:

Traceback (most recent call last):
  File "C:\Users\Msi\Desktop\Abdou_all_codes\media_monitoring\monitoring\services\ingestion.py", line 171, in ingest_latest_articles
    mention, created = Mention.objects.get_or_create(original_url=url, defaults=defaults)
                       ^^^^^^^^^^^^^^^^^^^^^^^^^^^^^^^^^^^^^^^^^^^^^^^^^^^^^^^^^^^^^^^^^^
  File "C:\Users\Msi\AppData\Local\Programs\Python\Python311\Lib\site-packages\django\db\models\manager.py", line 87, in manager_method
    return getattr(self.get_queryset(), name)(*args, **kwargs)
           ^^^^^^^^^^^^^^^^^^^^^^^^^^^^^^^^^^^^^^^^^^^^^^^^^^^
  File "C:\Users\Msi\AppData\Local\Programs\Python\Python311\Lib\site-packages\django\db\models\query.py", line 955, in get_or_create
    return self.create(**params), True
           ^^^^^^^^^^^^^^^^^^^^^
  File "C:\Users\Msi\AppData\Local\Programs\Python\Python311\Lib\site-packages\django\db\models\query.py", line 665, in create
    obj.save(force_insert=True, using=self.db)
  File "C:\Users\Msi\AppData\Local\Programs\Python\Python311\Lib\site-packages\django\db\models\base.py", line 902, in save
    self.save_base(
  File "C:\Users\Msi\AppData\Local\Programs\Python\Python311\Lib\site-packages\django\db\models\base.py", line 1008, in save_base
    updated = self._save_table(
              ^^^^^^^^^^^^^^^^^
  File "C:\Users\Msi\AppData\Local\Programs\Python\Python311\Lib\site-packages\django\db\models\base.py", line 1169, in _save_table
    results = self._do_insert(
              ^^^^^^^^^^^^^^^^
  File "C:\Users\Msi\AppData\Local\Programs\Python\Python311\Lib\site-packages\django\db\models\base.py", line 1210, in _do_insert
    return manager._insert(
           ^^^^^^^^^^^^^^^^
  File "C:\Users\Msi\AppData\Local\Programs\Python\Python311\Lib\site-packages\django\db\models\manager.py", line 87, in manager_method
    return getattr(self.get_queryset(), name)(*args, **kwargs)
           ^^^^^^^^^^^^^^^^^^^^^^^^^^^^^^^^^^^^^^^^^^^^^^^^^^^
  File "C:\Users\Msi\AppData\Local\Programs\Python\Python311\Lib\site-packages\django\db\models\query.py", line 1873, in _insert
    return query.get_compiler(using=using).execute_sql(returning_fields)
           ^^^^^^^^^^^^^^^^^^^^^^^^^^^^^^^^^^^^^^^^^^^^^^^^^^^^^^^^^^^^^
  File "C:\Users\Msi\AppData\Local\Programs\Python\Python311\Lib\site-packages\django\db\models\sql\compiler.py", line 1881, in execute_sql
    for sql, params in self.as_sql():
                       ^^^^^^^^^^^^^
  File "C:\Users\Msi\AppData\Local\Programs\Python\Python311\Lib\site-packages\django\db\models\sql\compiler.py", line 1804, in as_sql
    value_rows = [
                 ^
  File "C:\Users\Msi\AppData\Local\Programs\Python\Python311\Lib\site-packages\django\db\models\sql\compiler.py", line 1805, in <listcomp>
    [
  File "C:\Users\Msi\AppData\Local\Programs\Python\Python311\Lib\site-packages\django\db\models\sql\compiler.py", line 1806, in <listcomp>
    self.prepare_value(field, self.pre_save_val(field, obj))
  File "C:\Users\Msi\AppData\Local\Programs\Python\Python311\Lib\site-packages\django\db\models\sql\compiler.py", line 1741, in prepare_value
    return field.get_db_prep_save(value, connection=self.connection)
           ^^^^^^^^^^^^^^^^^^^^^^^^^^^^^^^^^^^^^^^^^^^^^^^^^^^^^^^^^
  File "C:\Users\Msi\AppData\Local\Programs\Python\Python311\Lib\site-packages\django\db\models\fields\json.py", line 118, in get_db_prep_save
    return super().get_db_prep_save(value, connection)
           ^^^^^^^^^^^^^^^^^^^^^^^^^^^^^^^^^^^^^^^^^^^
  File "C:\Users\Msi\AppData\Local\Programs\Python\Python311\Lib\site-packages\django\db\models\fields\__init__.py", line 1012, in get_db_prep_save
    return self.get_db_prep_value(value, connection=connection, prepared=False)
           ^^^^^^^^^^^^^^^^^^^^^^^^^^^^^^^^^^^^^^^^^^^^^^^^^^^^^^^^^^^^^^^^^^^^
  File "C:\Users\Msi\AppData\Local\Programs\Python\Python311\Lib\site-packages\django\db\models\fields\json.py", line 102, in get_db_prep_value
    return connection.ops.adapt_json_value(value, self.encoder)
           ^^^^^^^^^^^^^^^^^^^^^^^^^^^^^^^^^^^^^^^^^^^^^^^^^^^^
  File "C:\Users\Msi\AppData\Local\Programs\Python\Python311\Lib\site-packages\django\db\backends\base\operations.py", line 598, in adapt_json_value
    return json.dumps(value, cls=encoder)
           ^^^^^^^^^^^^^^^^^^^^^^^^^^^^^^
  File "C:\Users\Msi\AppData\Local\Programs\Python\Python311\Lib\json\__init__.py", line 231, in dumps
    return _default_encoder.encode(obj)
           ^^^^^^^^^^^^^^^^^^^^^^^^^^^^
  File "C:\Users\Msi\AppData\Local\Programs\Python\Python311\Lib\json\encoder.py", line 200, in encode
    chunks = self.iterencode(o, _one_shot=True)
             ^^^^^^^^^^^^^^^^^^^^^^^^^^^^^^^^^^
  File "C:\Users\Msi\AppData\Local\Programs\Python\Python311\Lib\json\encoder.py", line 258, in iterencode
    return _iterencode(o, 0)
           ^^^^^^^^^^^^^^^^^
  File "C:\Users\Msi\AppData\Local\Programs\Python\Python311\Lib\json\encoder.py", line 180, in default
    raise TypeError(f'Object of type {o.__class__.__name__} '
TypeError: Object of type datetime is not JSON serializable
2025-12-08 01:32:49,119 - INFO - HTTP Request: POST https://api.cerebras.ai/v1/chat/completions "HTTP/1.1 200 OK"
2025-12-08 01:32:49,119 - ERROR - Failed to ingest article https://safisud.com/2025/12/07/%d8%a3%d9%88%d9%84-%d8%b8%d9%87%d9%88%d8%b1-%d8%b1%d8%b3%d9%85%d9%8a-%d9%84%d9%84%d9%83%d8%a7%d8%aa%d8%a8-%d8%a7%d9%84%d8%b9%d8%a7%d9%85-%d8%a7%d9%84%d8%ac%d8%af%d9%8a%d8%af-%d9%84%d8%b9%d9%85%d8%a7/
Traceback (most recent call last):
  File "C:\Users\Msi\AppData\Local\Programs\Python\Python311\Lib\site-packages\django\db\models\query.py", line 948, in get_or_create
    return self.get(**kwargs), False
           ^^^^^^^^^^^^^^^^^^
  File "C:\Users\Msi\AppData\Local\Programs\Python\Python311\Lib\site-packages\django\db\models\query.py", line 635, in get
    raise self.model.DoesNotExist(
monitoring.models.Mention.DoesNotExist: Mention matching query does not exist.

During handling of the above exception, another exception occurred:

Traceback (most recent call last):
  File "C:\Users\Msi\Desktop\Abdou_all_codes\media_monitoring\monitoring\services\ingestion.py", line 171, in ingest_latest_articles
    mention, created = Mention.objects.get_or_create(original_url=url, defaults=defaults)
                       ^^^^^^^^^^^^^^^^^^^^^^^^^^^^^^^^^^^^^^^^^^^^^^^^^^^^^^^^^^^^^^^^^^
  File "C:\Users\Msi\AppData\Local\Programs\Python\Python311\Lib\site-packages\django\db\models\manager.py", line 87, in manager_method
    return getattr(self.get_queryset(), name)(*args, **kwargs)
           ^^^^^^^^^^^^^^^^^^^^^^^^^^^^^^^^^^^^^^^^^^^^^^^^^^^
  File "C:\Users\Msi\AppData\Local\Programs\Python\Python311\Lib\site-packages\django\db\models\query.py", line 955, in get_or_create
    return self.create(**params), True
           ^^^^^^^^^^^^^^^^^^^^^
  File "C:\Users\Msi\AppData\Local\Programs\Python\Python311\Lib\site-packages\django\db\models\query.py", line 665, in create
    obj.save(force_insert=True, using=self.db)
  File "C:\Users\Msi\AppData\Local\Programs\Python\Python311\Lib\site-packages\django\db\models\base.py", line 902, in save
    self.save_base(
  File "C:\Users\Msi\AppData\Local\Programs\Python\Python311\Lib\site-packages\django\db\models\base.py", line 1008, in save_base
    updated = self._save_table(
              ^^^^^^^^^^^^^^^^^
  File "C:\Users\Msi\AppData\Local\Programs\Python\Python311\Lib\site-packages\django\db\models\base.py", line 1169, in _save_table
    results = self._do_insert(
              ^^^^^^^^^^^^^^^^
  File "C:\Users\Msi\AppData\Local\Programs\Python\Python311\Lib\site-packages\django\db\models\base.py", line 1210, in _do_insert
    return manager._insert(
           ^^^^^^^^^^^^^^^^
  File "C:\Users\Msi\AppData\Local\Programs\Python\Python311\Lib\site-packages\django\db\models\manager.py", line 87, in manager_method
    return getattr(self.get_queryset(), name)(*args, **kwargs)
           ^^^^^^^^^^^^^^^^^^^^^^^^^^^^^^^^^^^^^^^^^^^^^^^^^^^
  File "C:\Users\Msi\AppData\Local\Programs\Python\Python311\Lib\site-packages\django\db\models\query.py", line 1873, in _insert
    return query.get_compiler(using=using).execute_sql(returning_fields)
           ^^^^^^^^^^^^^^^^^^^^^^^^^^^^^^^^^^^^^^^^^^^^^^^^^^^^^^^^^^^^^
  File "C:\Users\Msi\AppData\Local\Programs\Python\Python311\Lib\site-packages\django\db\models\sql\compiler.py", line 1881, in execute_sql
    for sql, params in self.as_sql():
                       ^^^^^^^^^^^^^
  File "C:\Users\Msi\AppData\Local\Programs\Python\Python311\Lib\site-packages\django\db\models\sql\compiler.py", line 1804, in as_sql
    value_rows = [
                 ^
  File "C:\Users\Msi\AppData\Local\Programs\Python\Python311\Lib\site-packages\django\db\models\sql\compiler.py", line 1805, in <listcomp>
    [
  File "C:\Users\Msi\AppData\Local\Programs\Python\Python311\Lib\site-packages\django\db\models\sql\compiler.py", line 1806, in <listcomp>
    self.prepare_value(field, self.pre_save_val(field, obj))
  File "C:\Users\Msi\AppData\Local\Programs\Python\Python311\Lib\site-packages\django\db\models\sql\compiler.py", line 1741, in prepare_value
    return field.get_db_prep_save(value, connection=self.connection)
           ^^^^^^^^^^^^^^^^^^^^^^^^^^^^^^^^^^^^^^^^^^^^^^^^^^^^^^^^^
  File "C:\Users\Msi\AppData\Local\Programs\Python\Python311\Lib\site-packages\django\db\models\fields\json.py", line 118, in get_db_prep_save
    return super().get_db_prep_save(value, connection)
           ^^^^^^^^^^^^^^^^^^^^^^^^^^^^^^^^^^^^^^^^^^^
  File "C:\Users\Msi\AppData\Local\Programs\Python\Python311\Lib\site-packages\django\db\models\fields\__init__.py", line 1012, in get_db_prep_save
    return self.get_db_prep_value(value, connection=connection, prepared=False)
           ^^^^^^^^^^^^^^^^^^^^^^^^^^^^^^^^^^^^^^^^^^^^^^^^^^^^^^^^^^^^^^^^^^^^
  File "C:\Users\Msi\AppData\Local\Programs\Python\Python311\Lib\site-packages\django\db\models\fields\json.py", line 102, in get_db_prep_value
    return connection.ops.adapt_json_value(value, self.encoder)
           ^^^^^^^^^^^^^^^^^^^^^^^^^^^^^^^^^^^^^^^^^^^^^^^^^^^^
  File "C:\Users\Msi\AppData\Local\Programs\Python\Python311\Lib\site-packages\django\db\backends\base\operations.py", line 598, in adapt_json_value
    return json.dumps(value, cls=encoder)
           ^^^^^^^^^^^^^^^^^^^^^^^^^^^^^^
  File "C:\Users\Msi\AppData\Local\Programs\Python\Python311\Lib\json\__init__.py", line 231, in dumps
    return _default_encoder.encode(obj)
           ^^^^^^^^^^^^^^^^^^^^^^^^^^^^
  File "C:\Users\Msi\AppData\Local\Programs\Python\Python311\Lib\json\encoder.py", line 200, in encode
    chunks = self.iterencode(o, _one_shot=True)
             ^^^^^^^^^^^^^^^^^^^^^^^^^^^^^^^^^^
  File "C:\Users\Msi\AppData\Local\Programs\Python\Python311\Lib\json\encoder.py", line 258, in iterencode
    return _iterencode(o, 0)
           ^^^^^^^^^^^^^^^^^
  File "C:\Users\Msi\AppData\Local\Programs\Python\Python311\Lib\json\encoder.py", line 180, in default
    raise TypeError(f'Object of type {o.__class__.__name__} '
TypeError: Object of type datetime is not JSON serializable
2025-12-08 01:32:49,937 - INFO - HTTP Request: POST https://api.cerebras.ai/v1/chat/completions "HTTP/1.1 200 OK"
2025-12-08 01:32:49,937 - ERROR - Failed to ingest article https://www.hespress.com/%d9%85%d8%ac%d9%86%d9%88%d9%86-%d9%85%d9%86-%d8%a7%d9%84%d9%82%d9%8a%d8%af-%d8%a7%d9%84%d8%b6%d8%ad%d9%83-%d9%8a%d8%aa%d8%ad%d9%88%d9%84-%d8%a5%d9%84%d9%89-%d8%b3%d9%84%d8%a7%d8%ad-%d9%84%d9%84-1666776.html
Traceback (most recent call last):
  File "C:\Users\Msi\AppData\Local\Programs\Python\Python311\Lib\site-packages\django\db\models\query.py", line 948, in get_or_create
    return self.get(**kwargs), False
           ^^^^^^^^^^^^^^^^^^
  File "C:\Users\Msi\AppData\Local\Programs\Python\Python311\Lib\site-packages\django\db\models\query.py", line 635, in get
    raise self.model.DoesNotExist(
monitoring.models.Mention.DoesNotExist: Mention matching query does not exist.

During handling of the above exception, another exception occurred:

Traceback (most recent call last):
  File "C:\Users\Msi\Desktop\Abdou_all_codes\media_monitoring\monitoring\services\ingestion.py", line 171, in ingest_latest_articles
    mention, created = Mention.objects.get_or_create(original_url=url, defaults=defaults)
                       ^^^^^^^^^^^^^^^^^^^^^^^^^^^^^^^^^^^^^^^^^^^^^^^^^^^^^^^^^^^^^^^^^^
  File "C:\Users\Msi\AppData\Local\Programs\Python\Python311\Lib\site-packages\django\db\models\manager.py", line 87, in manager_method
    return getattr(self.get_queryset(), name)(*args, **kwargs)
           ^^^^^^^^^^^^^^^^^^^^^^^^^^^^^^^^^^^^^^^^^^^^^^^^^^^
  File "C:\Users\Msi\AppData\Local\Programs\Python\Python311\Lib\site-packages\django\db\models\query.py", line 955, in get_or_create
    return self.create(**params), True
           ^^^^^^^^^^^^^^^^^^^^^
  File "C:\Users\Msi\AppData\Local\Programs\Python\Python311\Lib\site-packages\django\db\models\query.py", line 665, in create
    obj.save(force_insert=True, using=self.db)
  File "C:\Users\Msi\AppData\Local\Programs\Python\Python311\Lib\site-packages\django\db\models\base.py", line 902, in save
    self.save_base(
  File "C:\Users\Msi\AppData\Local\Programs\Python\Python311\Lib\site-packages\django\db\models\base.py", line 1008, in save_base
    updated = self._save_table(
              ^^^^^^^^^^^^^^^^^
  File "C:\Users\Msi\AppData\Local\Programs\Python\Python311\Lib\site-packages\django\db\models\base.py", line 1169, in _save_table
    results = self._do_insert(
              ^^^^^^^^^^^^^^^^
  File "C:\Users\Msi\AppData\Local\Programs\Python\Python311\Lib\site-packages\django\db\models\base.py", line 1210, in _do_insert
    return manager._insert(
           ^^^^^^^^^^^^^^^^
  File "C:\Users\Msi\AppData\Local\Programs\Python\Python311\Lib\site-packages\django\db\models\manager.py", line 87, in manager_method
    return getattr(self.get_queryset(), name)(*args, **kwargs)
           ^^^^^^^^^^^^^^^^^^^^^^^^^^^^^^^^^^^^^^^^^^^^^^^^^^^
  File "C:\Users\Msi\AppData\Local\Programs\Python\Python311\Lib\site-packages\django\db\models\query.py", line 1873, in _insert
    return query.get_compiler(using=using).execute_sql(returning_fields)
           ^^^^^^^^^^^^^^^^^^^^^^^^^^^^^^^^^^^^^^^^^^^^^^^^^^^^^^^^^^^^^
  File "C:\Users\Msi\AppData\Local\Programs\Python\Python311\Lib\site-packages\django\db\models\sql\compiler.py", line 1881, in execute_sql
    for sql, params in self.as_sql():
                       ^^^^^^^^^^^^^
  File "C:\Users\Msi\AppData\Local\Programs\Python\Python311\Lib\site-packages\django\db\models\sql\compiler.py", line 1804, in as_sql
    value_rows = [
                 ^
  File "C:\Users\Msi\AppData\Local\Programs\Python\Python311\Lib\site-packages\django\db\models\sql\compiler.py", line 1805, in <listcomp>
    [
  File "C:\Users\Msi\AppData\Local\Programs\Python\Python311\Lib\site-packages\django\db\models\sql\compiler.py", line 1806, in <listcomp>
    self.prepare_value(field, self.pre_save_val(field, obj))
  File "C:\Users\Msi\AppData\Local\Programs\Python\Python311\Lib\site-packages\django\db\models\sql\compiler.py", line 1741, in prepare_value
    return field.get_db_prep_save(value, connection=self.connection)
           ^^^^^^^^^^^^^^^^^^^^^^^^^^^^^^^^^^^^^^^^^^^^^^^^^^^^^^^^^
  File "C:\Users\Msi\AppData\Local\Programs\Python\Python311\Lib\site-packages\django\db\models\fields\json.py", line 118, in get_db_prep_save
    return super().get_db_prep_save(value, connection)
           ^^^^^^^^^^^^^^^^^^^^^^^^^^^^^^^^^^^^^^^^^^^
  File "C:\Users\Msi\AppData\Local\Programs\Python\Python311\Lib\site-packages\django\db\models\fields\__init__.py", line 1012, in get_db_prep_save
    return self.get_db_prep_value(value, connection=connection, prepared=False)
           ^^^^^^^^^^^^^^^^^^^^^^^^^^^^^^^^^^^^^^^^^^^^^^^^^^^^^^^^^^^^^^^^^^^^
  File "C:\Users\Msi\AppData\Local\Programs\Python\Python311\Lib\site-packages\django\db\models\fields\json.py", line 102, in get_db_prep_value
    return connection.ops.adapt_json_value(value, self.encoder)
           ^^^^^^^^^^^^^^^^^^^^^^^^^^^^^^^^^^^^^^^^^^^^^^^^^^^^
  File "C:\Users\Msi\AppData\Local\Programs\Python\Python311\Lib\site-packages\django\db\backends\base\operations.py", line 598, in adapt_json_value
    return json.dumps(value, cls=encoder)
           ^^^^^^^^^^^^^^^^^^^^^^^^^^^^^^
  File "C:\Users\Msi\AppData\Local\Programs\Python\Python311\Lib\json\__init__.py", line 231, in dumps
    return _default_encoder.encode(obj)
           ^^^^^^^^^^^^^^^^^^^^^^^^^^^^
  File "C:\Users\Msi\AppData\Local\Programs\Python\Python311\Lib\json\encoder.py", line 200, in encode
    chunks = self.iterencode(o, _one_shot=True)
             ^^^^^^^^^^^^^^^^^^^^^^^^^^^^^^^^^^
  File "C:\Users\Msi\AppData\Local\Programs\Python\Python311\Lib\json\encoder.py", line 258, in iterencode
    return _iterencode(o, 0)
           ^^^^^^^^^^^^^^^^^
  File "C:\Users\Msi\AppData\Local\Programs\Python\Python311\Lib\json\encoder.py", line 180, in default
    raise TypeError(f'Object of type {o.__class__.__name__} '
TypeError: Object of type datetime is not JSON serializable
2025-12-08 01:32:50,468 - INFO - HTTP Request: POST https://api.cerebras.ai/v1/chat/completions "HTTP/1.1 200 OK"
2025-12-08 01:32:50,468 - ERROR - Failed to ingest article https://www.hespress.com/%d8%a7%d9%84%d8%ad%d9%83%d9%88%d9%85%d8%a9-%d8%a7%d9%84%d9%81%d8%b1%d9%86%d8%b3%d9%8a%d8%a9-%d8%aa%d8%aa%d9%88%d9%82%d8%b9-%d8%a7%d8%b1%d8%aa%d9%81%d8%a7%d8%b9-%d8%a7%d9%84%d9%86%d9%85%d9%88-%d9%85-1667660.html
Traceback (most recent call last):
  File "C:\Users\Msi\AppData\Local\Programs\Python\Python311\Lib\site-packages\django\db\models\query.py", line 948, in get_or_create
    return self.get(**kwargs), False
           ^^^^^^^^^^^^^^^^^^
  File "C:\Users\Msi\AppData\Local\Programs\Python\Python311\Lib\site-packages\django\db\models\query.py", line 635, in get
    raise self.model.DoesNotExist(
monitoring.models.Mention.DoesNotExist: Mention matching query does not exist.

During handling of the above exception, another exception occurred:

Traceback (most recent call last):
  File "C:\Users\Msi\Desktop\Abdou_all_codes\media_monitoring\monitoring\services\ingestion.py", line 171, in ingest_latest_articles
    mention, created = Mention.objects.get_or_create(original_url=url, defaults=defaults)
                       ^^^^^^^^^^^^^^^^^^^^^^^^^^^^^^^^^^^^^^^^^^^^^^^^^^^^^^^^^^^^^^^^^^
  File "C:\Users\Msi\AppData\Local\Programs\Python\Python311\Lib\site-packages\django\db\models\manager.py", line 87, in manager_method
    return getattr(self.get_queryset(), name)(*args, **kwargs)
           ^^^^^^^^^^^^^^^^^^^^^^^^^^^^^^^^^^^^^^^^^^^^^^^^^^^
  File "C:\Users\Msi\AppData\Local\Programs\Python\Python311\Lib\site-packages\django\db\models\query.py", line 955, in get_or_create
    return self.create(**params), True
           ^^^^^^^^^^^^^^^^^^^^^
  File "C:\Users\Msi\AppData\Local\Programs\Python\Python311\Lib\site-packages\django\db\models\query.py", line 665, in create
    obj.save(force_insert=True, using=self.db)
  File "C:\Users\Msi\AppData\Local\Programs\Python\Python311\Lib\site-packages\django\db\models\base.py", line 902, in save
    self.save_base(
  File "C:\Users\Msi\AppData\Local\Programs\Python\Python311\Lib\site-packages\django\db\models\base.py", line 1008, in save_base
    updated = self._save_table(
              ^^^^^^^^^^^^^^^^^
  File "C:\Users\Msi\AppData\Local\Programs\Python\Python311\Lib\site-packages\django\db\models\base.py", line 1169, in _save_table
    results = self._do_insert(
              ^^^^^^^^^^^^^^^^
  File "C:\Users\Msi\AppData\Local\Programs\Python\Python311\Lib\site-packages\django\db\models\base.py", line 1210, in _do_insert
    return manager._insert(
           ^^^^^^^^^^^^^^^^
  File "C:\Users\Msi\AppData\Local\Programs\Python\Python311\Lib\site-packages\django\db\models\manager.py", line 87, in manager_method
    return getattr(self.get_queryset(), name)(*args, **kwargs)
           ^^^^^^^^^^^^^^^^^^^^^^^^^^^^^^^^^^^^^^^^^^^^^^^^^^^
  File "C:\Users\Msi\AppData\Local\Programs\Python\Python311\Lib\site-packages\django\db\models\query.py", line 1873, in _insert
    return query.get_compiler(using=using).execute_sql(returning_fields)
           ^^^^^^^^^^^^^^^^^^^^^^^^^^^^^^^^^^^^^^^^^^^^^^^^^^^^^^^^^^^^^
  File "C:\Users\Msi\AppData\Local\Programs\Python\Python311\Lib\site-packages\django\db\models\sql\compiler.py", line 1881, in execute_sql
    for sql, params in self.as_sql():
                       ^^^^^^^^^^^^^
  File "C:\Users\Msi\AppData\Local\Programs\Python\Python311\Lib\site-packages\django\db\models\sql\compiler.py", line 1804, in as_sql
    value_rows = [
                 ^
  File "C:\Users\Msi\AppData\Local\Programs\Python\Python311\Lib\site-packages\django\db\models\sql\compiler.py", line 1805, in <listcomp>
    [
  File "C:\Users\Msi\AppData\Local\Programs\Python\Python311\Lib\site-packages\django\db\models\sql\compiler.py", line 1806, in <listcomp>
    self.prepare_value(field, self.pre_save_val(field, obj))
  File "C:\Users\Msi\AppData\Local\Programs\Python\Python311\Lib\site-packages\django\db\models\sql\compiler.py", line 1741, in prepare_value
    return field.get_db_prep_save(value, connection=self.connection)
           ^^^^^^^^^^^^^^^^^^^^^^^^^^^^^^^^^^^^^^^^^^^^^^^^^^^^^^^^^
  File "C:\Users\Msi\AppData\Local\Programs\Python\Python311\Lib\site-packages\django\db\models\fields\json.py", line 118, in get_db_prep_save
    return super().get_db_prep_save(value, connection)
           ^^^^^^^^^^^^^^^^^^^^^^^^^^^^^^^^^^^^^^^^^^^
  File "C:\Users\Msi\AppData\Local\Programs\Python\Python311\Lib\site-packages\django\db\models\fields\__init__.py", line 1012, in get_db_prep_save
    return self.get_db_prep_value(value, connection=connection, prepared=False)
           ^^^^^^^^^^^^^^^^^^^^^^^^^^^^^^^^^^^^^^^^^^^^^^^^^^^^^^^^^^^^^^^^^^^^
  File "C:\Users\Msi\AppData\Local\Programs\Python\Python311\Lib\site-packages\django\db\models\fields\json.py", line 102, in get_db_prep_value
    return connection.ops.adapt_json_value(value, self.encoder)
           ^^^^^^^^^^^^^^^^^^^^^^^^^^^^^^^^^^^^^^^^^^^^^^^^^^^^
  File "C:\Users\Msi\AppData\Local\Programs\Python\Python311\Lib\site-packages\django\db\backends\base\operations.py", line 598, in adapt_json_value
    return json.dumps(value, cls=encoder)
           ^^^^^^^^^^^^^^^^^^^^^^^^^^^^^^
  File "C:\Users\Msi\AppData\Local\Programs\Python\Python311\Lib\json\__init__.py", line 231, in dumps
    return _default_encoder.encode(obj)
           ^^^^^^^^^^^^^^^^^^^^^^^^^^^^
  File "C:\Users\Msi\AppData\Local\Programs\Python\Python311\Lib\json\encoder.py", line 200, in encode
    chunks = self.iterencode(o, _one_shot=True)
             ^^^^^^^^^^^^^^^^^^^^^^^^^^^^^^^^^^
  File "C:\Users\Msi\AppData\Local\Programs\Python\Python311\Lib\json\encoder.py", line 258, in iterencode
    return _iterencode(o, 0)
           ^^^^^^^^^^^^^^^^^
  File "C:\Users\Msi\AppData\Local\Programs\Python\Python311\Lib\json\encoder.py", line 180, in default
    raise TypeError(f'Object of type {o.__class__.__name__} '
TypeError: Object of type datetime is not JSON serializable
2025-12-08 01:32:51,088 - INFO - HTTP Request: POST https://api.cerebras.ai/v1/chat/completions "HTTP/1.1 200 OK"
2025-12-08 01:32:51,088 - ERROR - Failed to ingest article https://www.hespress.com/%d8%a7%d9%84%d8%aa%d9%88%d8%aa%d8%b1%d8%a7%d8%aa-%d8%a7%d9%84%d8%b3%d9%8a%d8%a7%d8%b3%d9%8a%d8%a9-%d8%a7%d9%84%d8%af%d8%a7%d8%ae%d9%84%d9%8a%d8%a9-%d9%81%d9%8a-%d8%a5%d8%b3%d8%a8%d8%a7%d9%86%d9%8a-1667668.html
Traceback (most recent call last):
  File "C:\Users\Msi\AppData\Local\Programs\Python\Python311\Lib\site-packages\django\db\models\query.py", line 948, in get_or_create
    return self.get(**kwargs), False
           ^^^^^^^^^^^^^^^^^^
  File "C:\Users\Msi\AppData\Local\Programs\Python\Python311\Lib\site-packages\django\db\models\query.py", line 635, in get
    raise self.model.DoesNotExist(
monitoring.models.Mention.DoesNotExist: Mention matching query does not exist.

During handling of the above exception, another exception occurred:

Traceback (most recent call last):
  File "C:\Users\Msi\Desktop\Abdou_all_codes\media_monitoring\monitoring\services\ingestion.py", line 171, in ingest_latest_articles
    mention, created = Mention.objects.get_or_create(original_url=url, defaults=defaults)
                       ^^^^^^^^^^^^^^^^^^^^^^^^^^^^^^^^^^^^^^^^^^^^^^^^^^^^^^^^^^^^^^^^^^
  File "C:\Users\Msi\AppData\Local\Programs\Python\Python311\Lib\site-packages\django\db\models\manager.py", line 87, in manager_method
    return getattr(self.get_queryset(), name)(*args, **kwargs)
           ^^^^^^^^^^^^^^^^^^^^^^^^^^^^^^^^^^^^^^^^^^^^^^^^^^^
  File "C:\Users\Msi\AppData\Local\Programs\Python\Python311\Lib\site-packages\django\db\models\query.py", line 955, in get_or_create
    return self.create(**params), True
           ^^^^^^^^^^^^^^^^^^^^^
  File "C:\Users\Msi\AppData\Local\Programs\Python\Python311\Lib\site-packages\django\db\models\query.py", line 665, in create
    obj.save(force_insert=True, using=self.db)
  File "C:\Users\Msi\AppData\Local\Programs\Python\Python311\Lib\site-packages\django\db\models\base.py", line 902, in save
    self.save_base(
  File "C:\Users\Msi\AppData\Local\Programs\Python\Python311\Lib\site-packages\django\db\models\base.py", line 1008, in save_base
    updated = self._save_table(
              ^^^^^^^^^^^^^^^^^
  File "C:\Users\Msi\AppData\Local\Programs\Python\Python311\Lib\site-packages\django\db\models\base.py", line 1169, in _save_table
    results = self._do_insert(
              ^^^^^^^^^^^^^^^^
  File "C:\Users\Msi\AppData\Local\Programs\Python\Python311\Lib\site-packages\django\db\models\base.py", line 1210, in _do_insert
    return manager._insert(
           ^^^^^^^^^^^^^^^^
  File "C:\Users\Msi\AppData\Local\Programs\Python\Python311\Lib\site-packages\django\db\models\manager.py", line 87, in manager_method
    return getattr(self.get_queryset(), name)(*args, **kwargs)
           ^^^^^^^^^^^^^^^^^^^^^^^^^^^^^^^^^^^^^^^^^^^^^^^^^^^
  File "C:\Users\Msi\AppData\Local\Programs\Python\Python311\Lib\site-packages\django\db\models\query.py", line 1873, in _insert
    return query.get_compiler(using=using).execute_sql(returning_fields)
           ^^^^^^^^^^^^^^^^^^^^^^^^^^^^^^^^^^^^^^^^^^^^^^^^^^^^^^^^^^^^^
  File "C:\Users\Msi\AppData\Local\Programs\Python\Python311\Lib\site-packages\django\db\models\sql\compiler.py", line 1881, in execute_sql
    for sql, params in self.as_sql():
                       ^^^^^^^^^^^^^
  File "C:\Users\Msi\AppData\Local\Programs\Python\Python311\Lib\site-packages\django\db\models\sql\compiler.py", line 1804, in as_sql
    value_rows = [
                 ^
  File "C:\Users\Msi\AppData\Local\Programs\Python\Python311\Lib\site-packages\django\db\models\sql\compiler.py", line 1805, in <listcomp>
    [
  File "C:\Users\Msi\AppData\Local\Programs\Python\Python311\Lib\site-packages\django\db\models\sql\compiler.py", line 1806, in <listcomp>
    self.prepare_value(field, self.pre_save_val(field, obj))
  File "C:\Users\Msi\AppData\Local\Programs\Python\Python311\Lib\site-packages\django\db\models\sql\compiler.py", line 1741, in prepare_value
    return field.get_db_prep_save(value, connection=self.connection)
           ^^^^^^^^^^^^^^^^^^^^^^^^^^^^^^^^^^^^^^^^^^^^^^^^^^^^^^^^^
  File "C:\Users\Msi\AppData\Local\Programs\Python\Python311\Lib\site-packages\django\db\models\fields\json.py", line 118, in get_db_prep_save
    return super().get_db_prep_save(value, connection)
           ^^^^^^^^^^^^^^^^^^^^^^^^^^^^^^^^^^^^^^^^^^^
  File "C:\Users\Msi\AppData\Local\Programs\Python\Python311\Lib\site-packages\django\db\models\fields\__init__.py", line 1012, in get_db_prep_save
    return self.get_db_prep_value(value, connection=connection, prepared=False)
           ^^^^^^^^^^^^^^^^^^^^^^^^^^^^^^^^^^^^^^^^^^^^^^^^^^^^^^^^^^^^^^^^^^^^
  File "C:\Users\Msi\AppData\Local\Programs\Python\Python311\Lib\site-packages\django\db\models\fields\json.py", line 102, in get_db_prep_value
    return connection.ops.adapt_json_value(value, self.encoder)
           ^^^^^^^^^^^^^^^^^^^^^^^^^^^^^^^^^^^^^^^^^^^^^^^^^^^^
  File "C:\Users\Msi\AppData\Local\Programs\Python\Python311\Lib\site-packages\django\db\backends\base\operations.py", line 598, in adapt_json_value
    return json.dumps(value, cls=encoder)
           ^^^^^^^^^^^^^^^^^^^^^^^^^^^^^^
  File "C:\Users\Msi\AppData\Local\Programs\Python\Python311\Lib\json\__init__.py", line 231, in dumps
    return _default_encoder.encode(obj)
           ^^^^^^^^^^^^^^^^^^^^^^^^^^^^
  File "C:\Users\Msi\AppData\Local\Programs\Python\Python311\Lib\json\encoder.py", line 200, in encode
    chunks = self.iterencode(o, _one_shot=True)
             ^^^^^^^^^^^^^^^^^^^^^^^^^^^^^^^^^^
  File "C:\Users\Msi\AppData\Local\Programs\Python\Python311\Lib\json\encoder.py", line 258, in iterencode
    return _iterencode(o, 0)
           ^^^^^^^^^^^^^^^^^
  File "C:\Users\Msi\AppData\Local\Programs\Python\Python311\Lib\json\encoder.py", line 180, in default
    raise TypeError(f'Object of type {o.__class__.__name__} '
TypeError: Object of type datetime is not JSON serializable
2025-12-08 01:32:51,643 - INFO - HTTP Request: POST https://api.cerebras.ai/v1/chat/completions "HTTP/1.1 200 OK"
2025-12-08 01:32:51,656 - ERROR - Failed to ingest article https://www.hespress.com/%d8%b1%d8%b5%d9%8a%d9%81-%d8%a7%d9%84%d8%b5%d8%ad%d8%a7%d9%81%d8%a9-%d8%aa%d8%b9%d8%b2%d9%8a%d8%b2%d8%a7%d8%aa-%d8%a3%d9%85%d9%86%d9%8a%d8%a9-%d8%aa%d9%88%d8%a7%d8%ac%d9%87-%d8%a7%d9%84%d9%85%d8%ad-1667729.html
Traceback (most recent call last):
  File "C:\Users\Msi\AppData\Local\Programs\Python\Python311\Lib\site-packages\django\db\models\query.py", line 948, in get_or_create
    return self.get(**kwargs), False
           ^^^^^^^^^^^^^^^^^^
  File "C:\Users\Msi\AppData\Local\Programs\Python\Python311\Lib\site-packages\django\db\models\query.py", line 635, in get
    raise self.model.DoesNotExist(
monitoring.models.Mention.DoesNotExist: Mention matching query does not exist.

During handling of the above exception, another exception occurred:

Traceback (most recent call last):
  File "C:\Users\Msi\Desktop\Abdou_all_codes\media_monitoring\monitoring\services\ingestion.py", line 171, in ingest_latest_articles
    mention, created = Mention.objects.get_or_create(original_url=url, defaults=defaults)
                       ^^^^^^^^^^^^^^^^^^^^^^^^^^^^^^^^^^^^^^^^^^^^^^^^^^^^^^^^^^^^^^^^^^
  File "C:\Users\Msi\AppData\Local\Programs\Python\Python311\Lib\site-packages\django\db\models\manager.py", line 87, in manager_method
    return getattr(self.get_queryset(), name)(*args, **kwargs)
           ^^^^^^^^^^^^^^^^^^^^^^^^^^^^^^^^^^^^^^^^^^^^^^^^^^^
  File "C:\Users\Msi\AppData\Local\Programs\Python\Python311\Lib\site-packages\django\db\models\query.py", line 955, in get_or_create
    return self.create(**params), True
           ^^^^^^^^^^^^^^^^^^^^^
  File "C:\Users\Msi\AppData\Local\Programs\Python\Python311\Lib\site-packages\django\db\models\query.py", line 665, in create
    obj.save(force_insert=True, using=self.db)
  File "C:\Users\Msi\AppData\Local\Programs\Python\Python311\Lib\site-packages\django\db\models\base.py", line 902, in save
    self.save_base(
  File "C:\Users\Msi\AppData\Local\Programs\Python\Python311\Lib\site-packages\django\db\models\base.py", line 1008, in save_base
    updated = self._save_table(
              ^^^^^^^^^^^^^^^^^
  File "C:\Users\Msi\AppData\Local\Programs\Python\Python311\Lib\site-packages\django\db\models\base.py", line 1169, in _save_table
    results = self._do_insert(
              ^^^^^^^^^^^^^^^^
  File "C:\Users\Msi\AppData\Local\Programs\Python\Python311\Lib\site-packages\django\db\models\base.py", line 1210, in _do_insert
    return manager._insert(
           ^^^^^^^^^^^^^^^^
  File "C:\Users\Msi\AppData\Local\Programs\Python\Python311\Lib\site-packages\django\db\models\manager.py", line 87, in manager_method
    return getattr(self.get_queryset(), name)(*args, **kwargs)
           ^^^^^^^^^^^^^^^^^^^^^^^^^^^^^^^^^^^^^^^^^^^^^^^^^^^
  File "C:\Users\Msi\AppData\Local\Programs\Python\Python311\Lib\site-packages\django\db\models\query.py", line 1873, in _insert
    return query.get_compiler(using=using).execute_sql(returning_fields)
           ^^^^^^^^^^^^^^^^^^^^^^^^^^^^^^^^^^^^^^^^^^^^^^^^^^^^^^^^^^^^^
  File "C:\Users\Msi\AppData\Local\Programs\Python\Python311\Lib\site-packages\django\db\models\sql\compiler.py", line 1881, in execute_sql
    for sql, params in self.as_sql():
                       ^^^^^^^^^^^^^
  File "C:\Users\Msi\AppData\Local\Programs\Python\Python311\Lib\site-packages\django\db\models\sql\compiler.py", line 1804, in as_sql
    value_rows = [
                 ^
  File "C:\Users\Msi\AppData\Local\Programs\Python\Python311\Lib\site-packages\django\db\models\sql\compiler.py", line 1805, in <listcomp>
    [
  File "C:\Users\Msi\AppData\Local\Programs\Python\Python311\Lib\site-packages\django\db\models\sql\compiler.py", line 1806, in <listcomp>
    self.prepare_value(field, self.pre_save_val(field, obj))
  File "C:\Users\Msi\AppData\Local\Programs\Python\Python311\Lib\site-packages\django\db\models\sql\compiler.py", line 1741, in prepare_value
    return field.get_db_prep_save(value, connection=self.connection)
           ^^^^^^^^^^^^^^^^^^^^^^^^^^^^^^^^^^^^^^^^^^^^^^^^^^^^^^^^^
  File "C:\Users\Msi\AppData\Local\Programs\Python\Python311\Lib\site-packages\django\db\models\fields\json.py", line 118, in get_db_prep_save
    return super().get_db_prep_save(value, connection)
           ^^^^^^^^^^^^^^^^^^^^^^^^^^^^^^^^^^^^^^^^^^^
  File "C:\Users\Msi\AppData\Local\Programs\Python\Python311\Lib\site-packages\django\db\models\fields\__init__.py", line 1012, in get_db_prep_save
    return self.get_db_prep_value(value, connection=connection, prepared=False)
           ^^^^^^^^^^^^^^^^^^^^^^^^^^^^^^^^^^^^^^^^^^^^^^^^^^^^^^^^^^^^^^^^^^^^
  File "C:\Users\Msi\AppData\Local\Programs\Python\Python311\Lib\site-packages\django\db\models\fields\json.py", line 102, in get_db_prep_value
    return connection.ops.adapt_json_value(value, self.encoder)
           ^^^^^^^^^^^^^^^^^^^^^^^^^^^^^^^^^^^^^^^^^^^^^^^^^^^^
  File "C:\Users\Msi\AppData\Local\Programs\Python\Python311\Lib\site-packages\django\db\backends\base\operations.py", line 598, in adapt_json_value
    return json.dumps(value, cls=encoder)
           ^^^^^^^^^^^^^^^^^^^^^^^^^^^^^^
  File "C:\Users\Msi\AppData\Local\Programs\Python\Python311\Lib\json\__init__.py", line 231, in dumps
    return _default_encoder.encode(obj)
           ^^^^^^^^^^^^^^^^^^^^^^^^^^^^
  File "C:\Users\Msi\AppData\Local\Programs\Python\Python311\Lib\json\encoder.py", line 200, in encode
    chunks = self.iterencode(o, _one_shot=True)
             ^^^^^^^^^^^^^^^^^^^^^^^^^^^^^^^^^^
  File "C:\Users\Msi\AppData\Local\Programs\Python\Python311\Lib\json\encoder.py", line 258, in iterencode
    return _iterencode(o, 0)
           ^^^^^^^^^^^^^^^^^
  File "C:\Users\Msi\AppData\Local\Programs\Python\Python311\Lib\json\encoder.py", line 180, in default
    raise TypeError(f'Object of type {o.__class__.__name__} '
TypeError: Object of type datetime is not JSON serializable
2025-12-08 01:32:52,088 - INFO - HTTP Request: POST https://api.cerebras.ai/v1/chat/completions "HTTP/1.1 200 OK"
2025-12-08 01:32:52,104 - ERROR - Failed to ingest article https://www.hespress.com/%d8%a8%d8%aa%d8%ac%d9%85%d9%8a%d8%af-%d8%a3%d9%88-%d8%aa%d8%ae%d8%b2%d9%8a%d9%86-%d8%a3%d8%b3%d9%84%d8%ad%d8%a9-%d8%a7%d9%84%d9%85%d9%82%d8%a7%d9%88%d9%85%d8%a9-%d8%ad%d9%85%d8%a7%d8%b3-%d8%aa-1667679.html
Traceback (most recent call last):
  File "C:\Users\Msi\AppData\Local\Programs\Python\Python311\Lib\site-packages\django\db\models\query.py", line 948, in get_or_create
    return self.get(**kwargs), False
           ^^^^^^^^^^^^^^^^^^
  File "C:\Users\Msi\AppData\Local\Programs\Python\Python311\Lib\site-packages\django\db\models\query.py", line 635, in get
    raise self.model.DoesNotExist(
monitoring.models.Mention.DoesNotExist: Mention matching query does not exist.

During handling of the above exception, another exception occurred:

Traceback (most recent call last):
  File "C:\Users\Msi\Desktop\Abdou_all_codes\media_monitoring\monitoring\services\ingestion.py", line 171, in ingest_latest_articles
    mention, created = Mention.objects.get_or_create(original_url=url, defaults=defaults)
                       ^^^^^^^^^^^^^^^^^^^^^^^^^^^^^^^^^^^^^^^^^^^^^^^^^^^^^^^^^^^^^^^^^^
  File "C:\Users\Msi\AppData\Local\Programs\Python\Python311\Lib\site-packages\django\db\models\manager.py", line 87, in manager_method
    return getattr(self.get_queryset(), name)(*args, **kwargs)
           ^^^^^^^^^^^^^^^^^^^^^^^^^^^^^^^^^^^^^^^^^^^^^^^^^^^
  File "C:\Users\Msi\AppData\Local\Programs\Python\Python311\Lib\site-packages\django\db\models\query.py", line 955, in get_or_create
    return self.create(**params), True
           ^^^^^^^^^^^^^^^^^^^^^
  File "C:\Users\Msi\AppData\Local\Programs\Python\Python311\Lib\site-packages\django\db\models\query.py", line 665, in create
    obj.save(force_insert=True, using=self.db)
  File "C:\Users\Msi\AppData\Local\Programs\Python\Python311\Lib\site-packages\django\db\models\base.py", line 902, in save
    self.save_base(
  File "C:\Users\Msi\AppData\Local\Programs\Python\Python311\Lib\site-packages\django\db\models\base.py", line 1008, in save_base
    updated = self._save_table(
              ^^^^^^^^^^^^^^^^^
  File "C:\Users\Msi\AppData\Local\Programs\Python\Python311\Lib\site-packages\django\db\models\base.py", line 1169, in _save_table
    results = self._do_insert(
              ^^^^^^^^^^^^^^^^
  File "C:\Users\Msi\AppData\Local\Programs\Python\Python311\Lib\site-packages\django\db\models\base.py", line 1210, in _do_insert
    return manager._insert(
           ^^^^^^^^^^^^^^^^
  File "C:\Users\Msi\AppData\Local\Programs\Python\Python311\Lib\site-packages\django\db\models\manager.py", line 87, in manager_method
    return getattr(self.get_queryset(), name)(*args, **kwargs)
           ^^^^^^^^^^^^^^^^^^^^^^^^^^^^^^^^^^^^^^^^^^^^^^^^^^^
  File "C:\Users\Msi\AppData\Local\Programs\Python\Python311\Lib\site-packages\django\db\models\query.py", line 1873, in _insert
    return query.get_compiler(using=using).execute_sql(returning_fields)
           ^^^^^^^^^^^^^^^^^^^^^^^^^^^^^^^^^^^^^^^^^^^^^^^^^^^^^^^^^^^^^
  File "C:\Users\Msi\AppData\Local\Programs\Python\Python311\Lib\site-packages\django\db\models\sql\compiler.py", line 1881, in execute_sql
    for sql, params in self.as_sql():
                       ^^^^^^^^^^^^^
  File "C:\Users\Msi\AppData\Local\Programs\Python\Python311\Lib\site-packages\django\db\models\sql\compiler.py", line 1804, in as_sql
    value_rows = [
                 ^
  File "C:\Users\Msi\AppData\Local\Programs\Python\Python311\Lib\site-packages\django\db\models\sql\compiler.py", line 1805, in <listcomp>
    [
  File "C:\Users\Msi\AppData\Local\Programs\Python\Python311\Lib\site-packages\django\db\models\sql\compiler.py", line 1806, in <listcomp>
    self.prepare_value(field, self.pre_save_val(field, obj))
  File "C:\Users\Msi\AppData\Local\Programs\Python\Python311\Lib\site-packages\django\db\models\sql\compiler.py", line 1741, in prepare_value
    return field.get_db_prep_save(value, connection=self.connection)
           ^^^^^^^^^^^^^^^^^^^^^^^^^^^^^^^^^^^^^^^^^^^^^^^^^^^^^^^^^
  File "C:\Users\Msi\AppData\Local\Programs\Python\Python311\Lib\site-packages\django\db\models\fields\json.py", line 118, in get_db_prep_save
    return super().get_db_prep_save(value, connection)
           ^^^^^^^^^^^^^^^^^^^^^^^^^^^^^^^^^^^^^^^^^^^
  File "C:\Users\Msi\AppData\Local\Programs\Python\Python311\Lib\site-packages\django\db\models\fields\__init__.py", line 1012, in get_db_prep_save
    return self.get_db_prep_value(value, connection=connection, prepared=False)
           ^^^^^^^^^^^^^^^^^^^^^^^^^^^^^^^^^^^^^^^^^^^^^^^^^^^^^^^^^^^^^^^^^^^^
  File "C:\Users\Msi\AppData\Local\Programs\Python\Python311\Lib\site-packages\django\db\models\fields\json.py", line 102, in get_db_prep_value
    return connection.ops.adapt_json_value(value, self.encoder)
           ^^^^^^^^^^^^^^^^^^^^^^^^^^^^^^^^^^^^^^^^^^^^^^^^^^^^
  File "C:\Users\Msi\AppData\Local\Programs\Python\Python311\Lib\site-packages\django\db\backends\base\operations.py", line 598, in adapt_json_value
    return json.dumps(value, cls=encoder)
           ^^^^^^^^^^^^^^^^^^^^^^^^^^^^^^
  File "C:\Users\Msi\AppData\Local\Programs\Python\Python311\Lib\json\__init__.py", line 231, in dumps
    return _default_encoder.encode(obj)
           ^^^^^^^^^^^^^^^^^^^^^^^^^^^^
  File "C:\Users\Msi\AppData\Local\Programs\Python\Python311\Lib\json\encoder.py", line 200, in encode
    chunks = self.iterencode(o, _one_shot=True)
             ^^^^^^^^^^^^^^^^^^^^^^^^^^^^^^^^^^
  File "C:\Users\Msi\AppData\Local\Programs\Python\Python311\Lib\json\encoder.py", line 258, in iterencode
    return _iterencode(o, 0)
           ^^^^^^^^^^^^^^^^^
  File "C:\Users\Msi\AppData\Local\Programs\Python\Python311\Lib\json\encoder.py", line 180, in default
    raise TypeError(f'Object of type {o.__class__.__name__} '
TypeError: Object of type datetime is not JSON serializable
2025-12-08 01:32:52,534 - INFO - HTTP Request: POST https://api.cerebras.ai/v1/chat/completions "HTTP/1.1 200 OK"
2025-12-08 01:32:52,534 - ERROR - Failed to ingest article https://www.hespress.com/%d8%a8%d8%a7%d8%b1%d9%8a%d8%b3-%d8%aa%d8%a4%d9%83%d8%af-%d8%a3%d9%87%d9%85%d9%8a%d8%a9-%d8%a7%d9%84%d8%b7%d9%85%d8%a7%d8%b7%d9%85-%d8%a7%d9%84%d9%85%d8%ba%d8%b1%d8%a8%d9%8a%d8%a9-%d9%81%d9%8a-%d8%b3-1667538.html
Traceback (most recent call last):
  File "C:\Users\Msi\AppData\Local\Programs\Python\Python311\Lib\site-packages\django\db\models\query.py", line 948, in get_or_create
    return self.get(**kwargs), False
           ^^^^^^^^^^^^^^^^^^
  File "C:\Users\Msi\AppData\Local\Programs\Python\Python311\Lib\site-packages\django\db\models\query.py", line 635, in get
    raise self.model.DoesNotExist(
monitoring.models.Mention.DoesNotExist: Mention matching query does not exist.

During handling of the above exception, another exception occurred:

Traceback (most recent call last):
  File "C:\Users\Msi\Desktop\Abdou_all_codes\media_monitoring\monitoring\services\ingestion.py", line 171, in ingest_latest_articles
    mention, created = Mention.objects.get_or_create(original_url=url, defaults=defaults)
                       ^^^^^^^^^^^^^^^^^^^^^^^^^^^^^^^^^^^^^^^^^^^^^^^^^^^^^^^^^^^^^^^^^^
  File "C:\Users\Msi\AppData\Local\Programs\Python\Python311\Lib\site-packages\django\db\models\manager.py", line 87, in manager_method
    return getattr(self.get_queryset(), name)(*args, **kwargs)
           ^^^^^^^^^^^^^^^^^^^^^^^^^^^^^^^^^^^^^^^^^^^^^^^^^^^
  File "C:\Users\Msi\AppData\Local\Programs\Python\Python311\Lib\site-packages\django\db\models\query.py", line 955, in get_or_create
    return self.create(**params), True
           ^^^^^^^^^^^^^^^^^^^^^
  File "C:\Users\Msi\AppData\Local\Programs\Python\Python311\Lib\site-packages\django\db\models\query.py", line 665, in create
    obj.save(force_insert=True, using=self.db)
  File "C:\Users\Msi\AppData\Local\Programs\Python\Python311\Lib\site-packages\django\db\models\base.py", line 902, in save
    self.save_base(
  File "C:\Users\Msi\AppData\Local\Programs\Python\Python311\Lib\site-packages\django\db\models\base.py", line 1008, in save_base
    updated = self._save_table(
              ^^^^^^^^^^^^^^^^^
  File "C:\Users\Msi\AppData\Local\Programs\Python\Python311\Lib\site-packages\django\db\models\base.py", line 1169, in _save_table
    results = self._do_insert(
              ^^^^^^^^^^^^^^^^
  File "C:\Users\Msi\AppData\Local\Programs\Python\Python311\Lib\site-packages\django\db\models\base.py", line 1210, in _do_insert
    return manager._insert(
           ^^^^^^^^^^^^^^^^
  File "C:\Users\Msi\AppData\Local\Programs\Python\Python311\Lib\site-packages\django\db\models\manager.py", line 87, in manager_method
    return getattr(self.get_queryset(), name)(*args, **kwargs)
           ^^^^^^^^^^^^^^^^^^^^^^^^^^^^^^^^^^^^^^^^^^^^^^^^^^^
  File "C:\Users\Msi\AppData\Local\Programs\Python\Python311\Lib\site-packages\django\db\models\query.py", line 1873, in _insert
    return query.get_compiler(using=using).execute_sql(returning_fields)
           ^^^^^^^^^^^^^^^^^^^^^^^^^^^^^^^^^^^^^^^^^^^^^^^^^^^^^^^^^^^^^
  File "C:\Users\Msi\AppData\Local\Programs\Python\Python311\Lib\site-packages\django\db\models\sql\compiler.py", line 1881, in execute_sql
    for sql, params in self.as_sql():
                       ^^^^^^^^^^^^^
  File "C:\Users\Msi\AppData\Local\Programs\Python\Python311\Lib\site-packages\django\db\models\sql\compiler.py", line 1804, in as_sql
    value_rows = [
                 ^
  File "C:\Users\Msi\AppData\Local\Programs\Python\Python311\Lib\site-packages\django\db\models\sql\compiler.py", line 1805, in <listcomp>
    [
  File "C:\Users\Msi\AppData\Local\Programs\Python\Python311\Lib\site-packages\django\db\models\sql\compiler.py", line 1806, in <listcomp>
    self.prepare_value(field, self.pre_save_val(field, obj))
  File "C:\Users\Msi\AppData\Local\Programs\Python\Python311\Lib\site-packages\django\db\models\sql\compiler.py", line 1741, in prepare_value
    return field.get_db_prep_save(value, connection=self.connection)
           ^^^^^^^^^^^^^^^^^^^^^^^^^^^^^^^^^^^^^^^^^^^^^^^^^^^^^^^^^
  File "C:\Users\Msi\AppData\Local\Programs\Python\Python311\Lib\site-packages\django\db\models\fields\json.py", line 118, in get_db_prep_save
    return super().get_db_prep_save(value, connection)
           ^^^^^^^^^^^^^^^^^^^^^^^^^^^^^^^^^^^^^^^^^^^
  File "C:\Users\Msi\AppData\Local\Programs\Python\Python311\Lib\site-packages\django\db\models\fields\__init__.py", line 1012, in get_db_prep_save
    return self.get_db_prep_value(value, connection=connection, prepared=False)
           ^^^^^^^^^^^^^^^^^^^^^^^^^^^^^^^^^^^^^^^^^^^^^^^^^^^^^^^^^^^^^^^^^^^^
  File "C:\Users\Msi\AppData\Local\Programs\Python\Python311\Lib\site-packages\django\db\models\fields\json.py", line 102, in get_db_prep_value
    return connection.ops.adapt_json_value(value, self.encoder)
           ^^^^^^^^^^^^^^^^^^^^^^^^^^^^^^^^^^^^^^^^^^^^^^^^^^^^
  File "C:\Users\Msi\AppData\Local\Programs\Python\Python311\Lib\site-packages\django\db\backends\base\operations.py", line 598, in adapt_json_value
    return json.dumps(value, cls=encoder)
           ^^^^^^^^^^^^^^^^^^^^^^^^^^^^^^
  File "C:\Users\Msi\AppData\Local\Programs\Python\Python311\Lib\json\__init__.py", line 231, in dumps
    return _default_encoder.encode(obj)
           ^^^^^^^^^^^^^^^^^^^^^^^^^^^^
  File "C:\Users\Msi\AppData\Local\Programs\Python\Python311\Lib\json\encoder.py", line 200, in encode
    chunks = self.iterencode(o, _one_shot=True)
             ^^^^^^^^^^^^^^^^^^^^^^^^^^^^^^^^^^
  File "C:\Users\Msi\AppData\Local\Programs\Python\Python311\Lib\json\encoder.py", line 258, in iterencode
    return _iterencode(o, 0)
           ^^^^^^^^^^^^^^^^^
  File "C:\Users\Msi\AppData\Local\Programs\Python\Python311\Lib\json\encoder.py", line 180, in default
    raise TypeError(f'Object of type {o.__class__.__name__} '
TypeError: Object of type datetime is not JSON serializable
2025-12-08 01:32:52,940 - WARNING - Not Found: /favicon.ico
2025-12-08 01:34:16,070 - WARNING - Not Found: /favicon.ico
2025-12-08 01:42:23,987 - WARNING - Not Found: /favicon.ico
2025-12-08 01:50:45,242 - WARNING - Not Found: /favicon.ico
2025-12-08 01:50:55,148 - INFO - 
============================================================
2025-12-08 01:50:55,149 - INFO - Starting to scrape: Safi Today
2025-12-08 01:50:55,149 - INFO - ============================================================
2025-12-08 01:50:55,149 - INFO - Extracting links from Safi Today: https://safitoday.com
2025-12-08 01:50:59,495 - INFO - Found 3 links from Safi Today
2025-12-08 01:50:59,999 - INFO - Scraping article: https://www.safitoday.com/2025/11/13/%d8%a2%d8%b3%d9%81%d9%8a-%d8%aa%d9%88%d8%b2%d9%8a%d8%b9-%d8%aa%d8%ac%d9%87%d9%8a%d8%b2%d8%a7%d8%aa-%d9%84%d8%af%d8%b9%d9%85-%d9%85%d8%b4%d8%a7%d8%b1%d9%8a%d8%b9-%d9%85%d8%af%d8%b1%d8%a9-%d9%84%d9%84/
2025-12-08 01:51:01,453 - INFO - Scraping article: https://www.safitoday.com/2025/12/05/%d9%81%d8%b7%d8%a7%d8%ad-%d9%8a%d8%b1%d8%b3%d9%85-%d9%85%d9%84%d8%a7%d9%85%d8%ad-%d9%85%d8%b1%d8%ad%d9%84%d8%a9-%d8%ac%d8%af%d9%8a%d8%af%d8%a9-%d8%a8%d8%a7%d9%84%d8%a5%d8%af%d8%a7%d8%b1%d8%a9-%d8%a7/
2025-12-08 01:51:03,384 - INFO - Scraping article: https://www.safitoday.com/2025/11/23/%d8%a2%d8%b3%d9%81%d9%8a-%d8%a5%d8%b7%d9%84%d8%a7%d9%82-36-%d9%85%d9%84%d8%b9%d8%a8-%d8%ac%d8%af%d9%8a%d8%af-%d8%a8%d8%a3%d8%b3%d9%81%d9%8a-%d9%88%d8%aa%d8%a3%d9%87%d9%8a%d9%84-%d8%a7%d9%84%d9%82/
2025-12-08 01:51:04,269 - INFO - Completed Safi Today: 3 articles
2025-12-08 01:51:04,269 - INFO - Total articles so far: 3
2025-12-08 01:51:05,270 - INFO - 
============================================================
2025-12-08 01:51:05,270 - INFO - Starting to scrape: Safi Goud
2025-12-08 01:51:05,270 - INFO - ============================================================
2025-12-08 01:51:05,270 - INFO - Extracting links from Safi Goud: https://safigoud.com
2025-12-08 01:51:08,600 - INFO - Found 3 links from Safi Goud
2025-12-08 01:51:09,107 - INFO - Scraping article: http://www.safigoud.com/?p=2930
2025-12-08 01:51:11,476 - INFO - Scraping article: http://www.safigoud.com/?p=2937
2025-12-08 01:51:13,472 - INFO - Scraping article: http://www.safigoud.com/?p=2939
2025-12-08 01:51:15,223 - INFO - Completed Safi Goud: 3 articles
2025-12-08 01:51:15,223 - INFO - Total articles so far: 6
2025-12-08 01:51:16,223 - INFO - 
============================================================
2025-12-08 01:51:16,223 - INFO - Starting to scrape: Safi Now
2025-12-08 01:51:16,223 - INFO - ============================================================
2025-12-08 01:51:16,223 - INFO - Extracting links from Safi Now: https://safinow.com
2025-12-08 01:51:20,894 - WARNING - Some characters could not be decoded, and were replaced with REPLACEMENT CHARACTER.
2025-12-08 01:51:20,898 - INFO - Found 0 links from Safi Now
2025-12-08 01:51:21,399 - INFO - Extracting links from Safi Now: https://safinow.com/news/
2025-12-08 01:51:21,692 - ERROR - Error extracting links from Safi Now: 404 Client Error: Not Found for url: https://safinow.com/news/
2025-12-08 01:51:22,193 - INFO - Extracting links from Safi Now: https://safinow.com/articles/
2025-12-08 01:51:22,489 - ERROR - Error extracting links from Safi Now: 404 Client Error: Not Found for url: https://safinow.com/articles/
2025-12-08 01:51:22,990 - INFO - Extracting links from Safi Now: https://safinow.com/category/news/
2025-12-08 01:51:23,373 - ERROR - Error extracting links from Safi Now: 404 Client Error: Not Found for url: https://safinow.com/category/news/
2025-12-08 01:51:23,874 - INFO - Extracting links from Safi Now: https://safinow.com/page/1/
2025-12-08 01:51:24,156 - ERROR - Error extracting links from Safi Now: 404 Client Error: Not Found for url: https://safinow.com/page/1/
2025-12-08 01:51:24,657 - INFO - Completed Safi Now: 0 articles
2025-12-08 01:51:24,658 - INFO - Total articles so far: 6
2025-12-08 01:51:25,658 - INFO - 
============================================================
2025-12-08 01:51:25,658 - INFO - Starting to scrape: Safi Press
2025-12-08 01:51:25,658 - INFO - ============================================================
2025-12-08 01:51:25,658 - INFO - Extracting links from Safi Press: https://safipress.ma
2025-12-08 01:51:28,000 - WARNING - Some characters could not be decoded, and were replaced with REPLACEMENT CHARACTER.
2025-12-08 01:51:28,002 - INFO - Found 0 links from Safi Press
2025-12-08 01:51:28,503 - INFO - Extracting links from Safi Press: https://safipress.ma/news/
2025-12-08 01:51:28,963 - ERROR - Error extracting links from Safi Press: 404 Client Error: Not Found for url: https://safipress.ma/news/
2025-12-08 01:51:29,464 - INFO - Extracting links from Safi Press: https://safipress.ma/articles/
2025-12-08 01:51:29,963 - ERROR - Error extracting links from Safi Press: 404 Client Error: Not Found for url: https://safipress.ma/articles/
2025-12-08 01:51:30,464 - INFO - Extracting links from Safi Press: https://safipress.ma/category/news/
2025-12-08 01:51:30,988 - WARNING - Some characters could not be decoded, and were replaced with REPLACEMENT CHARACTER.
2025-12-08 01:51:30,990 - INFO - Found 0 links from Safi Press
2025-12-08 01:51:31,491 - INFO - Extracting links from Safi Press: https://safipress.ma/page/1/
2025-12-08 01:51:32,575 - WARNING - Some characters could not be decoded, and were replaced with REPLACEMENT CHARACTER.
2025-12-08 01:51:32,576 - INFO - Found 0 links from Safi Press
2025-12-08 01:51:33,077 - INFO - Completed Safi Press: 0 articles
2025-12-08 01:51:33,077 - INFO - Total articles so far: 6
2025-12-08 01:51:34,078 - INFO - 
============================================================
2025-12-08 01:51:34,078 - INFO - Starting to scrape: Safi Times
2025-12-08 01:51:34,078 - INFO - ============================================================
2025-12-08 01:51:34,078 - INFO - Extracting links from Safi Times: https://safitimes.com
2025-12-08 01:51:39,416 - WARNING - Some characters could not be decoded, and were replaced with REPLACEMENT CHARACTER.
2025-12-08 01:51:39,418 - INFO - Found 0 links from Safi Times
2025-12-08 01:51:39,918 - INFO - Extracting links from Safi Times: https://safitimes.com/news/
2025-12-08 01:51:42,881 - ERROR - Error extracting links from Safi Times: 404 Client Error: Not Found for url: https://www.safitimes.com/news/
2025-12-08 01:51:43,382 - INFO - Extracting links from Safi Times: https://safitimes.com/articles/
2025-12-08 01:51:46,177 - ERROR - Error extracting links from Safi Times: 404 Client Error: Not Found for url: https://www.safitimes.com/articles/
2025-12-08 01:51:46,678 - INFO - Extracting links from Safi Times: https://safitimes.com/category/news/
2025-12-08 01:51:48,812 - ERROR - Error extracting links from Safi Times: 404 Client Error: Not Found for url: https://www.safitimes.com/category/news/
2025-12-08 01:51:49,313 - INFO - Extracting links from Safi Times: https://safitimes.com/page/1/
2025-12-08 01:51:51,590 - WARNING - Some characters could not be decoded, and were replaced with REPLACEMENT CHARACTER.
2025-12-08 01:51:51,592 - INFO - Found 0 links from Safi Times
2025-12-08 01:51:52,093 - INFO - Completed Safi Times: 0 articles
2025-12-08 01:51:52,093 - INFO - Total articles so far: 6
2025-12-08 01:51:53,094 - INFO - 
============================================================
2025-12-08 01:51:53,094 - INFO - Starting to scrape: Safi Sud
2025-12-08 01:51:53,094 - INFO - ============================================================
2025-12-08 01:51:53,095 - INFO - Extracting links from Safi Sud: https://safisud.com
2025-12-08 01:51:53,573 - INFO - Found 3 links from Safi Sud
2025-12-08 01:51:54,074 - INFO - Scraping article: https://safisud.com/2025/12/07/%d8%a7%d8%ae%d8%aa%d8%aa%d8%a7%d9%85-%d8%a7%d9%84%d8%ad%d8%af%d8%ab-%d8%a7%d9%84%d8%b9%d8%a7%d9%84%d9%85%d9%8a-%d8%a8%d9%85%d9%86%d8%aa%d8%ac%d8%b9-%d8%b1%d8%a7%d8%b3-%d8%a7%d9%84%d9%84%d9%81%d8%b9/
2025-12-08 01:51:55,919 - INFO - Scraping article: https://safisud.com/2025/12/07/%d8%a3%d9%88%d9%84-%d8%b8%d9%87%d9%88%d8%b1-%d8%b1%d8%b3%d9%85%d9%8a-%d9%84%d9%84%d9%83%d8%a7%d8%aa%d8%a8-%d8%a7%d9%84%d8%b9%d8%a7%d9%85-%d8%a7%d9%84%d8%ac%d8%af%d9%8a%d8%af-%d9%84%d8%b9%d9%85%d8%a7/
2025-12-08 01:51:56,663 - INFO - Scraping article: https://safisud.com/2025/12/07/%d8%a7%d9%84%d8%af%d8%b1%d9%83-%d8%a7%d9%84%d9%85%d9%84%d9%83%d9%8a-%d8%a8%d9%85%d8%b1%d9%83%d8%b2-%d8%a8%d9%88%da%af%d8%af%d8%b1%d8%a9-%d9%8a%d8%af%d8%a7%d9%87%d9%85-%d8%a3%d8%ad%d8%af/
2025-12-08 01:51:56,951 - INFO - Completed Safi Sud: 3 articles
2025-12-08 01:51:56,951 - INFO - Total articles so far: 9
2025-12-08 01:51:57,952 - INFO - 
============================================================
2025-12-08 01:51:57,952 - INFO - Starting to scrape: Safi Media
2025-12-08 01:51:57,952 - INFO - ============================================================
2025-12-08 01:51:57,953 - INFO - Extracting links from Safi Media: https://safimedia.ma
2025-12-08 01:51:58,989 - ERROR - Error extracting links from Safi Media: HTTPSConnectionPool(host='safimedia.ma', port=443): Max retries exceeded with url: / (Caused by NameResolutionError("<urllib3.connection.HTTPSConnection object at 0x000001E15B7EA650>: Failed to resolve 'safimedia.ma' ([Errno 11001] getaddrinfo failed)"))
2025-12-08 01:51:59,491 - INFO - Extracting links from Safi Media: https://safimedia.ma/news/
2025-12-08 01:51:59,492 - ERROR - Error extracting links from Safi Media: HTTPSConnectionPool(host='safimedia.ma', port=443): Max retries exceeded with url: /news/ (Caused by NameResolutionError("<urllib3.connection.HTTPSConnection object at 0x000001E15B61BE90>: Failed to resolve 'safimedia.ma' ([Errno 11001] getaddrinfo failed)"))
2025-12-08 01:51:59,993 - INFO - Extracting links from Safi Media: https://safimedia.ma/articles/
2025-12-08 01:51:59,994 - ERROR - Error extracting links from Safi Media: HTTPSConnectionPool(host='safimedia.ma', port=443): Max retries exceeded with url: /articles/ (Caused by NameResolutionError("<urllib3.connection.HTTPSConnection object at 0x000001E15CDB9390>: Failed to resolve 'safimedia.ma' ([Errno 11001] getaddrinfo failed)"))
2025-12-08 01:52:00,495 - INFO - Extracting links from Safi Media: https://safimedia.ma/category/news/
2025-12-08 01:52:00,496 - ERROR - Error extracting links from Safi Media: HTTPSConnectionPool(host='safimedia.ma', port=443): Max retries exceeded with url: /category/news/ (Caused by NameResolutionError("<urllib3.connection.HTTPSConnection object at 0x000001E15B618610>: Failed to resolve 'safimedia.ma' ([Errno 11001] getaddrinfo failed)"))
2025-12-08 01:52:00,997 - INFO - Extracting links from Safi Media: https://safimedia.ma/page/1/
2025-12-08 01:52:00,999 - ERROR - Error extracting links from Safi Media: HTTPSConnectionPool(host='safimedia.ma', port=443): Max retries exceeded with url: /page/1/ (Caused by NameResolutionError("<urllib3.connection.HTTPSConnection object at 0x000001E15CE708D0>: Failed to resolve 'safimedia.ma' ([Errno 11001] getaddrinfo failed)"))
2025-12-08 01:52:01,499 - INFO - Completed Safi Media: 0 articles
2025-12-08 01:52:01,499 - INFO - Total articles so far: 9
2025-12-08 01:52:02,500 - INFO - 
============================================================
2025-12-08 01:52:02,501 - INFO - Starting to scrape: Safi TV
2025-12-08 01:52:02,501 - INFO - ============================================================
2025-12-08 01:52:02,501 - INFO - Extracting links from Safi TV: https://safitv.ma
2025-12-08 01:52:03,548 - ERROR - Error extracting links from Safi TV: HTTPSConnectionPool(host='safitv.ma', port=443): Max retries exceeded with url: / (Caused by NameResolutionError("<urllib3.connection.HTTPSConnection object at 0x000001E15B722E90>: Failed to resolve 'safitv.ma' ([Errno 11001] getaddrinfo failed)"))
2025-12-08 01:52:04,049 - INFO - Extracting links from Safi TV: https://safitv.ma/news/
2025-12-08 01:52:04,050 - ERROR - Error extracting links from Safi TV: HTTPSConnectionPool(host='safitv.ma', port=443): Max retries exceeded with url: /news/ (Caused by NameResolutionError("<urllib3.connection.HTTPSConnection object at 0x000001E15CDB9190>: Failed to resolve 'safitv.ma' ([Errno 11001] getaddrinfo failed)"))
2025-12-08 01:52:04,551 - INFO - Extracting links from Safi TV: https://safitv.ma/articles/
2025-12-08 01:52:04,552 - ERROR - Error extracting links from Safi TV: HTTPSConnectionPool(host='safitv.ma', port=443): Max retries exceeded with url: /articles/ (Caused by NameResolutionError("<urllib3.connection.HTTPSConnection object at 0x000001E15CDBADD0>: Failed to resolve 'safitv.ma' ([Errno 11001] getaddrinfo failed)"))
2025-12-08 01:52:05,053 - INFO - Extracting links from Safi TV: https://safitv.ma/category/news/
2025-12-08 01:52:05,054 - ERROR - Error extracting links from Safi TV: HTTPSConnectionPool(host='safitv.ma', port=443): Max retries exceeded with url: /category/news/ (Caused by NameResolutionError("<urllib3.connection.HTTPSConnection object at 0x000001E15CDBB550>: Failed to resolve 'safitv.ma' ([Errno 11001] getaddrinfo failed)"))
2025-12-08 01:52:05,555 - INFO - Extracting links from Safi TV: https://safitv.ma/page/1/
2025-12-08 01:52:05,557 - ERROR - Error extracting links from Safi TV: HTTPSConnectionPool(host='safitv.ma', port=443): Max retries exceeded with url: /page/1/ (Caused by NameResolutionError("<urllib3.connection.HTTPSConnection object at 0x000001E15CD79390>: Failed to resolve 'safitv.ma' ([Errno 11001] getaddrinfo failed)"))
2025-12-08 01:52:06,057 - INFO - Completed Safi TV: 0 articles
2025-12-08 01:52:06,057 - INFO - Total articles so far: 9
2025-12-08 01:52:07,058 - INFO - 
============================================================
2025-12-08 01:52:07,058 - INFO - Starting to scrape: Assif
2025-12-08 01:52:07,058 - INFO - ============================================================
2025-12-08 01:52:07,058 - INFO - Extracting links from Assif: https://assif.ma
2025-12-08 01:52:09,069 - WARNING - Some characters could not be decoded, and were replaced with REPLACEMENT CHARACTER.
2025-12-08 01:52:09,071 - INFO - Found 0 links from Assif
2025-12-08 01:52:09,572 - INFO - Extracting links from Assif: https://assif.ma/news/
2025-12-08 01:52:09,868 - ERROR - Error extracting links from Assif: 404 Client Error: Not Found for url: https://assif.ma/news/
2025-12-08 01:52:10,370 - INFO - Extracting links from Assif: https://assif.ma/articles/
2025-12-08 01:52:11,082 - ERROR - Error extracting links from Assif: 404 Client Error: Not Found for url: https://assif.ma/articles/
2025-12-08 01:52:11,584 - INFO - Extracting links from Assif: https://assif.ma/category/news/
2025-12-08 01:52:12,344 - ERROR - Error extracting links from Assif: 404 Client Error: Not Found for url: https://assif.ma/category/news/
2025-12-08 01:52:12,845 - INFO - Extracting links from Assif: https://assif.ma/page/1/
2025-12-08 01:52:13,537 - WARNING - Some characters could not be decoded, and were replaced with REPLACEMENT CHARACTER.
2025-12-08 01:52:13,539 - INFO - Found 0 links from Assif
2025-12-08 01:52:14,039 - INFO - Completed Assif: 0 articles
2025-12-08 01:52:14,039 - INFO - Total articles so far: 9
2025-12-08 01:52:15,040 - INFO - 
============================================================
2025-12-08 01:52:15,040 - INFO - Starting to scrape: Sport Régional
2025-12-08 01:52:15,040 - INFO - ============================================================
2025-12-08 01:52:15,040 - INFO - Extracting links from Sport Régional: https://sportregional.net
2025-12-08 01:52:18,279 - INFO - Found 0 links from Sport Régional
2025-12-08 01:52:18,780 - INFO - Extracting links from Sport Régional: https://sportregional.net/news/
2025-12-08 01:52:19,729 - ERROR - Error extracting links from Sport Régional: 404 Client Error: Not Found for url: https://www.sportregional.net/news/
2025-12-08 01:52:20,230 - INFO - Extracting links from Sport Régional: https://sportregional.net/articles/
2025-12-08 01:52:20,979 - ERROR - Error extracting links from Sport Régional: 404 Client Error: Not Found for url: https://www.sportregional.net/articles/
2025-12-08 01:52:21,480 - INFO - Extracting links from Sport Régional: https://sportregional.net/category/news/
2025-12-08 01:52:22,249 - ERROR - Error extracting links from Sport Régional: 404 Client Error: Not Found for url: https://www.sportregional.net/category/news/
2025-12-08 01:52:22,751 - INFO - Extracting links from Sport Régional: https://sportregional.net/page/1/
2025-12-08 01:52:23,532 - ERROR - Error extracting links from Sport Régional: 404 Client Error: Not Found for url: https://www.sportregional.net/page/1/
2025-12-08 01:52:24,034 - INFO - Completed Sport Régional: 0 articles
2025-12-08 01:52:24,034 - INFO - Total articles so far: 9
2025-12-08 01:52:45,095 - INFO - Scraping article: https://www.safitoday.com/2025/11/13/%d8%a2%d8%b3%d9%81%d9%8a-%d8%aa%d9%88%d8%b2%d9%8a%d8%b9-%d8%aa%d8%ac%d9%87%d9%8a%d8%b2%d8%a7%d8%aa-%d9%84%d8%af%d8%b9%d9%85-%d9%85%d8%b4%d8%a7%d8%b1%d9%8a%d8%b9-%d9%85%d8%af%d8%b1%d8%a9-%d9%84%d9%84/
2025-12-08 01:52:47,982 - INFO - Scraping article: https://www.safitoday.com/2025/12/05/%d9%81%d8%b7%d8%a7%d8%ad-%d9%8a%d8%b1%d8%b3%d9%85-%d9%85%d9%84%d8%a7%d9%85%d8%ad-%d9%85%d8%b1%d8%ad%d9%84%d8%a9-%d8%ac%d8%af%d9%8a%d8%af%d8%a9-%d8%a8%d8%a7%d9%84%d8%a5%d8%af%d8%a7%d8%b1%d8%a9-%d8%a7/
2025-12-08 01:52:49,064 - INFO - Scraping article: https://www.safitoday.com/2025/11/23/%d8%a2%d8%b3%d9%81%d9%8a-%d8%a5%d8%b7%d9%84%d8%a7%d9%82-36-%d9%85%d9%84%d8%b9%d8%a8-%d8%ac%d8%af%d9%8a%d8%af-%d8%a8%d8%a3%d8%b3%d9%81%d9%8a-%d9%88%d8%aa%d8%a3%d9%87%d9%8a%d9%84-%d8%a7%d9%84%d9%82/
2025-12-08 01:52:52,177 - INFO - HTTP Request: GET https://api.cerebras.ai/v1/tcp_warming "HTTP/1.1 200 OK"
2025-12-08 01:52:53,554 - INFO - HTTP Request: POST https://api.cerebras.ai/v1/chat/completions "HTTP/1.1 200 OK"
2025-12-08 01:52:53,564 - ERROR - Failed to ingest article https://www.safitoday.com/2025/11/13/%d8%a2%d8%b3%d9%81%d9%8a-%d8%aa%d9%88%d8%b2%d9%8a%d8%b9-%d8%aa%d8%ac%d9%87%d9%8a%d8%b2%d8%a7%d8%aa-%d9%84%d8%af%d8%b9%d9%85-%d9%85%d8%b4%d8%a7%d8%b1%d9%8a%d8%b9-%d9%85%d8%af%d8%b1%d8%a9-%d9%84%d9%84/
Traceback (most recent call last):
  File "C:\Users\Msi\AppData\Local\Programs\Python\Python311\Lib\site-packages\django\db\models\query.py", line 948, in get_or_create
    return self.get(**kwargs), False
           ^^^^^^^^^^^^^^^^^^
  File "C:\Users\Msi\AppData\Local\Programs\Python\Python311\Lib\site-packages\django\db\models\query.py", line 635, in get
    raise self.model.DoesNotExist(
monitoring.models.Mention.DoesNotExist: Mention matching query does not exist.

During handling of the above exception, another exception occurred:

Traceback (most recent call last):
  File "C:\Users\Msi\Desktop\Abdou_all_codes\media_monitoring\monitoring\services\ingestion.py", line 171, in ingest_latest_articles
    mention, created = Mention.objects.get_or_create(original_url=url, defaults=defaults)
                       ^^^^^^^^^^^^^^^^^^^^^^^^^^^^^^^^^^^^^^^^^^^^^^^^^^^^^^^^^^^^^^^^^^
  File "C:\Users\Msi\AppData\Local\Programs\Python\Python311\Lib\site-packages\django\db\models\manager.py", line 87, in manager_method
    return getattr(self.get_queryset(), name)(*args, **kwargs)
           ^^^^^^^^^^^^^^^^^^^^^^^^^^^^^^^^^^^^^^^^^^^^^^^^^^^
  File "C:\Users\Msi\AppData\Local\Programs\Python\Python311\Lib\site-packages\django\db\models\query.py", line 955, in get_or_create
    return self.create(**params), True
           ^^^^^^^^^^^^^^^^^^^^^
  File "C:\Users\Msi\AppData\Local\Programs\Python\Python311\Lib\site-packages\django\db\models\query.py", line 665, in create
    obj.save(force_insert=True, using=self.db)
  File "C:\Users\Msi\AppData\Local\Programs\Python\Python311\Lib\site-packages\django\db\models\base.py", line 902, in save
    self.save_base(
  File "C:\Users\Msi\AppData\Local\Programs\Python\Python311\Lib\site-packages\django\db\models\base.py", line 1008, in save_base
    updated = self._save_table(
              ^^^^^^^^^^^^^^^^^
  File "C:\Users\Msi\AppData\Local\Programs\Python\Python311\Lib\site-packages\django\db\models\base.py", line 1169, in _save_table
    results = self._do_insert(
              ^^^^^^^^^^^^^^^^
  File "C:\Users\Msi\AppData\Local\Programs\Python\Python311\Lib\site-packages\django\db\models\base.py", line 1210, in _do_insert
    return manager._insert(
           ^^^^^^^^^^^^^^^^
  File "C:\Users\Msi\AppData\Local\Programs\Python\Python311\Lib\site-packages\django\db\models\manager.py", line 87, in manager_method
    return getattr(self.get_queryset(), name)(*args, **kwargs)
           ^^^^^^^^^^^^^^^^^^^^^^^^^^^^^^^^^^^^^^^^^^^^^^^^^^^
  File "C:\Users\Msi\AppData\Local\Programs\Python\Python311\Lib\site-packages\django\db\models\query.py", line 1873, in _insert
    return query.get_compiler(using=using).execute_sql(returning_fields)
           ^^^^^^^^^^^^^^^^^^^^^^^^^^^^^^^^^^^^^^^^^^^^^^^^^^^^^^^^^^^^^
  File "C:\Users\Msi\AppData\Local\Programs\Python\Python311\Lib\site-packages\django\db\models\sql\compiler.py", line 1881, in execute_sql
    for sql, params in self.as_sql():
                       ^^^^^^^^^^^^^
  File "C:\Users\Msi\AppData\Local\Programs\Python\Python311\Lib\site-packages\django\db\models\sql\compiler.py", line 1804, in as_sql
    value_rows = [
                 ^
  File "C:\Users\Msi\AppData\Local\Programs\Python\Python311\Lib\site-packages\django\db\models\sql\compiler.py", line 1805, in <listcomp>
    [
  File "C:\Users\Msi\AppData\Local\Programs\Python\Python311\Lib\site-packages\django\db\models\sql\compiler.py", line 1806, in <listcomp>
    self.prepare_value(field, self.pre_save_val(field, obj))
  File "C:\Users\Msi\AppData\Local\Programs\Python\Python311\Lib\site-packages\django\db\models\sql\compiler.py", line 1741, in prepare_value
    return field.get_db_prep_save(value, connection=self.connection)
           ^^^^^^^^^^^^^^^^^^^^^^^^^^^^^^^^^^^^^^^^^^^^^^^^^^^^^^^^^
  File "C:\Users\Msi\AppData\Local\Programs\Python\Python311\Lib\site-packages\django\db\models\fields\json.py", line 118, in get_db_prep_save
    return super().get_db_prep_save(value, connection)
           ^^^^^^^^^^^^^^^^^^^^^^^^^^^^^^^^^^^^^^^^^^^
  File "C:\Users\Msi\AppData\Local\Programs\Python\Python311\Lib\site-packages\django\db\models\fields\__init__.py", line 1012, in get_db_prep_save
    return self.get_db_prep_value(value, connection=connection, prepared=False)
           ^^^^^^^^^^^^^^^^^^^^^^^^^^^^^^^^^^^^^^^^^^^^^^^^^^^^^^^^^^^^^^^^^^^^
  File "C:\Users\Msi\AppData\Local\Programs\Python\Python311\Lib\site-packages\django\db\models\fields\json.py", line 102, in get_db_prep_value
    return connection.ops.adapt_json_value(value, self.encoder)
           ^^^^^^^^^^^^^^^^^^^^^^^^^^^^^^^^^^^^^^^^^^^^^^^^^^^^
  File "C:\Users\Msi\AppData\Local\Programs\Python\Python311\Lib\site-packages\django\db\backends\base\operations.py", line 598, in adapt_json_value
    return json.dumps(value, cls=encoder)
           ^^^^^^^^^^^^^^^^^^^^^^^^^^^^^^
  File "C:\Users\Msi\AppData\Local\Programs\Python\Python311\Lib\json\__init__.py", line 231, in dumps
    return _default_encoder.encode(obj)
           ^^^^^^^^^^^^^^^^^^^^^^^^^^^^
  File "C:\Users\Msi\AppData\Local\Programs\Python\Python311\Lib\json\encoder.py", line 200, in encode
    chunks = self.iterencode(o, _one_shot=True)
             ^^^^^^^^^^^^^^^^^^^^^^^^^^^^^^^^^^
  File "C:\Users\Msi\AppData\Local\Programs\Python\Python311\Lib\json\encoder.py", line 258, in iterencode
    return _iterencode(o, 0)
           ^^^^^^^^^^^^^^^^^
  File "C:\Users\Msi\AppData\Local\Programs\Python\Python311\Lib\json\encoder.py", line 180, in default
    raise TypeError(f'Object of type {o.__class__.__name__} '
TypeError: Object of type datetime is not JSON serializable
2025-12-08 01:52:54,172 - INFO - HTTP Request: POST https://api.cerebras.ai/v1/chat/completions "HTTP/1.1 200 OK"
2025-12-08 01:52:54,174 - ERROR - Failed to ingest article https://www.safitoday.com/2025/12/05/%d9%81%d8%b7%d8%a7%d8%ad-%d9%8a%d8%b1%d8%b3%d9%85-%d9%85%d9%84%d8%a7%d9%85%d8%ad-%d9%85%d8%b1%d8%ad%d9%84%d8%a9-%d8%ac%d8%af%d9%8a%d8%af%d8%a9-%d8%a8%d8%a7%d9%84%d8%a5%d8%af%d8%a7%d8%b1%d8%a9-%d8%a7/
Traceback (most recent call last):
  File "C:\Users\Msi\AppData\Local\Programs\Python\Python311\Lib\site-packages\django\db\models\query.py", line 948, in get_or_create
    return self.get(**kwargs), False
           ^^^^^^^^^^^^^^^^^^
  File "C:\Users\Msi\AppData\Local\Programs\Python\Python311\Lib\site-packages\django\db\models\query.py", line 635, in get
    raise self.model.DoesNotExist(
monitoring.models.Mention.DoesNotExist: Mention matching query does not exist.

During handling of the above exception, another exception occurred:

Traceback (most recent call last):
  File "C:\Users\Msi\Desktop\Abdou_all_codes\media_monitoring\monitoring\services\ingestion.py", line 171, in ingest_latest_articles
    mention, created = Mention.objects.get_or_create(original_url=url, defaults=defaults)
                       ^^^^^^^^^^^^^^^^^^^^^^^^^^^^^^^^^^^^^^^^^^^^^^^^^^^^^^^^^^^^^^^^^^
  File "C:\Users\Msi\AppData\Local\Programs\Python\Python311\Lib\site-packages\django\db\models\manager.py", line 87, in manager_method
    return getattr(self.get_queryset(), name)(*args, **kwargs)
           ^^^^^^^^^^^^^^^^^^^^^^^^^^^^^^^^^^^^^^^^^^^^^^^^^^^
  File "C:\Users\Msi\AppData\Local\Programs\Python\Python311\Lib\site-packages\django\db\models\query.py", line 955, in get_or_create
    return self.create(**params), True
           ^^^^^^^^^^^^^^^^^^^^^
  File "C:\Users\Msi\AppData\Local\Programs\Python\Python311\Lib\site-packages\django\db\models\query.py", line 665, in create
    obj.save(force_insert=True, using=self.db)
  File "C:\Users\Msi\AppData\Local\Programs\Python\Python311\Lib\site-packages\django\db\models\base.py", line 902, in save
    self.save_base(
  File "C:\Users\Msi\AppData\Local\Programs\Python\Python311\Lib\site-packages\django\db\models\base.py", line 1008, in save_base
    updated = self._save_table(
              ^^^^^^^^^^^^^^^^^
  File "C:\Users\Msi\AppData\Local\Programs\Python\Python311\Lib\site-packages\django\db\models\base.py", line 1169, in _save_table
    results = self._do_insert(
              ^^^^^^^^^^^^^^^^
  File "C:\Users\Msi\AppData\Local\Programs\Python\Python311\Lib\site-packages\django\db\models\base.py", line 1210, in _do_insert
    return manager._insert(
           ^^^^^^^^^^^^^^^^
  File "C:\Users\Msi\AppData\Local\Programs\Python\Python311\Lib\site-packages\django\db\models\manager.py", line 87, in manager_method
    return getattr(self.get_queryset(), name)(*args, **kwargs)
           ^^^^^^^^^^^^^^^^^^^^^^^^^^^^^^^^^^^^^^^^^^^^^^^^^^^
  File "C:\Users\Msi\AppData\Local\Programs\Python\Python311\Lib\site-packages\django\db\models\query.py", line 1873, in _insert
    return query.get_compiler(using=using).execute_sql(returning_fields)
           ^^^^^^^^^^^^^^^^^^^^^^^^^^^^^^^^^^^^^^^^^^^^^^^^^^^^^^^^^^^^^
  File "C:\Users\Msi\AppData\Local\Programs\Python\Python311\Lib\site-packages\django\db\models\sql\compiler.py", line 1881, in execute_sql
    for sql, params in self.as_sql():
                       ^^^^^^^^^^^^^
  File "C:\Users\Msi\AppData\Local\Programs\Python\Python311\Lib\site-packages\django\db\models\sql\compiler.py", line 1804, in as_sql
    value_rows = [
                 ^
  File "C:\Users\Msi\AppData\Local\Programs\Python\Python311\Lib\site-packages\django\db\models\sql\compiler.py", line 1805, in <listcomp>
    [
  File "C:\Users\Msi\AppData\Local\Programs\Python\Python311\Lib\site-packages\django\db\models\sql\compiler.py", line 1806, in <listcomp>
    self.prepare_value(field, self.pre_save_val(field, obj))
  File "C:\Users\Msi\AppData\Local\Programs\Python\Python311\Lib\site-packages\django\db\models\sql\compiler.py", line 1741, in prepare_value
    return field.get_db_prep_save(value, connection=self.connection)
           ^^^^^^^^^^^^^^^^^^^^^^^^^^^^^^^^^^^^^^^^^^^^^^^^^^^^^^^^^
  File "C:\Users\Msi\AppData\Local\Programs\Python\Python311\Lib\site-packages\django\db\models\fields\json.py", line 118, in get_db_prep_save
    return super().get_db_prep_save(value, connection)
           ^^^^^^^^^^^^^^^^^^^^^^^^^^^^^^^^^^^^^^^^^^^
  File "C:\Users\Msi\AppData\Local\Programs\Python\Python311\Lib\site-packages\django\db\models\fields\__init__.py", line 1012, in get_db_prep_save
    return self.get_db_prep_value(value, connection=connection, prepared=False)
           ^^^^^^^^^^^^^^^^^^^^^^^^^^^^^^^^^^^^^^^^^^^^^^^^^^^^^^^^^^^^^^^^^^^^
  File "C:\Users\Msi\AppData\Local\Programs\Python\Python311\Lib\site-packages\django\db\models\fields\json.py", line 102, in get_db_prep_value
    return connection.ops.adapt_json_value(value, self.encoder)
           ^^^^^^^^^^^^^^^^^^^^^^^^^^^^^^^^^^^^^^^^^^^^^^^^^^^^
  File "C:\Users\Msi\AppData\Local\Programs\Python\Python311\Lib\site-packages\django\db\backends\base\operations.py", line 598, in adapt_json_value
    return json.dumps(value, cls=encoder)
           ^^^^^^^^^^^^^^^^^^^^^^^^^^^^^^
  File "C:\Users\Msi\AppData\Local\Programs\Python\Python311\Lib\json\__init__.py", line 231, in dumps
    return _default_encoder.encode(obj)
           ^^^^^^^^^^^^^^^^^^^^^^^^^^^^
  File "C:\Users\Msi\AppData\Local\Programs\Python\Python311\Lib\json\encoder.py", line 200, in encode
    chunks = self.iterencode(o, _one_shot=True)
             ^^^^^^^^^^^^^^^^^^^^^^^^^^^^^^^^^^
  File "C:\Users\Msi\AppData\Local\Programs\Python\Python311\Lib\json\encoder.py", line 258, in iterencode
    return _iterencode(o, 0)
           ^^^^^^^^^^^^^^^^^
  File "C:\Users\Msi\AppData\Local\Programs\Python\Python311\Lib\json\encoder.py", line 180, in default
    raise TypeError(f'Object of type {o.__class__.__name__} '
TypeError: Object of type datetime is not JSON serializable
2025-12-08 01:52:55,626 - INFO - HTTP Request: POST https://api.cerebras.ai/v1/chat/completions "HTTP/1.1 200 OK"
2025-12-08 01:52:55,629 - ERROR - Failed to ingest article https://www.safitoday.com/2025/11/23/%d8%a2%d8%b3%d9%81%d9%8a-%d8%a5%d8%b7%d9%84%d8%a7%d9%82-36-%d9%85%d9%84%d8%b9%d8%a8-%d8%ac%d8%af%d9%8a%d8%af-%d8%a8%d8%a3%d8%b3%d9%81%d9%8a-%d9%88%d8%aa%d8%a3%d9%87%d9%8a%d9%84-%d8%a7%d9%84%d9%82/
Traceback (most recent call last):
  File "C:\Users\Msi\AppData\Local\Programs\Python\Python311\Lib\site-packages\django\db\models\query.py", line 948, in get_or_create
    return self.get(**kwargs), False
           ^^^^^^^^^^^^^^^^^^
  File "C:\Users\Msi\AppData\Local\Programs\Python\Python311\Lib\site-packages\django\db\models\query.py", line 635, in get
    raise self.model.DoesNotExist(
monitoring.models.Mention.DoesNotExist: Mention matching query does not exist.

During handling of the above exception, another exception occurred:

Traceback (most recent call last):
  File "C:\Users\Msi\Desktop\Abdou_all_codes\media_monitoring\monitoring\services\ingestion.py", line 171, in ingest_latest_articles
    mention, created = Mention.objects.get_or_create(original_url=url, defaults=defaults)
                       ^^^^^^^^^^^^^^^^^^^^^^^^^^^^^^^^^^^^^^^^^^^^^^^^^^^^^^^^^^^^^^^^^^
  File "C:\Users\Msi\AppData\Local\Programs\Python\Python311\Lib\site-packages\django\db\models\manager.py", line 87, in manager_method
    return getattr(self.get_queryset(), name)(*args, **kwargs)
           ^^^^^^^^^^^^^^^^^^^^^^^^^^^^^^^^^^^^^^^^^^^^^^^^^^^
  File "C:\Users\Msi\AppData\Local\Programs\Python\Python311\Lib\site-packages\django\db\models\query.py", line 955, in get_or_create
    return self.create(**params), True
           ^^^^^^^^^^^^^^^^^^^^^
  File "C:\Users\Msi\AppData\Local\Programs\Python\Python311\Lib\site-packages\django\db\models\query.py", line 665, in create
    obj.save(force_insert=True, using=self.db)
  File "C:\Users\Msi\AppData\Local\Programs\Python\Python311\Lib\site-packages\django\db\models\base.py", line 902, in save
    self.save_base(
  File "C:\Users\Msi\AppData\Local\Programs\Python\Python311\Lib\site-packages\django\db\models\base.py", line 1008, in save_base
    updated = self._save_table(
              ^^^^^^^^^^^^^^^^^
  File "C:\Users\Msi\AppData\Local\Programs\Python\Python311\Lib\site-packages\django\db\models\base.py", line 1169, in _save_table
    results = self._do_insert(
              ^^^^^^^^^^^^^^^^
  File "C:\Users\Msi\AppData\Local\Programs\Python\Python311\Lib\site-packages\django\db\models\base.py", line 1210, in _do_insert
    return manager._insert(
           ^^^^^^^^^^^^^^^^
  File "C:\Users\Msi\AppData\Local\Programs\Python\Python311\Lib\site-packages\django\db\models\manager.py", line 87, in manager_method
    return getattr(self.get_queryset(), name)(*args, **kwargs)
           ^^^^^^^^^^^^^^^^^^^^^^^^^^^^^^^^^^^^^^^^^^^^^^^^^^^
  File "C:\Users\Msi\AppData\Local\Programs\Python\Python311\Lib\site-packages\django\db\models\query.py", line 1873, in _insert
    return query.get_compiler(using=using).execute_sql(returning_fields)
           ^^^^^^^^^^^^^^^^^^^^^^^^^^^^^^^^^^^^^^^^^^^^^^^^^^^^^^^^^^^^^
  File "C:\Users\Msi\AppData\Local\Programs\Python\Python311\Lib\site-packages\django\db\models\sql\compiler.py", line 1881, in execute_sql
    for sql, params in self.as_sql():
                       ^^^^^^^^^^^^^
  File "C:\Users\Msi\AppData\Local\Programs\Python\Python311\Lib\site-packages\django\db\models\sql\compiler.py", line 1804, in as_sql
    value_rows = [
                 ^
  File "C:\Users\Msi\AppData\Local\Programs\Python\Python311\Lib\site-packages\django\db\models\sql\compiler.py", line 1805, in <listcomp>
    [
  File "C:\Users\Msi\AppData\Local\Programs\Python\Python311\Lib\site-packages\django\db\models\sql\compiler.py", line 1806, in <listcomp>
    self.prepare_value(field, self.pre_save_val(field, obj))
  File "C:\Users\Msi\AppData\Local\Programs\Python\Python311\Lib\site-packages\django\db\models\sql\compiler.py", line 1741, in prepare_value
    return field.get_db_prep_save(value, connection=self.connection)
           ^^^^^^^^^^^^^^^^^^^^^^^^^^^^^^^^^^^^^^^^^^^^^^^^^^^^^^^^^
  File "C:\Users\Msi\AppData\Local\Programs\Python\Python311\Lib\site-packages\django\db\models\fields\json.py", line 118, in get_db_prep_save
    return super().get_db_prep_save(value, connection)
           ^^^^^^^^^^^^^^^^^^^^^^^^^^^^^^^^^^^^^^^^^^^
  File "C:\Users\Msi\AppData\Local\Programs\Python\Python311\Lib\site-packages\django\db\models\fields\__init__.py", line 1012, in get_db_prep_save
    return self.get_db_prep_value(value, connection=connection, prepared=False)
           ^^^^^^^^^^^^^^^^^^^^^^^^^^^^^^^^^^^^^^^^^^^^^^^^^^^^^^^^^^^^^^^^^^^^
  File "C:\Users\Msi\AppData\Local\Programs\Python\Python311\Lib\site-packages\django\db\models\fields\json.py", line 102, in get_db_prep_value
    return connection.ops.adapt_json_value(value, self.encoder)
           ^^^^^^^^^^^^^^^^^^^^^^^^^^^^^^^^^^^^^^^^^^^^^^^^^^^^
  File "C:\Users\Msi\AppData\Local\Programs\Python\Python311\Lib\site-packages\django\db\backends\base\operations.py", line 598, in adapt_json_value
    return json.dumps(value, cls=encoder)
           ^^^^^^^^^^^^^^^^^^^^^^^^^^^^^^
  File "C:\Users\Msi\AppData\Local\Programs\Python\Python311\Lib\json\__init__.py", line 231, in dumps
    return _default_encoder.encode(obj)
           ^^^^^^^^^^^^^^^^^^^^^^^^^^^^
  File "C:\Users\Msi\AppData\Local\Programs\Python\Python311\Lib\json\encoder.py", line 200, in encode
    chunks = self.iterencode(o, _one_shot=True)
             ^^^^^^^^^^^^^^^^^^^^^^^^^^^^^^^^^^
  File "C:\Users\Msi\AppData\Local\Programs\Python\Python311\Lib\json\encoder.py", line 258, in iterencode
    return _iterencode(o, 0)
           ^^^^^^^^^^^^^^^^^
  File "C:\Users\Msi\AppData\Local\Programs\Python\Python311\Lib\json\encoder.py", line 180, in default
    raise TypeError(f'Object of type {o.__class__.__name__} '
TypeError: Object of type datetime is not JSON serializable
2025-12-08 01:52:56,731 - INFO - HTTP Request: POST https://api.cerebras.ai/v1/chat/completions "HTTP/1.1 200 OK"
2025-12-08 01:52:56,735 - ERROR - Failed to ingest article http://www.safigoud.com/?p=2930
Traceback (most recent call last):
  File "C:\Users\Msi\AppData\Local\Programs\Python\Python311\Lib\site-packages\django\db\models\query.py", line 948, in get_or_create
    return self.get(**kwargs), False
           ^^^^^^^^^^^^^^^^^^
  File "C:\Users\Msi\AppData\Local\Programs\Python\Python311\Lib\site-packages\django\db\models\query.py", line 635, in get
    raise self.model.DoesNotExist(
monitoring.models.Mention.DoesNotExist: Mention matching query does not exist.

During handling of the above exception, another exception occurred:

Traceback (most recent call last):
  File "C:\Users\Msi\Desktop\Abdou_all_codes\media_monitoring\monitoring\services\ingestion.py", line 171, in ingest_latest_articles
    mention, created = Mention.objects.get_or_create(original_url=url, defaults=defaults)
                       ^^^^^^^^^^^^^^^^^^^^^^^^^^^^^^^^^^^^^^^^^^^^^^^^^^^^^^^^^^^^^^^^^^
  File "C:\Users\Msi\AppData\Local\Programs\Python\Python311\Lib\site-packages\django\db\models\manager.py", line 87, in manager_method
    return getattr(self.get_queryset(), name)(*args, **kwargs)
           ^^^^^^^^^^^^^^^^^^^^^^^^^^^^^^^^^^^^^^^^^^^^^^^^^^^
  File "C:\Users\Msi\AppData\Local\Programs\Python\Python311\Lib\site-packages\django\db\models\query.py", line 955, in get_or_create
    return self.create(**params), True
           ^^^^^^^^^^^^^^^^^^^^^
  File "C:\Users\Msi\AppData\Local\Programs\Python\Python311\Lib\site-packages\django\db\models\query.py", line 665, in create
    obj.save(force_insert=True, using=self.db)
  File "C:\Users\Msi\AppData\Local\Programs\Python\Python311\Lib\site-packages\django\db\models\base.py", line 902, in save
    self.save_base(
  File "C:\Users\Msi\AppData\Local\Programs\Python\Python311\Lib\site-packages\django\db\models\base.py", line 1008, in save_base
    updated = self._save_table(
              ^^^^^^^^^^^^^^^^^
  File "C:\Users\Msi\AppData\Local\Programs\Python\Python311\Lib\site-packages\django\db\models\base.py", line 1169, in _save_table
    results = self._do_insert(
              ^^^^^^^^^^^^^^^^
  File "C:\Users\Msi\AppData\Local\Programs\Python\Python311\Lib\site-packages\django\db\models\base.py", line 1210, in _do_insert
    return manager._insert(
           ^^^^^^^^^^^^^^^^
  File "C:\Users\Msi\AppData\Local\Programs\Python\Python311\Lib\site-packages\django\db\models\manager.py", line 87, in manager_method
    return getattr(self.get_queryset(), name)(*args, **kwargs)
           ^^^^^^^^^^^^^^^^^^^^^^^^^^^^^^^^^^^^^^^^^^^^^^^^^^^
  File "C:\Users\Msi\AppData\Local\Programs\Python\Python311\Lib\site-packages\django\db\models\query.py", line 1873, in _insert
    return query.get_compiler(using=using).execute_sql(returning_fields)
           ^^^^^^^^^^^^^^^^^^^^^^^^^^^^^^^^^^^^^^^^^^^^^^^^^^^^^^^^^^^^^
  File "C:\Users\Msi\AppData\Local\Programs\Python\Python311\Lib\site-packages\django\db\models\sql\compiler.py", line 1881, in execute_sql
    for sql, params in self.as_sql():
                       ^^^^^^^^^^^^^
  File "C:\Users\Msi\AppData\Local\Programs\Python\Python311\Lib\site-packages\django\db\models\sql\compiler.py", line 1804, in as_sql
    value_rows = [
                 ^
  File "C:\Users\Msi\AppData\Local\Programs\Python\Python311\Lib\site-packages\django\db\models\sql\compiler.py", line 1805, in <listcomp>
    [
  File "C:\Users\Msi\AppData\Local\Programs\Python\Python311\Lib\site-packages\django\db\models\sql\compiler.py", line 1806, in <listcomp>
    self.prepare_value(field, self.pre_save_val(field, obj))
  File "C:\Users\Msi\AppData\Local\Programs\Python\Python311\Lib\site-packages\django\db\models\sql\compiler.py", line 1741, in prepare_value
    return field.get_db_prep_save(value, connection=self.connection)
           ^^^^^^^^^^^^^^^^^^^^^^^^^^^^^^^^^^^^^^^^^^^^^^^^^^^^^^^^^
  File "C:\Users\Msi\AppData\Local\Programs\Python\Python311\Lib\site-packages\django\db\models\fields\json.py", line 118, in get_db_prep_save
    return super().get_db_prep_save(value, connection)
           ^^^^^^^^^^^^^^^^^^^^^^^^^^^^^^^^^^^^^^^^^^^
  File "C:\Users\Msi\AppData\Local\Programs\Python\Python311\Lib\site-packages\django\db\models\fields\__init__.py", line 1012, in get_db_prep_save
    return self.get_db_prep_value(value, connection=connection, prepared=False)
           ^^^^^^^^^^^^^^^^^^^^^^^^^^^^^^^^^^^^^^^^^^^^^^^^^^^^^^^^^^^^^^^^^^^^
  File "C:\Users\Msi\AppData\Local\Programs\Python\Python311\Lib\site-packages\django\db\models\fields\json.py", line 102, in get_db_prep_value
    return connection.ops.adapt_json_value(value, self.encoder)
           ^^^^^^^^^^^^^^^^^^^^^^^^^^^^^^^^^^^^^^^^^^^^^^^^^^^^
  File "C:\Users\Msi\AppData\Local\Programs\Python\Python311\Lib\site-packages\django\db\backends\base\operations.py", line 598, in adapt_json_value
    return json.dumps(value, cls=encoder)
           ^^^^^^^^^^^^^^^^^^^^^^^^^^^^^^
  File "C:\Users\Msi\AppData\Local\Programs\Python\Python311\Lib\json\__init__.py", line 231, in dumps
    return _default_encoder.encode(obj)
           ^^^^^^^^^^^^^^^^^^^^^^^^^^^^
  File "C:\Users\Msi\AppData\Local\Programs\Python\Python311\Lib\json\encoder.py", line 200, in encode
    chunks = self.iterencode(o, _one_shot=True)
             ^^^^^^^^^^^^^^^^^^^^^^^^^^^^^^^^^^
  File "C:\Users\Msi\AppData\Local\Programs\Python\Python311\Lib\json\encoder.py", line 258, in iterencode
    return _iterencode(o, 0)
           ^^^^^^^^^^^^^^^^^
  File "C:\Users\Msi\AppData\Local\Programs\Python\Python311\Lib\json\encoder.py", line 180, in default
    raise TypeError(f'Object of type {o.__class__.__name__} '
TypeError: Object of type datetime is not JSON serializable
2025-12-08 01:52:57,698 - INFO - HTTP Request: POST https://api.cerebras.ai/v1/chat/completions "HTTP/1.1 200 OK"
2025-12-08 01:52:57,701 - ERROR - Failed to ingest article http://www.safigoud.com/?p=2937
Traceback (most recent call last):
  File "C:\Users\Msi\AppData\Local\Programs\Python\Python311\Lib\site-packages\django\db\models\query.py", line 948, in get_or_create
    return self.get(**kwargs), False
           ^^^^^^^^^^^^^^^^^^
  File "C:\Users\Msi\AppData\Local\Programs\Python\Python311\Lib\site-packages\django\db\models\query.py", line 635, in get
    raise self.model.DoesNotExist(
monitoring.models.Mention.DoesNotExist: Mention matching query does not exist.

During handling of the above exception, another exception occurred:

Traceback (most recent call last):
  File "C:\Users\Msi\Desktop\Abdou_all_codes\media_monitoring\monitoring\services\ingestion.py", line 171, in ingest_latest_articles
    mention, created = Mention.objects.get_or_create(original_url=url, defaults=defaults)
                       ^^^^^^^^^^^^^^^^^^^^^^^^^^^^^^^^^^^^^^^^^^^^^^^^^^^^^^^^^^^^^^^^^^
  File "C:\Users\Msi\AppData\Local\Programs\Python\Python311\Lib\site-packages\django\db\models\manager.py", line 87, in manager_method
    return getattr(self.get_queryset(), name)(*args, **kwargs)
           ^^^^^^^^^^^^^^^^^^^^^^^^^^^^^^^^^^^^^^^^^^^^^^^^^^^
  File "C:\Users\Msi\AppData\Local\Programs\Python\Python311\Lib\site-packages\django\db\models\query.py", line 955, in get_or_create
    return self.create(**params), True
           ^^^^^^^^^^^^^^^^^^^^^
  File "C:\Users\Msi\AppData\Local\Programs\Python\Python311\Lib\site-packages\django\db\models\query.py", line 665, in create
    obj.save(force_insert=True, using=self.db)
  File "C:\Users\Msi\AppData\Local\Programs\Python\Python311\Lib\site-packages\django\db\models\base.py", line 902, in save
    self.save_base(
  File "C:\Users\Msi\AppData\Local\Programs\Python\Python311\Lib\site-packages\django\db\models\base.py", line 1008, in save_base
    updated = self._save_table(
              ^^^^^^^^^^^^^^^^^
  File "C:\Users\Msi\AppData\Local\Programs\Python\Python311\Lib\site-packages\django\db\models\base.py", line 1169, in _save_table
    results = self._do_insert(
              ^^^^^^^^^^^^^^^^
  File "C:\Users\Msi\AppData\Local\Programs\Python\Python311\Lib\site-packages\django\db\models\base.py", line 1210, in _do_insert
    return manager._insert(
           ^^^^^^^^^^^^^^^^
  File "C:\Users\Msi\AppData\Local\Programs\Python\Python311\Lib\site-packages\django\db\models\manager.py", line 87, in manager_method
    return getattr(self.get_queryset(), name)(*args, **kwargs)
           ^^^^^^^^^^^^^^^^^^^^^^^^^^^^^^^^^^^^^^^^^^^^^^^^^^^
  File "C:\Users\Msi\AppData\Local\Programs\Python\Python311\Lib\site-packages\django\db\models\query.py", line 1873, in _insert
    return query.get_compiler(using=using).execute_sql(returning_fields)
           ^^^^^^^^^^^^^^^^^^^^^^^^^^^^^^^^^^^^^^^^^^^^^^^^^^^^^^^^^^^^^
  File "C:\Users\Msi\AppData\Local\Programs\Python\Python311\Lib\site-packages\django\db\models\sql\compiler.py", line 1881, in execute_sql
    for sql, params in self.as_sql():
                       ^^^^^^^^^^^^^
  File "C:\Users\Msi\AppData\Local\Programs\Python\Python311\Lib\site-packages\django\db\models\sql\compiler.py", line 1804, in as_sql
    value_rows = [
                 ^
  File "C:\Users\Msi\AppData\Local\Programs\Python\Python311\Lib\site-packages\django\db\models\sql\compiler.py", line 1805, in <listcomp>
    [
  File "C:\Users\Msi\AppData\Local\Programs\Python\Python311\Lib\site-packages\django\db\models\sql\compiler.py", line 1806, in <listcomp>
    self.prepare_value(field, self.pre_save_val(field, obj))
  File "C:\Users\Msi\AppData\Local\Programs\Python\Python311\Lib\site-packages\django\db\models\sql\compiler.py", line 1741, in prepare_value
    return field.get_db_prep_save(value, connection=self.connection)
           ^^^^^^^^^^^^^^^^^^^^^^^^^^^^^^^^^^^^^^^^^^^^^^^^^^^^^^^^^
  File "C:\Users\Msi\AppData\Local\Programs\Python\Python311\Lib\site-packages\django\db\models\fields\json.py", line 118, in get_db_prep_save
    return super().get_db_prep_save(value, connection)
           ^^^^^^^^^^^^^^^^^^^^^^^^^^^^^^^^^^^^^^^^^^^
  File "C:\Users\Msi\AppData\Local\Programs\Python\Python311\Lib\site-packages\django\db\models\fields\__init__.py", line 1012, in get_db_prep_save
    return self.get_db_prep_value(value, connection=connection, prepared=False)
           ^^^^^^^^^^^^^^^^^^^^^^^^^^^^^^^^^^^^^^^^^^^^^^^^^^^^^^^^^^^^^^^^^^^^
  File "C:\Users\Msi\AppData\Local\Programs\Python\Python311\Lib\site-packages\django\db\models\fields\json.py", line 102, in get_db_prep_value
    return connection.ops.adapt_json_value(value, self.encoder)
           ^^^^^^^^^^^^^^^^^^^^^^^^^^^^^^^^^^^^^^^^^^^^^^^^^^^^
  File "C:\Users\Msi\AppData\Local\Programs\Python\Python311\Lib\site-packages\django\db\backends\base\operations.py", line 598, in adapt_json_value
    return json.dumps(value, cls=encoder)
           ^^^^^^^^^^^^^^^^^^^^^^^^^^^^^^
  File "C:\Users\Msi\AppData\Local\Programs\Python\Python311\Lib\json\__init__.py", line 231, in dumps
    return _default_encoder.encode(obj)
           ^^^^^^^^^^^^^^^^^^^^^^^^^^^^
  File "C:\Users\Msi\AppData\Local\Programs\Python\Python311\Lib\json\encoder.py", line 200, in encode
    chunks = self.iterencode(o, _one_shot=True)
             ^^^^^^^^^^^^^^^^^^^^^^^^^^^^^^^^^^
  File "C:\Users\Msi\AppData\Local\Programs\Python\Python311\Lib\json\encoder.py", line 258, in iterencode
    return _iterencode(o, 0)
           ^^^^^^^^^^^^^^^^^
  File "C:\Users\Msi\AppData\Local\Programs\Python\Python311\Lib\json\encoder.py", line 180, in default
    raise TypeError(f'Object of type {o.__class__.__name__} '
TypeError: Object of type datetime is not JSON serializable
2025-12-08 01:52:58,802 - INFO - HTTP Request: POST https://api.cerebras.ai/v1/chat/completions "HTTP/1.1 200 OK"
2025-12-08 01:52:58,804 - ERROR - Failed to ingest article http://www.safigoud.com/?p=2939
Traceback (most recent call last):
  File "C:\Users\Msi\AppData\Local\Programs\Python\Python311\Lib\site-packages\django\db\models\query.py", line 948, in get_or_create
    return self.get(**kwargs), False
           ^^^^^^^^^^^^^^^^^^
  File "C:\Users\Msi\AppData\Local\Programs\Python\Python311\Lib\site-packages\django\db\models\query.py", line 635, in get
    raise self.model.DoesNotExist(
monitoring.models.Mention.DoesNotExist: Mention matching query does not exist.

During handling of the above exception, another exception occurred:

Traceback (most recent call last):
  File "C:\Users\Msi\Desktop\Abdou_all_codes\media_monitoring\monitoring\services\ingestion.py", line 171, in ingest_latest_articles
    mention, created = Mention.objects.get_or_create(original_url=url, defaults=defaults)
                       ^^^^^^^^^^^^^^^^^^^^^^^^^^^^^^^^^^^^^^^^^^^^^^^^^^^^^^^^^^^^^^^^^^
  File "C:\Users\Msi\AppData\Local\Programs\Python\Python311\Lib\site-packages\django\db\models\manager.py", line 87, in manager_method
    return getattr(self.get_queryset(), name)(*args, **kwargs)
           ^^^^^^^^^^^^^^^^^^^^^^^^^^^^^^^^^^^^^^^^^^^^^^^^^^^
  File "C:\Users\Msi\AppData\Local\Programs\Python\Python311\Lib\site-packages\django\db\models\query.py", line 955, in get_or_create
    return self.create(**params), True
           ^^^^^^^^^^^^^^^^^^^^^
  File "C:\Users\Msi\AppData\Local\Programs\Python\Python311\Lib\site-packages\django\db\models\query.py", line 665, in create
    obj.save(force_insert=True, using=self.db)
  File "C:\Users\Msi\AppData\Local\Programs\Python\Python311\Lib\site-packages\django\db\models\base.py", line 902, in save
    self.save_base(
  File "C:\Users\Msi\AppData\Local\Programs\Python\Python311\Lib\site-packages\django\db\models\base.py", line 1008, in save_base
    updated = self._save_table(
              ^^^^^^^^^^^^^^^^^
  File "C:\Users\Msi\AppData\Local\Programs\Python\Python311\Lib\site-packages\django\db\models\base.py", line 1169, in _save_table
    results = self._do_insert(
              ^^^^^^^^^^^^^^^^
  File "C:\Users\Msi\AppData\Local\Programs\Python\Python311\Lib\site-packages\django\db\models\base.py", line 1210, in _do_insert
    return manager._insert(
           ^^^^^^^^^^^^^^^^
  File "C:\Users\Msi\AppData\Local\Programs\Python\Python311\Lib\site-packages\django\db\models\manager.py", line 87, in manager_method
    return getattr(self.get_queryset(), name)(*args, **kwargs)
           ^^^^^^^^^^^^^^^^^^^^^^^^^^^^^^^^^^^^^^^^^^^^^^^^^^^
  File "C:\Users\Msi\AppData\Local\Programs\Python\Python311\Lib\site-packages\django\db\models\query.py", line 1873, in _insert
    return query.get_compiler(using=using).execute_sql(returning_fields)
           ^^^^^^^^^^^^^^^^^^^^^^^^^^^^^^^^^^^^^^^^^^^^^^^^^^^^^^^^^^^^^
  File "C:\Users\Msi\AppData\Local\Programs\Python\Python311\Lib\site-packages\django\db\models\sql\compiler.py", line 1881, in execute_sql
    for sql, params in self.as_sql():
                       ^^^^^^^^^^^^^
  File "C:\Users\Msi\AppData\Local\Programs\Python\Python311\Lib\site-packages\django\db\models\sql\compiler.py", line 1804, in as_sql
    value_rows = [
                 ^
  File "C:\Users\Msi\AppData\Local\Programs\Python\Python311\Lib\site-packages\django\db\models\sql\compiler.py", line 1805, in <listcomp>
    [
  File "C:\Users\Msi\AppData\Local\Programs\Python\Python311\Lib\site-packages\django\db\models\sql\compiler.py", line 1806, in <listcomp>
    self.prepare_value(field, self.pre_save_val(field, obj))
  File "C:\Users\Msi\AppData\Local\Programs\Python\Python311\Lib\site-packages\django\db\models\sql\compiler.py", line 1741, in prepare_value
    return field.get_db_prep_save(value, connection=self.connection)
           ^^^^^^^^^^^^^^^^^^^^^^^^^^^^^^^^^^^^^^^^^^^^^^^^^^^^^^^^^
  File "C:\Users\Msi\AppData\Local\Programs\Python\Python311\Lib\site-packages\django\db\models\fields\json.py", line 118, in get_db_prep_save
    return super().get_db_prep_save(value, connection)
           ^^^^^^^^^^^^^^^^^^^^^^^^^^^^^^^^^^^^^^^^^^^
  File "C:\Users\Msi\AppData\Local\Programs\Python\Python311\Lib\site-packages\django\db\models\fields\__init__.py", line 1012, in get_db_prep_save
    return self.get_db_prep_value(value, connection=connection, prepared=False)
           ^^^^^^^^^^^^^^^^^^^^^^^^^^^^^^^^^^^^^^^^^^^^^^^^^^^^^^^^^^^^^^^^^^^^
  File "C:\Users\Msi\AppData\Local\Programs\Python\Python311\Lib\site-packages\django\db\models\fields\json.py", line 102, in get_db_prep_value
    return connection.ops.adapt_json_value(value, self.encoder)
           ^^^^^^^^^^^^^^^^^^^^^^^^^^^^^^^^^^^^^^^^^^^^^^^^^^^^
  File "C:\Users\Msi\AppData\Local\Programs\Python\Python311\Lib\site-packages\django\db\backends\base\operations.py", line 598, in adapt_json_value
    return json.dumps(value, cls=encoder)
           ^^^^^^^^^^^^^^^^^^^^^^^^^^^^^^
  File "C:\Users\Msi\AppData\Local\Programs\Python\Python311\Lib\json\__init__.py", line 231, in dumps
    return _default_encoder.encode(obj)
           ^^^^^^^^^^^^^^^^^^^^^^^^^^^^
  File "C:\Users\Msi\AppData\Local\Programs\Python\Python311\Lib\json\encoder.py", line 200, in encode
    chunks = self.iterencode(o, _one_shot=True)
             ^^^^^^^^^^^^^^^^^^^^^^^^^^^^^^^^^^
  File "C:\Users\Msi\AppData\Local\Programs\Python\Python311\Lib\json\encoder.py", line 258, in iterencode
    return _iterencode(o, 0)
           ^^^^^^^^^^^^^^^^^
  File "C:\Users\Msi\AppData\Local\Programs\Python\Python311\Lib\json\encoder.py", line 180, in default
    raise TypeError(f'Object of type {o.__class__.__name__} '
TypeError: Object of type datetime is not JSON serializable
2025-12-08 01:52:59,352 - INFO - HTTP Request: POST https://api.cerebras.ai/v1/chat/completions "HTTP/1.1 200 OK"
2025-12-08 01:52:59,355 - ERROR - Failed to ingest article https://safisud.com/2025/12/07/%d8%a7%d8%ae%d8%aa%d8%aa%d8%a7%d9%85-%d8%a7%d9%84%d8%ad%d8%af%d8%ab-%d8%a7%d9%84%d8%b9%d8%a7%d9%84%d9%85%d9%8a-%d8%a8%d9%85%d9%86%d8%aa%d8%ac%d8%b9-%d8%b1%d8%a7%d8%b3-%d8%a7%d9%84%d9%84%d9%81%d8%b9/
Traceback (most recent call last):
  File "C:\Users\Msi\AppData\Local\Programs\Python\Python311\Lib\site-packages\django\db\models\query.py", line 948, in get_or_create
    return self.get(**kwargs), False
           ^^^^^^^^^^^^^^^^^^
  File "C:\Users\Msi\AppData\Local\Programs\Python\Python311\Lib\site-packages\django\db\models\query.py", line 635, in get
    raise self.model.DoesNotExist(
monitoring.models.Mention.DoesNotExist: Mention matching query does not exist.

During handling of the above exception, another exception occurred:

Traceback (most recent call last):
  File "C:\Users\Msi\Desktop\Abdou_all_codes\media_monitoring\monitoring\services\ingestion.py", line 171, in ingest_latest_articles
    mention, created = Mention.objects.get_or_create(original_url=url, defaults=defaults)
                       ^^^^^^^^^^^^^^^^^^^^^^^^^^^^^^^^^^^^^^^^^^^^^^^^^^^^^^^^^^^^^^^^^^
  File "C:\Users\Msi\AppData\Local\Programs\Python\Python311\Lib\site-packages\django\db\models\manager.py", line 87, in manager_method
    return getattr(self.get_queryset(), name)(*args, **kwargs)
           ^^^^^^^^^^^^^^^^^^^^^^^^^^^^^^^^^^^^^^^^^^^^^^^^^^^
  File "C:\Users\Msi\AppData\Local\Programs\Python\Python311\Lib\site-packages\django\db\models\query.py", line 955, in get_or_create
    return self.create(**params), True
           ^^^^^^^^^^^^^^^^^^^^^
  File "C:\Users\Msi\AppData\Local\Programs\Python\Python311\Lib\site-packages\django\db\models\query.py", line 665, in create
    obj.save(force_insert=True, using=self.db)
  File "C:\Users\Msi\AppData\Local\Programs\Python\Python311\Lib\site-packages\django\db\models\base.py", line 902, in save
    self.save_base(
  File "C:\Users\Msi\AppData\Local\Programs\Python\Python311\Lib\site-packages\django\db\models\base.py", line 1008, in save_base
    updated = self._save_table(
              ^^^^^^^^^^^^^^^^^
  File "C:\Users\Msi\AppData\Local\Programs\Python\Python311\Lib\site-packages\django\db\models\base.py", line 1169, in _save_table
    results = self._do_insert(
              ^^^^^^^^^^^^^^^^
  File "C:\Users\Msi\AppData\Local\Programs\Python\Python311\Lib\site-packages\django\db\models\base.py", line 1210, in _do_insert
    return manager._insert(
           ^^^^^^^^^^^^^^^^
  File "C:\Users\Msi\AppData\Local\Programs\Python\Python311\Lib\site-packages\django\db\models\manager.py", line 87, in manager_method
    return getattr(self.get_queryset(), name)(*args, **kwargs)
           ^^^^^^^^^^^^^^^^^^^^^^^^^^^^^^^^^^^^^^^^^^^^^^^^^^^
  File "C:\Users\Msi\AppData\Local\Programs\Python\Python311\Lib\site-packages\django\db\models\query.py", line 1873, in _insert
    return query.get_compiler(using=using).execute_sql(returning_fields)
           ^^^^^^^^^^^^^^^^^^^^^^^^^^^^^^^^^^^^^^^^^^^^^^^^^^^^^^^^^^^^^
  File "C:\Users\Msi\AppData\Local\Programs\Python\Python311\Lib\site-packages\django\db\models\sql\compiler.py", line 1881, in execute_sql
    for sql, params in self.as_sql():
                       ^^^^^^^^^^^^^
  File "C:\Users\Msi\AppData\Local\Programs\Python\Python311\Lib\site-packages\django\db\models\sql\compiler.py", line 1804, in as_sql
    value_rows = [
                 ^
  File "C:\Users\Msi\AppData\Local\Programs\Python\Python311\Lib\site-packages\django\db\models\sql\compiler.py", line 1805, in <listcomp>
    [
  File "C:\Users\Msi\AppData\Local\Programs\Python\Python311\Lib\site-packages\django\db\models\sql\compiler.py", line 1806, in <listcomp>
    self.prepare_value(field, self.pre_save_val(field, obj))
  File "C:\Users\Msi\AppData\Local\Programs\Python\Python311\Lib\site-packages\django\db\models\sql\compiler.py", line 1741, in prepare_value
    return field.get_db_prep_save(value, connection=self.connection)
           ^^^^^^^^^^^^^^^^^^^^^^^^^^^^^^^^^^^^^^^^^^^^^^^^^^^^^^^^^
  File "C:\Users\Msi\AppData\Local\Programs\Python\Python311\Lib\site-packages\django\db\models\fields\json.py", line 118, in get_db_prep_save
    return super().get_db_prep_save(value, connection)
           ^^^^^^^^^^^^^^^^^^^^^^^^^^^^^^^^^^^^^^^^^^^
  File "C:\Users\Msi\AppData\Local\Programs\Python\Python311\Lib\site-packages\django\db\models\fields\__init__.py", line 1012, in get_db_prep_save
    return self.get_db_prep_value(value, connection=connection, prepared=False)
           ^^^^^^^^^^^^^^^^^^^^^^^^^^^^^^^^^^^^^^^^^^^^^^^^^^^^^^^^^^^^^^^^^^^^
  File "C:\Users\Msi\AppData\Local\Programs\Python\Python311\Lib\site-packages\django\db\models\fields\json.py", line 102, in get_db_prep_value
    return connection.ops.adapt_json_value(value, self.encoder)
           ^^^^^^^^^^^^^^^^^^^^^^^^^^^^^^^^^^^^^^^^^^^^^^^^^^^^
  File "C:\Users\Msi\AppData\Local\Programs\Python\Python311\Lib\site-packages\django\db\backends\base\operations.py", line 598, in adapt_json_value
    return json.dumps(value, cls=encoder)
           ^^^^^^^^^^^^^^^^^^^^^^^^^^^^^^
  File "C:\Users\Msi\AppData\Local\Programs\Python\Python311\Lib\json\__init__.py", line 231, in dumps
    return _default_encoder.encode(obj)
           ^^^^^^^^^^^^^^^^^^^^^^^^^^^^
  File "C:\Users\Msi\AppData\Local\Programs\Python\Python311\Lib\json\encoder.py", line 200, in encode
    chunks = self.iterencode(o, _one_shot=True)
             ^^^^^^^^^^^^^^^^^^^^^^^^^^^^^^^^^^
  File "C:\Users\Msi\AppData\Local\Programs\Python\Python311\Lib\json\encoder.py", line 258, in iterencode
    return _iterencode(o, 0)
           ^^^^^^^^^^^^^^^^^
  File "C:\Users\Msi\AppData\Local\Programs\Python\Python311\Lib\json\encoder.py", line 180, in default
    raise TypeError(f'Object of type {o.__class__.__name__} '
TypeError: Object of type datetime is not JSON serializable
2025-12-08 01:53:00,019 - INFO - HTTP Request: POST https://api.cerebras.ai/v1/chat/completions "HTTP/1.1 200 OK"
2025-12-08 01:53:00,023 - ERROR - Failed to ingest article https://safisud.com/2025/12/07/%d8%a3%d9%88%d9%84-%d8%b8%d9%87%d9%88%d8%b1-%d8%b1%d8%b3%d9%85%d9%8a-%d9%84%d9%84%d9%83%d8%a7%d8%aa%d8%a8-%d8%a7%d9%84%d8%b9%d8%a7%d9%85-%d8%a7%d9%84%d8%ac%d8%af%d9%8a%d8%af-%d9%84%d8%b9%d9%85%d8%a7/
Traceback (most recent call last):
  File "C:\Users\Msi\AppData\Local\Programs\Python\Python311\Lib\site-packages\django\db\models\query.py", line 948, in get_or_create
    return self.get(**kwargs), False
           ^^^^^^^^^^^^^^^^^^
  File "C:\Users\Msi\AppData\Local\Programs\Python\Python311\Lib\site-packages\django\db\models\query.py", line 635, in get
    raise self.model.DoesNotExist(
monitoring.models.Mention.DoesNotExist: Mention matching query does not exist.

During handling of the above exception, another exception occurred:

Traceback (most recent call last):
  File "C:\Users\Msi\Desktop\Abdou_all_codes\media_monitoring\monitoring\services\ingestion.py", line 171, in ingest_latest_articles
    mention, created = Mention.objects.get_or_create(original_url=url, defaults=defaults)
                       ^^^^^^^^^^^^^^^^^^^^^^^^^^^^^^^^^^^^^^^^^^^^^^^^^^^^^^^^^^^^^^^^^^
  File "C:\Users\Msi\AppData\Local\Programs\Python\Python311\Lib\site-packages\django\db\models\manager.py", line 87, in manager_method
    return getattr(self.get_queryset(), name)(*args, **kwargs)
           ^^^^^^^^^^^^^^^^^^^^^^^^^^^^^^^^^^^^^^^^^^^^^^^^^^^
  File "C:\Users\Msi\AppData\Local\Programs\Python\Python311\Lib\site-packages\django\db\models\query.py", line 955, in get_or_create
    return self.create(**params), True
           ^^^^^^^^^^^^^^^^^^^^^
  File "C:\Users\Msi\AppData\Local\Programs\Python\Python311\Lib\site-packages\django\db\models\query.py", line 665, in create
    obj.save(force_insert=True, using=self.db)
  File "C:\Users\Msi\AppData\Local\Programs\Python\Python311\Lib\site-packages\django\db\models\base.py", line 902, in save
    self.save_base(
  File "C:\Users\Msi\AppData\Local\Programs\Python\Python311\Lib\site-packages\django\db\models\base.py", line 1008, in save_base
    updated = self._save_table(
              ^^^^^^^^^^^^^^^^^
  File "C:\Users\Msi\AppData\Local\Programs\Python\Python311\Lib\site-packages\django\db\models\base.py", line 1169, in _save_table
    results = self._do_insert(
              ^^^^^^^^^^^^^^^^
  File "C:\Users\Msi\AppData\Local\Programs\Python\Python311\Lib\site-packages\django\db\models\base.py", line 1210, in _do_insert
    return manager._insert(
           ^^^^^^^^^^^^^^^^
  File "C:\Users\Msi\AppData\Local\Programs\Python\Python311\Lib\site-packages\django\db\models\manager.py", line 87, in manager_method
    return getattr(self.get_queryset(), name)(*args, **kwargs)
           ^^^^^^^^^^^^^^^^^^^^^^^^^^^^^^^^^^^^^^^^^^^^^^^^^^^
  File "C:\Users\Msi\AppData\Local\Programs\Python\Python311\Lib\site-packages\django\db\models\query.py", line 1873, in _insert
    return query.get_compiler(using=using).execute_sql(returning_fields)
           ^^^^^^^^^^^^^^^^^^^^^^^^^^^^^^^^^^^^^^^^^^^^^^^^^^^^^^^^^^^^^
  File "C:\Users\Msi\AppData\Local\Programs\Python\Python311\Lib\site-packages\django\db\models\sql\compiler.py", line 1881, in execute_sql
    for sql, params in self.as_sql():
                       ^^^^^^^^^^^^^
  File "C:\Users\Msi\AppData\Local\Programs\Python\Python311\Lib\site-packages\django\db\models\sql\compiler.py", line 1804, in as_sql
    value_rows = [
                 ^
  File "C:\Users\Msi\AppData\Local\Programs\Python\Python311\Lib\site-packages\django\db\models\sql\compiler.py", line 1805, in <listcomp>
    [
  File "C:\Users\Msi\AppData\Local\Programs\Python\Python311\Lib\site-packages\django\db\models\sql\compiler.py", line 1806, in <listcomp>
    self.prepare_value(field, self.pre_save_val(field, obj))
  File "C:\Users\Msi\AppData\Local\Programs\Python\Python311\Lib\site-packages\django\db\models\sql\compiler.py", line 1741, in prepare_value
    return field.get_db_prep_save(value, connection=self.connection)
           ^^^^^^^^^^^^^^^^^^^^^^^^^^^^^^^^^^^^^^^^^^^^^^^^^^^^^^^^^
  File "C:\Users\Msi\AppData\Local\Programs\Python\Python311\Lib\site-packages\django\db\models\fields\json.py", line 118, in get_db_prep_save
    return super().get_db_prep_save(value, connection)
           ^^^^^^^^^^^^^^^^^^^^^^^^^^^^^^^^^^^^^^^^^^^
  File "C:\Users\Msi\AppData\Local\Programs\Python\Python311\Lib\site-packages\django\db\models\fields\__init__.py", line 1012, in get_db_prep_save
    return self.get_db_prep_value(value, connection=connection, prepared=False)
           ^^^^^^^^^^^^^^^^^^^^^^^^^^^^^^^^^^^^^^^^^^^^^^^^^^^^^^^^^^^^^^^^^^^^
  File "C:\Users\Msi\AppData\Local\Programs\Python\Python311\Lib\site-packages\django\db\models\fields\json.py", line 102, in get_db_prep_value
    return connection.ops.adapt_json_value(value, self.encoder)
           ^^^^^^^^^^^^^^^^^^^^^^^^^^^^^^^^^^^^^^^^^^^^^^^^^^^^
  File "C:\Users\Msi\AppData\Local\Programs\Python\Python311\Lib\site-packages\django\db\backends\base\operations.py", line 598, in adapt_json_value
    return json.dumps(value, cls=encoder)
           ^^^^^^^^^^^^^^^^^^^^^^^^^^^^^^
  File "C:\Users\Msi\AppData\Local\Programs\Python\Python311\Lib\json\__init__.py", line 231, in dumps
    return _default_encoder.encode(obj)
           ^^^^^^^^^^^^^^^^^^^^^^^^^^^^
  File "C:\Users\Msi\AppData\Local\Programs\Python\Python311\Lib\json\encoder.py", line 200, in encode
    chunks = self.iterencode(o, _one_shot=True)
             ^^^^^^^^^^^^^^^^^^^^^^^^^^^^^^^^^^
  File "C:\Users\Msi\AppData\Local\Programs\Python\Python311\Lib\json\encoder.py", line 258, in iterencode
    return _iterencode(o, 0)
           ^^^^^^^^^^^^^^^^^
  File "C:\Users\Msi\AppData\Local\Programs\Python\Python311\Lib\json\encoder.py", line 180, in default
    raise TypeError(f'Object of type {o.__class__.__name__} '
TypeError: Object of type datetime is not JSON serializable
2025-12-08 01:53:00,890 - INFO - HTTP Request: POST https://api.cerebras.ai/v1/chat/completions "HTTP/1.1 200 OK"
2025-12-08 01:53:00,893 - ERROR - Failed to ingest article https://safisud.com/2025/12/07/%d8%a7%d9%84%d8%af%d8%b1%d9%83-%d8%a7%d9%84%d9%85%d9%84%d9%83%d9%8a-%d8%a8%d9%85%d8%b1%d9%83%d8%b2-%d8%a8%d9%88%da%af%d8%af%d8%b1%d8%a9-%d9%8a%d8%af%d8%a7%d9%87%d9%85-%d8%a3%d8%ad%d8%af/
Traceback (most recent call last):
  File "C:\Users\Msi\AppData\Local\Programs\Python\Python311\Lib\site-packages\django\db\models\query.py", line 948, in get_or_create
    return self.get(**kwargs), False
           ^^^^^^^^^^^^^^^^^^
  File "C:\Users\Msi\AppData\Local\Programs\Python\Python311\Lib\site-packages\django\db\models\query.py", line 635, in get
    raise self.model.DoesNotExist(
monitoring.models.Mention.DoesNotExist: Mention matching query does not exist.

During handling of the above exception, another exception occurred:

Traceback (most recent call last):
  File "C:\Users\Msi\Desktop\Abdou_all_codes\media_monitoring\monitoring\services\ingestion.py", line 171, in ingest_latest_articles
    mention, created = Mention.objects.get_or_create(original_url=url, defaults=defaults)
                       ^^^^^^^^^^^^^^^^^^^^^^^^^^^^^^^^^^^^^^^^^^^^^^^^^^^^^^^^^^^^^^^^^^
  File "C:\Users\Msi\AppData\Local\Programs\Python\Python311\Lib\site-packages\django\db\models\manager.py", line 87, in manager_method
    return getattr(self.get_queryset(), name)(*args, **kwargs)
           ^^^^^^^^^^^^^^^^^^^^^^^^^^^^^^^^^^^^^^^^^^^^^^^^^^^
  File "C:\Users\Msi\AppData\Local\Programs\Python\Python311\Lib\site-packages\django\db\models\query.py", line 955, in get_or_create
    return self.create(**params), True
           ^^^^^^^^^^^^^^^^^^^^^
  File "C:\Users\Msi\AppData\Local\Programs\Python\Python311\Lib\site-packages\django\db\models\query.py", line 665, in create
    obj.save(force_insert=True, using=self.db)
  File "C:\Users\Msi\AppData\Local\Programs\Python\Python311\Lib\site-packages\django\db\models\base.py", line 902, in save
    self.save_base(
  File "C:\Users\Msi\AppData\Local\Programs\Python\Python311\Lib\site-packages\django\db\models\base.py", line 1008, in save_base
    updated = self._save_table(
              ^^^^^^^^^^^^^^^^^
  File "C:\Users\Msi\AppData\Local\Programs\Python\Python311\Lib\site-packages\django\db\models\base.py", line 1169, in _save_table
    results = self._do_insert(
              ^^^^^^^^^^^^^^^^
  File "C:\Users\Msi\AppData\Local\Programs\Python\Python311\Lib\site-packages\django\db\models\base.py", line 1210, in _do_insert
    return manager._insert(
           ^^^^^^^^^^^^^^^^
  File "C:\Users\Msi\AppData\Local\Programs\Python\Python311\Lib\site-packages\django\db\models\manager.py", line 87, in manager_method
    return getattr(self.get_queryset(), name)(*args, **kwargs)
           ^^^^^^^^^^^^^^^^^^^^^^^^^^^^^^^^^^^^^^^^^^^^^^^^^^^
  File "C:\Users\Msi\AppData\Local\Programs\Python\Python311\Lib\site-packages\django\db\models\query.py", line 1873, in _insert
    return query.get_compiler(using=using).execute_sql(returning_fields)
           ^^^^^^^^^^^^^^^^^^^^^^^^^^^^^^^^^^^^^^^^^^^^^^^^^^^^^^^^^^^^^
  File "C:\Users\Msi\AppData\Local\Programs\Python\Python311\Lib\site-packages\django\db\models\sql\compiler.py", line 1881, in execute_sql
    for sql, params in self.as_sql():
                       ^^^^^^^^^^^^^
  File "C:\Users\Msi\AppData\Local\Programs\Python\Python311\Lib\site-packages\django\db\models\sql\compiler.py", line 1804, in as_sql
    value_rows = [
                 ^
  File "C:\Users\Msi\AppData\Local\Programs\Python\Python311\Lib\site-packages\django\db\models\sql\compiler.py", line 1805, in <listcomp>
    [
  File "C:\Users\Msi\AppData\Local\Programs\Python\Python311\Lib\site-packages\django\db\models\sql\compiler.py", line 1806, in <listcomp>
    self.prepare_value(field, self.pre_save_val(field, obj))
  File "C:\Users\Msi\AppData\Local\Programs\Python\Python311\Lib\site-packages\django\db\models\sql\compiler.py", line 1741, in prepare_value
    return field.get_db_prep_save(value, connection=self.connection)
           ^^^^^^^^^^^^^^^^^^^^^^^^^^^^^^^^^^^^^^^^^^^^^^^^^^^^^^^^^
  File "C:\Users\Msi\AppData\Local\Programs\Python\Python311\Lib\site-packages\django\db\models\fields\json.py", line 118, in get_db_prep_save
    return super().get_db_prep_save(value, connection)
           ^^^^^^^^^^^^^^^^^^^^^^^^^^^^^^^^^^^^^^^^^^^
  File "C:\Users\Msi\AppData\Local\Programs\Python\Python311\Lib\site-packages\django\db\models\fields\__init__.py", line 1012, in get_db_prep_save
    return self.get_db_prep_value(value, connection=connection, prepared=False)
           ^^^^^^^^^^^^^^^^^^^^^^^^^^^^^^^^^^^^^^^^^^^^^^^^^^^^^^^^^^^^^^^^^^^^
  File "C:\Users\Msi\AppData\Local\Programs\Python\Python311\Lib\site-packages\django\db\models\fields\json.py", line 102, in get_db_prep_value
    return connection.ops.adapt_json_value(value, self.encoder)
           ^^^^^^^^^^^^^^^^^^^^^^^^^^^^^^^^^^^^^^^^^^^^^^^^^^^^
  File "C:\Users\Msi\AppData\Local\Programs\Python\Python311\Lib\site-packages\django\db\backends\base\operations.py", line 598, in adapt_json_value
    return json.dumps(value, cls=encoder)
           ^^^^^^^^^^^^^^^^^^^^^^^^^^^^^^
  File "C:\Users\Msi\AppData\Local\Programs\Python\Python311\Lib\json\__init__.py", line 231, in dumps
    return _default_encoder.encode(obj)
           ^^^^^^^^^^^^^^^^^^^^^^^^^^^^
  File "C:\Users\Msi\AppData\Local\Programs\Python\Python311\Lib\json\encoder.py", line 200, in encode
    chunks = self.iterencode(o, _one_shot=True)
             ^^^^^^^^^^^^^^^^^^^^^^^^^^^^^^^^^^
  File "C:\Users\Msi\AppData\Local\Programs\Python\Python311\Lib\json\encoder.py", line 258, in iterencode
    return _iterencode(o, 0)
           ^^^^^^^^^^^^^^^^^
  File "C:\Users\Msi\AppData\Local\Programs\Python\Python311\Lib\json\encoder.py", line 180, in default
    raise TypeError(f'Object of type {o.__class__.__name__} '
TypeError: Object of type datetime is not JSON serializable
2025-12-08 01:53:01,959 - INFO - HTTP Request: POST https://api.cerebras.ai/v1/chat/completions "HTTP/1.1 200 OK"
2025-12-08 01:53:01,962 - ERROR - Failed to ingest article https://www.hespress.com/%d9%85%d8%ac%d9%86%d9%88%d9%86-%d9%85%d9%86-%d8%a7%d9%84%d9%82%d9%8a%d8%af-%d8%a7%d9%84%d8%b6%d8%ad%d9%83-%d9%8a%d8%aa%d8%ad%d9%88%d9%84-%d8%a5%d9%84%d9%89-%d8%b3%d9%84%d8%a7%d8%ad-%d9%84%d9%84-1666776.html
Traceback (most recent call last):
  File "C:\Users\Msi\AppData\Local\Programs\Python\Python311\Lib\site-packages\django\db\models\query.py", line 948, in get_or_create
    return self.get(**kwargs), False
           ^^^^^^^^^^^^^^^^^^
  File "C:\Users\Msi\AppData\Local\Programs\Python\Python311\Lib\site-packages\django\db\models\query.py", line 635, in get
    raise self.model.DoesNotExist(
monitoring.models.Mention.DoesNotExist: Mention matching query does not exist.

During handling of the above exception, another exception occurred:

Traceback (most recent call last):
  File "C:\Users\Msi\Desktop\Abdou_all_codes\media_monitoring\monitoring\services\ingestion.py", line 171, in ingest_latest_articles
    mention, created = Mention.objects.get_or_create(original_url=url, defaults=defaults)
                       ^^^^^^^^^^^^^^^^^^^^^^^^^^^^^^^^^^^^^^^^^^^^^^^^^^^^^^^^^^^^^^^^^^
  File "C:\Users\Msi\AppData\Local\Programs\Python\Python311\Lib\site-packages\django\db\models\manager.py", line 87, in manager_method
    return getattr(self.get_queryset(), name)(*args, **kwargs)
           ^^^^^^^^^^^^^^^^^^^^^^^^^^^^^^^^^^^^^^^^^^^^^^^^^^^
  File "C:\Users\Msi\AppData\Local\Programs\Python\Python311\Lib\site-packages\django\db\models\query.py", line 955, in get_or_create
    return self.create(**params), True
           ^^^^^^^^^^^^^^^^^^^^^
  File "C:\Users\Msi\AppData\Local\Programs\Python\Python311\Lib\site-packages\django\db\models\query.py", line 665, in create
    obj.save(force_insert=True, using=self.db)
  File "C:\Users\Msi\AppData\Local\Programs\Python\Python311\Lib\site-packages\django\db\models\base.py", line 902, in save
    self.save_base(
  File "C:\Users\Msi\AppData\Local\Programs\Python\Python311\Lib\site-packages\django\db\models\base.py", line 1008, in save_base
    updated = self._save_table(
              ^^^^^^^^^^^^^^^^^
  File "C:\Users\Msi\AppData\Local\Programs\Python\Python311\Lib\site-packages\django\db\models\base.py", line 1169, in _save_table
    results = self._do_insert(
              ^^^^^^^^^^^^^^^^
  File "C:\Users\Msi\AppData\Local\Programs\Python\Python311\Lib\site-packages\django\db\models\base.py", line 1210, in _do_insert
    return manager._insert(
           ^^^^^^^^^^^^^^^^
  File "C:\Users\Msi\AppData\Local\Programs\Python\Python311\Lib\site-packages\django\db\models\manager.py", line 87, in manager_method
    return getattr(self.get_queryset(), name)(*args, **kwargs)
           ^^^^^^^^^^^^^^^^^^^^^^^^^^^^^^^^^^^^^^^^^^^^^^^^^^^
  File "C:\Users\Msi\AppData\Local\Programs\Python\Python311\Lib\site-packages\django\db\models\query.py", line 1873, in _insert
    return query.get_compiler(using=using).execute_sql(returning_fields)
           ^^^^^^^^^^^^^^^^^^^^^^^^^^^^^^^^^^^^^^^^^^^^^^^^^^^^^^^^^^^^^
  File "C:\Users\Msi\AppData\Local\Programs\Python\Python311\Lib\site-packages\django\db\models\sql\compiler.py", line 1881, in execute_sql
    for sql, params in self.as_sql():
                       ^^^^^^^^^^^^^
  File "C:\Users\Msi\AppData\Local\Programs\Python\Python311\Lib\site-packages\django\db\models\sql\compiler.py", line 1804, in as_sql
    value_rows = [
                 ^
  File "C:\Users\Msi\AppData\Local\Programs\Python\Python311\Lib\site-packages\django\db\models\sql\compiler.py", line 1805, in <listcomp>
    [
  File "C:\Users\Msi\AppData\Local\Programs\Python\Python311\Lib\site-packages\django\db\models\sql\compiler.py", line 1806, in <listcomp>
    self.prepare_value(field, self.pre_save_val(field, obj))
  File "C:\Users\Msi\AppData\Local\Programs\Python\Python311\Lib\site-packages\django\db\models\sql\compiler.py", line 1741, in prepare_value
    return field.get_db_prep_save(value, connection=self.connection)
           ^^^^^^^^^^^^^^^^^^^^^^^^^^^^^^^^^^^^^^^^^^^^^^^^^^^^^^^^^
  File "C:\Users\Msi\AppData\Local\Programs\Python\Python311\Lib\site-packages\django\db\models\fields\json.py", line 118, in get_db_prep_save
    return super().get_db_prep_save(value, connection)
           ^^^^^^^^^^^^^^^^^^^^^^^^^^^^^^^^^^^^^^^^^^^
  File "C:\Users\Msi\AppData\Local\Programs\Python\Python311\Lib\site-packages\django\db\models\fields\__init__.py", line 1012, in get_db_prep_save
    return self.get_db_prep_value(value, connection=connection, prepared=False)
           ^^^^^^^^^^^^^^^^^^^^^^^^^^^^^^^^^^^^^^^^^^^^^^^^^^^^^^^^^^^^^^^^^^^^
  File "C:\Users\Msi\AppData\Local\Programs\Python\Python311\Lib\site-packages\django\db\models\fields\json.py", line 102, in get_db_prep_value
    return connection.ops.adapt_json_value(value, self.encoder)
           ^^^^^^^^^^^^^^^^^^^^^^^^^^^^^^^^^^^^^^^^^^^^^^^^^^^^
  File "C:\Users\Msi\AppData\Local\Programs\Python\Python311\Lib\site-packages\django\db\backends\base\operations.py", line 598, in adapt_json_value
    return json.dumps(value, cls=encoder)
           ^^^^^^^^^^^^^^^^^^^^^^^^^^^^^^
  File "C:\Users\Msi\AppData\Local\Programs\Python\Python311\Lib\json\__init__.py", line 231, in dumps
    return _default_encoder.encode(obj)
           ^^^^^^^^^^^^^^^^^^^^^^^^^^^^
  File "C:\Users\Msi\AppData\Local\Programs\Python\Python311\Lib\json\encoder.py", line 200, in encode
    chunks = self.iterencode(o, _one_shot=True)
             ^^^^^^^^^^^^^^^^^^^^^^^^^^^^^^^^^^
  File "C:\Users\Msi\AppData\Local\Programs\Python\Python311\Lib\json\encoder.py", line 258, in iterencode
    return _iterencode(o, 0)
           ^^^^^^^^^^^^^^^^^
  File "C:\Users\Msi\AppData\Local\Programs\Python\Python311\Lib\json\encoder.py", line 180, in default
    raise TypeError(f'Object of type {o.__class__.__name__} '
TypeError: Object of type datetime is not JSON serializable
2025-12-08 01:53:03,239 - INFO - HTTP Request: POST https://api.cerebras.ai/v1/chat/completions "HTTP/1.1 200 OK"
2025-12-08 01:53:03,242 - ERROR - Failed to ingest article https://www.hespress.com/%d8%a7%d9%84%d8%ad%d9%83%d9%88%d9%85%d8%a9-%d8%a7%d9%84%d9%81%d8%b1%d9%86%d8%b3%d9%8a%d8%a9-%d8%aa%d8%aa%d9%88%d9%82%d8%b9-%d8%a7%d8%b1%d8%aa%d9%81%d8%a7%d8%b9-%d8%a7%d9%84%d9%86%d9%85%d9%88-%d9%85-1667660.html
Traceback (most recent call last):
  File "C:\Users\Msi\AppData\Local\Programs\Python\Python311\Lib\site-packages\django\db\models\query.py", line 948, in get_or_create
    return self.get(**kwargs), False
           ^^^^^^^^^^^^^^^^^^
  File "C:\Users\Msi\AppData\Local\Programs\Python\Python311\Lib\site-packages\django\db\models\query.py", line 635, in get
    raise self.model.DoesNotExist(
monitoring.models.Mention.DoesNotExist: Mention matching query does not exist.

During handling of the above exception, another exception occurred:

Traceback (most recent call last):
  File "C:\Users\Msi\Desktop\Abdou_all_codes\media_monitoring\monitoring\services\ingestion.py", line 171, in ingest_latest_articles
    mention, created = Mention.objects.get_or_create(original_url=url, defaults=defaults)
                       ^^^^^^^^^^^^^^^^^^^^^^^^^^^^^^^^^^^^^^^^^^^^^^^^^^^^^^^^^^^^^^^^^^
  File "C:\Users\Msi\AppData\Local\Programs\Python\Python311\Lib\site-packages\django\db\models\manager.py", line 87, in manager_method
    return getattr(self.get_queryset(), name)(*args, **kwargs)
           ^^^^^^^^^^^^^^^^^^^^^^^^^^^^^^^^^^^^^^^^^^^^^^^^^^^
  File "C:\Users\Msi\AppData\Local\Programs\Python\Python311\Lib\site-packages\django\db\models\query.py", line 955, in get_or_create
    return self.create(**params), True
           ^^^^^^^^^^^^^^^^^^^^^
  File "C:\Users\Msi\AppData\Local\Programs\Python\Python311\Lib\site-packages\django\db\models\query.py", line 665, in create
    obj.save(force_insert=True, using=self.db)
  File "C:\Users\Msi\AppData\Local\Programs\Python\Python311\Lib\site-packages\django\db\models\base.py", line 902, in save
    self.save_base(
  File "C:\Users\Msi\AppData\Local\Programs\Python\Python311\Lib\site-packages\django\db\models\base.py", line 1008, in save_base
    updated = self._save_table(
              ^^^^^^^^^^^^^^^^^
  File "C:\Users\Msi\AppData\Local\Programs\Python\Python311\Lib\site-packages\django\db\models\base.py", line 1169, in _save_table
    results = self._do_insert(
              ^^^^^^^^^^^^^^^^
  File "C:\Users\Msi\AppData\Local\Programs\Python\Python311\Lib\site-packages\django\db\models\base.py", line 1210, in _do_insert
    return manager._insert(
           ^^^^^^^^^^^^^^^^
  File "C:\Users\Msi\AppData\Local\Programs\Python\Python311\Lib\site-packages\django\db\models\manager.py", line 87, in manager_method
    return getattr(self.get_queryset(), name)(*args, **kwargs)
           ^^^^^^^^^^^^^^^^^^^^^^^^^^^^^^^^^^^^^^^^^^^^^^^^^^^
  File "C:\Users\Msi\AppData\Local\Programs\Python\Python311\Lib\site-packages\django\db\models\query.py", line 1873, in _insert
    return query.get_compiler(using=using).execute_sql(returning_fields)
           ^^^^^^^^^^^^^^^^^^^^^^^^^^^^^^^^^^^^^^^^^^^^^^^^^^^^^^^^^^^^^
  File "C:\Users\Msi\AppData\Local\Programs\Python\Python311\Lib\site-packages\django\db\models\sql\compiler.py", line 1881, in execute_sql
    for sql, params in self.as_sql():
                       ^^^^^^^^^^^^^
  File "C:\Users\Msi\AppData\Local\Programs\Python\Python311\Lib\site-packages\django\db\models\sql\compiler.py", line 1804, in as_sql
    value_rows = [
                 ^
  File "C:\Users\Msi\AppData\Local\Programs\Python\Python311\Lib\site-packages\django\db\models\sql\compiler.py", line 1805, in <listcomp>
    [
  File "C:\Users\Msi\AppData\Local\Programs\Python\Python311\Lib\site-packages\django\db\models\sql\compiler.py", line 1806, in <listcomp>
    self.prepare_value(field, self.pre_save_val(field, obj))
  File "C:\Users\Msi\AppData\Local\Programs\Python\Python311\Lib\site-packages\django\db\models\sql\compiler.py", line 1741, in prepare_value
    return field.get_db_prep_save(value, connection=self.connection)
           ^^^^^^^^^^^^^^^^^^^^^^^^^^^^^^^^^^^^^^^^^^^^^^^^^^^^^^^^^
  File "C:\Users\Msi\AppData\Local\Programs\Python\Python311\Lib\site-packages\django\db\models\fields\json.py", line 118, in get_db_prep_save
    return super().get_db_prep_save(value, connection)
           ^^^^^^^^^^^^^^^^^^^^^^^^^^^^^^^^^^^^^^^^^^^
  File "C:\Users\Msi\AppData\Local\Programs\Python\Python311\Lib\site-packages\django\db\models\fields\__init__.py", line 1012, in get_db_prep_save
    return self.get_db_prep_value(value, connection=connection, prepared=False)
           ^^^^^^^^^^^^^^^^^^^^^^^^^^^^^^^^^^^^^^^^^^^^^^^^^^^^^^^^^^^^^^^^^^^^
  File "C:\Users\Msi\AppData\Local\Programs\Python\Python311\Lib\site-packages\django\db\models\fields\json.py", line 102, in get_db_prep_value
    return connection.ops.adapt_json_value(value, self.encoder)
           ^^^^^^^^^^^^^^^^^^^^^^^^^^^^^^^^^^^^^^^^^^^^^^^^^^^^
  File "C:\Users\Msi\AppData\Local\Programs\Python\Python311\Lib\site-packages\django\db\backends\base\operations.py", line 598, in adapt_json_value
    return json.dumps(value, cls=encoder)
           ^^^^^^^^^^^^^^^^^^^^^^^^^^^^^^
  File "C:\Users\Msi\AppData\Local\Programs\Python\Python311\Lib\json\__init__.py", line 231, in dumps
    return _default_encoder.encode(obj)
           ^^^^^^^^^^^^^^^^^^^^^^^^^^^^
  File "C:\Users\Msi\AppData\Local\Programs\Python\Python311\Lib\json\encoder.py", line 200, in encode
    chunks = self.iterencode(o, _one_shot=True)
             ^^^^^^^^^^^^^^^^^^^^^^^^^^^^^^^^^^
  File "C:\Users\Msi\AppData\Local\Programs\Python\Python311\Lib\json\encoder.py", line 258, in iterencode
    return _iterencode(o, 0)
           ^^^^^^^^^^^^^^^^^
  File "C:\Users\Msi\AppData\Local\Programs\Python\Python311\Lib\json\encoder.py", line 180, in default
    raise TypeError(f'Object of type {o.__class__.__name__} '
TypeError: Object of type datetime is not JSON serializable
2025-12-08 01:53:04,035 - INFO - HTTP Request: POST https://api.cerebras.ai/v1/chat/completions "HTTP/1.1 200 OK"
2025-12-08 01:53:04,038 - ERROR - Failed to ingest article https://www.hespress.com/%d8%a7%d9%84%d8%aa%d9%88%d8%aa%d8%b1%d8%a7%d8%aa-%d8%a7%d9%84%d8%b3%d9%8a%d8%a7%d8%b3%d9%8a%d8%a9-%d8%a7%d9%84%d8%af%d8%a7%d8%ae%d9%84%d9%8a%d8%a9-%d9%81%d9%8a-%d8%a5%d8%b3%d8%a8%d8%a7%d9%86%d9%8a-1667668.html
Traceback (most recent call last):
  File "C:\Users\Msi\AppData\Local\Programs\Python\Python311\Lib\site-packages\django\db\models\query.py", line 948, in get_or_create
    return self.get(**kwargs), False
           ^^^^^^^^^^^^^^^^^^
  File "C:\Users\Msi\AppData\Local\Programs\Python\Python311\Lib\site-packages\django\db\models\query.py", line 635, in get
    raise self.model.DoesNotExist(
monitoring.models.Mention.DoesNotExist: Mention matching query does not exist.

During handling of the above exception, another exception occurred:

Traceback (most recent call last):
  File "C:\Users\Msi\Desktop\Abdou_all_codes\media_monitoring\monitoring\services\ingestion.py", line 171, in ingest_latest_articles
    mention, created = Mention.objects.get_or_create(original_url=url, defaults=defaults)
                       ^^^^^^^^^^^^^^^^^^^^^^^^^^^^^^^^^^^^^^^^^^^^^^^^^^^^^^^^^^^^^^^^^^
  File "C:\Users\Msi\AppData\Local\Programs\Python\Python311\Lib\site-packages\django\db\models\manager.py", line 87, in manager_method
    return getattr(self.get_queryset(), name)(*args, **kwargs)
           ^^^^^^^^^^^^^^^^^^^^^^^^^^^^^^^^^^^^^^^^^^^^^^^^^^^
  File "C:\Users\Msi\AppData\Local\Programs\Python\Python311\Lib\site-packages\django\db\models\query.py", line 955, in get_or_create
    return self.create(**params), True
           ^^^^^^^^^^^^^^^^^^^^^
  File "C:\Users\Msi\AppData\Local\Programs\Python\Python311\Lib\site-packages\django\db\models\query.py", line 665, in create
    obj.save(force_insert=True, using=self.db)
  File "C:\Users\Msi\AppData\Local\Programs\Python\Python311\Lib\site-packages\django\db\models\base.py", line 902, in save
    self.save_base(
  File "C:\Users\Msi\AppData\Local\Programs\Python\Python311\Lib\site-packages\django\db\models\base.py", line 1008, in save_base
    updated = self._save_table(
              ^^^^^^^^^^^^^^^^^
  File "C:\Users\Msi\AppData\Local\Programs\Python\Python311\Lib\site-packages\django\db\models\base.py", line 1169, in _save_table
    results = self._do_insert(
              ^^^^^^^^^^^^^^^^
  File "C:\Users\Msi\AppData\Local\Programs\Python\Python311\Lib\site-packages\django\db\models\base.py", line 1210, in _do_insert
    return manager._insert(
           ^^^^^^^^^^^^^^^^
  File "C:\Users\Msi\AppData\Local\Programs\Python\Python311\Lib\site-packages\django\db\models\manager.py", line 87, in manager_method
    return getattr(self.get_queryset(), name)(*args, **kwargs)
           ^^^^^^^^^^^^^^^^^^^^^^^^^^^^^^^^^^^^^^^^^^^^^^^^^^^
  File "C:\Users\Msi\AppData\Local\Programs\Python\Python311\Lib\site-packages\django\db\models\query.py", line 1873, in _insert
    return query.get_compiler(using=using).execute_sql(returning_fields)
           ^^^^^^^^^^^^^^^^^^^^^^^^^^^^^^^^^^^^^^^^^^^^^^^^^^^^^^^^^^^^^
  File "C:\Users\Msi\AppData\Local\Programs\Python\Python311\Lib\site-packages\django\db\models\sql\compiler.py", line 1881, in execute_sql
    for sql, params in self.as_sql():
                       ^^^^^^^^^^^^^
  File "C:\Users\Msi\AppData\Local\Programs\Python\Python311\Lib\site-packages\django\db\models\sql\compiler.py", line 1804, in as_sql
    value_rows = [
                 ^
  File "C:\Users\Msi\AppData\Local\Programs\Python\Python311\Lib\site-packages\django\db\models\sql\compiler.py", line 1805, in <listcomp>
    [
  File "C:\Users\Msi\AppData\Local\Programs\Python\Python311\Lib\site-packages\django\db\models\sql\compiler.py", line 1806, in <listcomp>
    self.prepare_value(field, self.pre_save_val(field, obj))
  File "C:\Users\Msi\AppData\Local\Programs\Python\Python311\Lib\site-packages\django\db\models\sql\compiler.py", line 1741, in prepare_value
    return field.get_db_prep_save(value, connection=self.connection)
           ^^^^^^^^^^^^^^^^^^^^^^^^^^^^^^^^^^^^^^^^^^^^^^^^^^^^^^^^^
  File "C:\Users\Msi\AppData\Local\Programs\Python\Python311\Lib\site-packages\django\db\models\fields\json.py", line 118, in get_db_prep_save
    return super().get_db_prep_save(value, connection)
           ^^^^^^^^^^^^^^^^^^^^^^^^^^^^^^^^^^^^^^^^^^^
  File "C:\Users\Msi\AppData\Local\Programs\Python\Python311\Lib\site-packages\django\db\models\fields\__init__.py", line 1012, in get_db_prep_save
    return self.get_db_prep_value(value, connection=connection, prepared=False)
           ^^^^^^^^^^^^^^^^^^^^^^^^^^^^^^^^^^^^^^^^^^^^^^^^^^^^^^^^^^^^^^^^^^^^
  File "C:\Users\Msi\AppData\Local\Programs\Python\Python311\Lib\site-packages\django\db\models\fields\json.py", line 102, in get_db_prep_value
    return connection.ops.adapt_json_value(value, self.encoder)
           ^^^^^^^^^^^^^^^^^^^^^^^^^^^^^^^^^^^^^^^^^^^^^^^^^^^^
  File "C:\Users\Msi\AppData\Local\Programs\Python\Python311\Lib\site-packages\django\db\backends\base\operations.py", line 598, in adapt_json_value
    return json.dumps(value, cls=encoder)
           ^^^^^^^^^^^^^^^^^^^^^^^^^^^^^^
  File "C:\Users\Msi\AppData\Local\Programs\Python\Python311\Lib\json\__init__.py", line 231, in dumps
    return _default_encoder.encode(obj)
           ^^^^^^^^^^^^^^^^^^^^^^^^^^^^
  File "C:\Users\Msi\AppData\Local\Programs\Python\Python311\Lib\json\encoder.py", line 200, in encode
    chunks = self.iterencode(o, _one_shot=True)
             ^^^^^^^^^^^^^^^^^^^^^^^^^^^^^^^^^^
  File "C:\Users\Msi\AppData\Local\Programs\Python\Python311\Lib\json\encoder.py", line 258, in iterencode
    return _iterencode(o, 0)
           ^^^^^^^^^^^^^^^^^
  File "C:\Users\Msi\AppData\Local\Programs\Python\Python311\Lib\json\encoder.py", line 180, in default
    raise TypeError(f'Object of type {o.__class__.__name__} '
TypeError: Object of type datetime is not JSON serializable
2025-12-08 01:53:04,776 - INFO - HTTP Request: POST https://api.cerebras.ai/v1/chat/completions "HTTP/1.1 200 OK"
2025-12-08 01:53:04,779 - ERROR - Failed to ingest article https://www.hespress.com/%d8%b1%d8%b5%d9%8a%d9%81-%d8%a7%d9%84%d8%b5%d8%ad%d8%a7%d9%81%d8%a9-%d8%aa%d8%b9%d8%b2%d9%8a%d8%b2%d8%a7%d8%aa-%d8%a3%d9%85%d9%86%d9%8a%d8%a9-%d8%aa%d9%88%d8%a7%d8%ac%d9%87-%d8%a7%d9%84%d9%85%d8%ad-1667729.html
Traceback (most recent call last):
  File "C:\Users\Msi\AppData\Local\Programs\Python\Python311\Lib\site-packages\django\db\models\query.py", line 948, in get_or_create
    return self.get(**kwargs), False
           ^^^^^^^^^^^^^^^^^^
  File "C:\Users\Msi\AppData\Local\Programs\Python\Python311\Lib\site-packages\django\db\models\query.py", line 635, in get
    raise self.model.DoesNotExist(
monitoring.models.Mention.DoesNotExist: Mention matching query does not exist.

During handling of the above exception, another exception occurred:

Traceback (most recent call last):
  File "C:\Users\Msi\Desktop\Abdou_all_codes\media_monitoring\monitoring\services\ingestion.py", line 171, in ingest_latest_articles
    mention, created = Mention.objects.get_or_create(original_url=url, defaults=defaults)
                       ^^^^^^^^^^^^^^^^^^^^^^^^^^^^^^^^^^^^^^^^^^^^^^^^^^^^^^^^^^^^^^^^^^
  File "C:\Users\Msi\AppData\Local\Programs\Python\Python311\Lib\site-packages\django\db\models\manager.py", line 87, in manager_method
    return getattr(self.get_queryset(), name)(*args, **kwargs)
           ^^^^^^^^^^^^^^^^^^^^^^^^^^^^^^^^^^^^^^^^^^^^^^^^^^^
  File "C:\Users\Msi\AppData\Local\Programs\Python\Python311\Lib\site-packages\django\db\models\query.py", line 955, in get_or_create
    return self.create(**params), True
           ^^^^^^^^^^^^^^^^^^^^^
  File "C:\Users\Msi\AppData\Local\Programs\Python\Python311\Lib\site-packages\django\db\models\query.py", line 665, in create
    obj.save(force_insert=True, using=self.db)
  File "C:\Users\Msi\AppData\Local\Programs\Python\Python311\Lib\site-packages\django\db\models\base.py", line 902, in save
    self.save_base(
  File "C:\Users\Msi\AppData\Local\Programs\Python\Python311\Lib\site-packages\django\db\models\base.py", line 1008, in save_base
    updated = self._save_table(
              ^^^^^^^^^^^^^^^^^
  File "C:\Users\Msi\AppData\Local\Programs\Python\Python311\Lib\site-packages\django\db\models\base.py", line 1169, in _save_table
    results = self._do_insert(
              ^^^^^^^^^^^^^^^^
  File "C:\Users\Msi\AppData\Local\Programs\Python\Python311\Lib\site-packages\django\db\models\base.py", line 1210, in _do_insert
    return manager._insert(
           ^^^^^^^^^^^^^^^^
  File "C:\Users\Msi\AppData\Local\Programs\Python\Python311\Lib\site-packages\django\db\models\manager.py", line 87, in manager_method
    return getattr(self.get_queryset(), name)(*args, **kwargs)
           ^^^^^^^^^^^^^^^^^^^^^^^^^^^^^^^^^^^^^^^^^^^^^^^^^^^
  File "C:\Users\Msi\AppData\Local\Programs\Python\Python311\Lib\site-packages\django\db\models\query.py", line 1873, in _insert
    return query.get_compiler(using=using).execute_sql(returning_fields)
           ^^^^^^^^^^^^^^^^^^^^^^^^^^^^^^^^^^^^^^^^^^^^^^^^^^^^^^^^^^^^^
  File "C:\Users\Msi\AppData\Local\Programs\Python\Python311\Lib\site-packages\django\db\models\sql\compiler.py", line 1881, in execute_sql
    for sql, params in self.as_sql():
                       ^^^^^^^^^^^^^
  File "C:\Users\Msi\AppData\Local\Programs\Python\Python311\Lib\site-packages\django\db\models\sql\compiler.py", line 1804, in as_sql
    value_rows = [
                 ^
  File "C:\Users\Msi\AppData\Local\Programs\Python\Python311\Lib\site-packages\django\db\models\sql\compiler.py", line 1805, in <listcomp>
    [
  File "C:\Users\Msi\AppData\Local\Programs\Python\Python311\Lib\site-packages\django\db\models\sql\compiler.py", line 1806, in <listcomp>
    self.prepare_value(field, self.pre_save_val(field, obj))
  File "C:\Users\Msi\AppData\Local\Programs\Python\Python311\Lib\site-packages\django\db\models\sql\compiler.py", line 1741, in prepare_value
    return field.get_db_prep_save(value, connection=self.connection)
           ^^^^^^^^^^^^^^^^^^^^^^^^^^^^^^^^^^^^^^^^^^^^^^^^^^^^^^^^^
  File "C:\Users\Msi\AppData\Local\Programs\Python\Python311\Lib\site-packages\django\db\models\fields\json.py", line 118, in get_db_prep_save
    return super().get_db_prep_save(value, connection)
           ^^^^^^^^^^^^^^^^^^^^^^^^^^^^^^^^^^^^^^^^^^^
  File "C:\Users\Msi\AppData\Local\Programs\Python\Python311\Lib\site-packages\django\db\models\fields\__init__.py", line 1012, in get_db_prep_save
    return self.get_db_prep_value(value, connection=connection, prepared=False)
           ^^^^^^^^^^^^^^^^^^^^^^^^^^^^^^^^^^^^^^^^^^^^^^^^^^^^^^^^^^^^^^^^^^^^
  File "C:\Users\Msi\AppData\Local\Programs\Python\Python311\Lib\site-packages\django\db\models\fields\json.py", line 102, in get_db_prep_value
    return connection.ops.adapt_json_value(value, self.encoder)
           ^^^^^^^^^^^^^^^^^^^^^^^^^^^^^^^^^^^^^^^^^^^^^^^^^^^^
  File "C:\Users\Msi\AppData\Local\Programs\Python\Python311\Lib\site-packages\django\db\backends\base\operations.py", line 598, in adapt_json_value
    return json.dumps(value, cls=encoder)
           ^^^^^^^^^^^^^^^^^^^^^^^^^^^^^^
  File "C:\Users\Msi\AppData\Local\Programs\Python\Python311\Lib\json\__init__.py", line 231, in dumps
    return _default_encoder.encode(obj)
           ^^^^^^^^^^^^^^^^^^^^^^^^^^^^
  File "C:\Users\Msi\AppData\Local\Programs\Python\Python311\Lib\json\encoder.py", line 200, in encode
    chunks = self.iterencode(o, _one_shot=True)
             ^^^^^^^^^^^^^^^^^^^^^^^^^^^^^^^^^^
  File "C:\Users\Msi\AppData\Local\Programs\Python\Python311\Lib\json\encoder.py", line 258, in iterencode
    return _iterencode(o, 0)
           ^^^^^^^^^^^^^^^^^
  File "C:\Users\Msi\AppData\Local\Programs\Python\Python311\Lib\json\encoder.py", line 180, in default
    raise TypeError(f'Object of type {o.__class__.__name__} '
TypeError: Object of type datetime is not JSON serializable
2025-12-08 01:53:05,371 - INFO - HTTP Request: POST https://api.cerebras.ai/v1/chat/completions "HTTP/1.1 200 OK"
2025-12-08 01:53:05,374 - ERROR - Failed to ingest article https://www.hespress.com/%d8%a8%d8%aa%d8%ac%d9%85%d9%8a%d8%af-%d8%a3%d9%88-%d8%aa%d8%ae%d8%b2%d9%8a%d9%86-%d8%a3%d8%b3%d9%84%d8%ad%d8%a9-%d8%a7%d9%84%d9%85%d9%82%d8%a7%d9%88%d9%85%d8%a9-%d8%ad%d9%85%d8%a7%d8%b3-%d8%aa-1667679.html
Traceback (most recent call last):
  File "C:\Users\Msi\AppData\Local\Programs\Python\Python311\Lib\site-packages\django\db\models\query.py", line 948, in get_or_create
    return self.get(**kwargs), False
           ^^^^^^^^^^^^^^^^^^
  File "C:\Users\Msi\AppData\Local\Programs\Python\Python311\Lib\site-packages\django\db\models\query.py", line 635, in get
    raise self.model.DoesNotExist(
monitoring.models.Mention.DoesNotExist: Mention matching query does not exist.

During handling of the above exception, another exception occurred:

Traceback (most recent call last):
  File "C:\Users\Msi\Desktop\Abdou_all_codes\media_monitoring\monitoring\services\ingestion.py", line 171, in ingest_latest_articles
    mention, created = Mention.objects.get_or_create(original_url=url, defaults=defaults)
                       ^^^^^^^^^^^^^^^^^^^^^^^^^^^^^^^^^^^^^^^^^^^^^^^^^^^^^^^^^^^^^^^^^^
  File "C:\Users\Msi\AppData\Local\Programs\Python\Python311\Lib\site-packages\django\db\models\manager.py", line 87, in manager_method
    return getattr(self.get_queryset(), name)(*args, **kwargs)
           ^^^^^^^^^^^^^^^^^^^^^^^^^^^^^^^^^^^^^^^^^^^^^^^^^^^
  File "C:\Users\Msi\AppData\Local\Programs\Python\Python311\Lib\site-packages\django\db\models\query.py", line 955, in get_or_create
    return self.create(**params), True
           ^^^^^^^^^^^^^^^^^^^^^
  File "C:\Users\Msi\AppData\Local\Programs\Python\Python311\Lib\site-packages\django\db\models\query.py", line 665, in create
    obj.save(force_insert=True, using=self.db)
  File "C:\Users\Msi\AppData\Local\Programs\Python\Python311\Lib\site-packages\django\db\models\base.py", line 902, in save
    self.save_base(
  File "C:\Users\Msi\AppData\Local\Programs\Python\Python311\Lib\site-packages\django\db\models\base.py", line 1008, in save_base
    updated = self._save_table(
              ^^^^^^^^^^^^^^^^^
  File "C:\Users\Msi\AppData\Local\Programs\Python\Python311\Lib\site-packages\django\db\models\base.py", line 1169, in _save_table
    results = self._do_insert(
              ^^^^^^^^^^^^^^^^
  File "C:\Users\Msi\AppData\Local\Programs\Python\Python311\Lib\site-packages\django\db\models\base.py", line 1210, in _do_insert
    return manager._insert(
           ^^^^^^^^^^^^^^^^
  File "C:\Users\Msi\AppData\Local\Programs\Python\Python311\Lib\site-packages\django\db\models\manager.py", line 87, in manager_method
    return getattr(self.get_queryset(), name)(*args, **kwargs)
           ^^^^^^^^^^^^^^^^^^^^^^^^^^^^^^^^^^^^^^^^^^^^^^^^^^^
  File "C:\Users\Msi\AppData\Local\Programs\Python\Python311\Lib\site-packages\django\db\models\query.py", line 1873, in _insert
    return query.get_compiler(using=using).execute_sql(returning_fields)
           ^^^^^^^^^^^^^^^^^^^^^^^^^^^^^^^^^^^^^^^^^^^^^^^^^^^^^^^^^^^^^
  File "C:\Users\Msi\AppData\Local\Programs\Python\Python311\Lib\site-packages\django\db\models\sql\compiler.py", line 1881, in execute_sql
    for sql, params in self.as_sql():
                       ^^^^^^^^^^^^^
  File "C:\Users\Msi\AppData\Local\Programs\Python\Python311\Lib\site-packages\django\db\models\sql\compiler.py", line 1804, in as_sql
    value_rows = [
                 ^
  File "C:\Users\Msi\AppData\Local\Programs\Python\Python311\Lib\site-packages\django\db\models\sql\compiler.py", line 1805, in <listcomp>
    [
  File "C:\Users\Msi\AppData\Local\Programs\Python\Python311\Lib\site-packages\django\db\models\sql\compiler.py", line 1806, in <listcomp>
    self.prepare_value(field, self.pre_save_val(field, obj))
  File "C:\Users\Msi\AppData\Local\Programs\Python\Python311\Lib\site-packages\django\db\models\sql\compiler.py", line 1741, in prepare_value
    return field.get_db_prep_save(value, connection=self.connection)
           ^^^^^^^^^^^^^^^^^^^^^^^^^^^^^^^^^^^^^^^^^^^^^^^^^^^^^^^^^
  File "C:\Users\Msi\AppData\Local\Programs\Python\Python311\Lib\site-packages\django\db\models\fields\json.py", line 118, in get_db_prep_save
    return super().get_db_prep_save(value, connection)
           ^^^^^^^^^^^^^^^^^^^^^^^^^^^^^^^^^^^^^^^^^^^
  File "C:\Users\Msi\AppData\Local\Programs\Python\Python311\Lib\site-packages\django\db\models\fields\__init__.py", line 1012, in get_db_prep_save
    return self.get_db_prep_value(value, connection=connection, prepared=False)
           ^^^^^^^^^^^^^^^^^^^^^^^^^^^^^^^^^^^^^^^^^^^^^^^^^^^^^^^^^^^^^^^^^^^^
  File "C:\Users\Msi\AppData\Local\Programs\Python\Python311\Lib\site-packages\django\db\models\fields\json.py", line 102, in get_db_prep_value
    return connection.ops.adapt_json_value(value, self.encoder)
           ^^^^^^^^^^^^^^^^^^^^^^^^^^^^^^^^^^^^^^^^^^^^^^^^^^^^
  File "C:\Users\Msi\AppData\Local\Programs\Python\Python311\Lib\site-packages\django\db\backends\base\operations.py", line 598, in adapt_json_value
    return json.dumps(value, cls=encoder)
           ^^^^^^^^^^^^^^^^^^^^^^^^^^^^^^
  File "C:\Users\Msi\AppData\Local\Programs\Python\Python311\Lib\json\__init__.py", line 231, in dumps
    return _default_encoder.encode(obj)
           ^^^^^^^^^^^^^^^^^^^^^^^^^^^^
  File "C:\Users\Msi\AppData\Local\Programs\Python\Python311\Lib\json\encoder.py", line 200, in encode
    chunks = self.iterencode(o, _one_shot=True)
             ^^^^^^^^^^^^^^^^^^^^^^^^^^^^^^^^^^
  File "C:\Users\Msi\AppData\Local\Programs\Python\Python311\Lib\json\encoder.py", line 258, in iterencode
    return _iterencode(o, 0)
           ^^^^^^^^^^^^^^^^^
  File "C:\Users\Msi\AppData\Local\Programs\Python\Python311\Lib\json\encoder.py", line 180, in default
    raise TypeError(f'Object of type {o.__class__.__name__} '
TypeError: Object of type datetime is not JSON serializable
2025-12-08 01:53:06,010 - INFO - HTTP Request: POST https://api.cerebras.ai/v1/chat/completions "HTTP/1.1 200 OK"
2025-12-08 01:53:06,013 - ERROR - Failed to ingest article https://www.hespress.com/%d8%a8%d8%a7%d8%b1%d9%8a%d8%b3-%d8%aa%d8%a4%d9%83%d8%af-%d8%a3%d9%87%d9%85%d9%8a%d8%a9-%d8%a7%d9%84%d8%b7%d9%85%d8%a7%d8%b7%d9%85-%d8%a7%d9%84%d9%85%d8%ba%d8%b1%d8%a8%d9%8a%d8%a9-%d9%81%d9%8a-%d8%b3-1667538.html
Traceback (most recent call last):
  File "C:\Users\Msi\AppData\Local\Programs\Python\Python311\Lib\site-packages\django\db\models\query.py", line 948, in get_or_create
    return self.get(**kwargs), False
           ^^^^^^^^^^^^^^^^^^
  File "C:\Users\Msi\AppData\Local\Programs\Python\Python311\Lib\site-packages\django\db\models\query.py", line 635, in get
    raise self.model.DoesNotExist(
monitoring.models.Mention.DoesNotExist: Mention matching query does not exist.

During handling of the above exception, another exception occurred:

Traceback (most recent call last):
  File "C:\Users\Msi\Desktop\Abdou_all_codes\media_monitoring\monitoring\services\ingestion.py", line 171, in ingest_latest_articles
    mention, created = Mention.objects.get_or_create(original_url=url, defaults=defaults)
                       ^^^^^^^^^^^^^^^^^^^^^^^^^^^^^^^^^^^^^^^^^^^^^^^^^^^^^^^^^^^^^^^^^^
  File "C:\Users\Msi\AppData\Local\Programs\Python\Python311\Lib\site-packages\django\db\models\manager.py", line 87, in manager_method
    return getattr(self.get_queryset(), name)(*args, **kwargs)
           ^^^^^^^^^^^^^^^^^^^^^^^^^^^^^^^^^^^^^^^^^^^^^^^^^^^
  File "C:\Users\Msi\AppData\Local\Programs\Python\Python311\Lib\site-packages\django\db\models\query.py", line 955, in get_or_create
    return self.create(**params), True
           ^^^^^^^^^^^^^^^^^^^^^
  File "C:\Users\Msi\AppData\Local\Programs\Python\Python311\Lib\site-packages\django\db\models\query.py", line 665, in create
    obj.save(force_insert=True, using=self.db)
  File "C:\Users\Msi\AppData\Local\Programs\Python\Python311\Lib\site-packages\django\db\models\base.py", line 902, in save
    self.save_base(
  File "C:\Users\Msi\AppData\Local\Programs\Python\Python311\Lib\site-packages\django\db\models\base.py", line 1008, in save_base
    updated = self._save_table(
              ^^^^^^^^^^^^^^^^^
  File "C:\Users\Msi\AppData\Local\Programs\Python\Python311\Lib\site-packages\django\db\models\base.py", line 1169, in _save_table
    results = self._do_insert(
              ^^^^^^^^^^^^^^^^
  File "C:\Users\Msi\AppData\Local\Programs\Python\Python311\Lib\site-packages\django\db\models\base.py", line 1210, in _do_insert
    return manager._insert(
           ^^^^^^^^^^^^^^^^
  File "C:\Users\Msi\AppData\Local\Programs\Python\Python311\Lib\site-packages\django\db\models\manager.py", line 87, in manager_method
    return getattr(self.get_queryset(), name)(*args, **kwargs)
           ^^^^^^^^^^^^^^^^^^^^^^^^^^^^^^^^^^^^^^^^^^^^^^^^^^^
  File "C:\Users\Msi\AppData\Local\Programs\Python\Python311\Lib\site-packages\django\db\models\query.py", line 1873, in _insert
    return query.get_compiler(using=using).execute_sql(returning_fields)
           ^^^^^^^^^^^^^^^^^^^^^^^^^^^^^^^^^^^^^^^^^^^^^^^^^^^^^^^^^^^^^
  File "C:\Users\Msi\AppData\Local\Programs\Python\Python311\Lib\site-packages\django\db\models\sql\compiler.py", line 1881, in execute_sql
    for sql, params in self.as_sql():
                       ^^^^^^^^^^^^^
  File "C:\Users\Msi\AppData\Local\Programs\Python\Python311\Lib\site-packages\django\db\models\sql\compiler.py", line 1804, in as_sql
    value_rows = [
                 ^
  File "C:\Users\Msi\AppData\Local\Programs\Python\Python311\Lib\site-packages\django\db\models\sql\compiler.py", line 1805, in <listcomp>
    [
  File "C:\Users\Msi\AppData\Local\Programs\Python\Python311\Lib\site-packages\django\db\models\sql\compiler.py", line 1806, in <listcomp>
    self.prepare_value(field, self.pre_save_val(field, obj))
  File "C:\Users\Msi\AppData\Local\Programs\Python\Python311\Lib\site-packages\django\db\models\sql\compiler.py", line 1741, in prepare_value
    return field.get_db_prep_save(value, connection=self.connection)
           ^^^^^^^^^^^^^^^^^^^^^^^^^^^^^^^^^^^^^^^^^^^^^^^^^^^^^^^^^
  File "C:\Users\Msi\AppData\Local\Programs\Python\Python311\Lib\site-packages\django\db\models\fields\json.py", line 118, in get_db_prep_save
    return super().get_db_prep_save(value, connection)
           ^^^^^^^^^^^^^^^^^^^^^^^^^^^^^^^^^^^^^^^^^^^
  File "C:\Users\Msi\AppData\Local\Programs\Python\Python311\Lib\site-packages\django\db\models\fields\__init__.py", line 1012, in get_db_prep_save
    return self.get_db_prep_value(value, connection=connection, prepared=False)
           ^^^^^^^^^^^^^^^^^^^^^^^^^^^^^^^^^^^^^^^^^^^^^^^^^^^^^^^^^^^^^^^^^^^^
  File "C:\Users\Msi\AppData\Local\Programs\Python\Python311\Lib\site-packages\django\db\models\fields\json.py", line 102, in get_db_prep_value
    return connection.ops.adapt_json_value(value, self.encoder)
           ^^^^^^^^^^^^^^^^^^^^^^^^^^^^^^^^^^^^^^^^^^^^^^^^^^^^
  File "C:\Users\Msi\AppData\Local\Programs\Python\Python311\Lib\site-packages\django\db\backends\base\operations.py", line 598, in adapt_json_value
    return json.dumps(value, cls=encoder)
           ^^^^^^^^^^^^^^^^^^^^^^^^^^^^^^
  File "C:\Users\Msi\AppData\Local\Programs\Python\Python311\Lib\json\__init__.py", line 231, in dumps
    return _default_encoder.encode(obj)
           ^^^^^^^^^^^^^^^^^^^^^^^^^^^^
  File "C:\Users\Msi\AppData\Local\Programs\Python\Python311\Lib\json\encoder.py", line 200, in encode
    chunks = self.iterencode(o, _one_shot=True)
             ^^^^^^^^^^^^^^^^^^^^^^^^^^^^^^^^^^
  File "C:\Users\Msi\AppData\Local\Programs\Python\Python311\Lib\json\encoder.py", line 258, in iterencode
    return _iterencode(o, 0)
           ^^^^^^^^^^^^^^^^^
  File "C:\Users\Msi\AppData\Local\Programs\Python\Python311\Lib\json\encoder.py", line 180, in default
    raise TypeError(f'Object of type {o.__class__.__name__} '
TypeError: Object of type datetime is not JSON serializable
2025-12-08 01:53:07,079 - INFO - HTTP Request: POST https://api.cerebras.ai/v1/chat/completions "HTTP/1.1 200 OK"
2025-12-08 01:53:07,082 - ERROR - Failed to ingest article https://www.hespress.com/%d9%82%d8%b6%d8%a7%d8%a9-%d8%a7%d9%84%d8%ad%d8%b3%d8%a7%d8%a8%d8%a7%d8%aa-%d9%8a%d9%81%d8%ad%d8%b5%d9%88%d9%86-%d8%aa%d9%81%d9%88%d9%8a%d8%aa%d8%a7%d8%aa-%d8%b9%d9%82%d8%a7%d8%b1%d9%8a%d8%a9-%d9%85-1667526.html
Traceback (most recent call last):
  File "C:\Users\Msi\AppData\Local\Programs\Python\Python311\Lib\site-packages\django\db\models\query.py", line 948, in get_or_create
    return self.get(**kwargs), False
           ^^^^^^^^^^^^^^^^^^
  File "C:\Users\Msi\AppData\Local\Programs\Python\Python311\Lib\site-packages\django\db\models\query.py", line 635, in get
    raise self.model.DoesNotExist(
monitoring.models.Mention.DoesNotExist: Mention matching query does not exist.

During handling of the above exception, another exception occurred:

Traceback (most recent call last):
  File "C:\Users\Msi\Desktop\Abdou_all_codes\media_monitoring\monitoring\services\ingestion.py", line 171, in ingest_latest_articles
    mention, created = Mention.objects.get_or_create(original_url=url, defaults=defaults)
                       ^^^^^^^^^^^^^^^^^^^^^^^^^^^^^^^^^^^^^^^^^^^^^^^^^^^^^^^^^^^^^^^^^^
  File "C:\Users\Msi\AppData\Local\Programs\Python\Python311\Lib\site-packages\django\db\models\manager.py", line 87, in manager_method
    return getattr(self.get_queryset(), name)(*args, **kwargs)
           ^^^^^^^^^^^^^^^^^^^^^^^^^^^^^^^^^^^^^^^^^^^^^^^^^^^
  File "C:\Users\Msi\AppData\Local\Programs\Python\Python311\Lib\site-packages\django\db\models\query.py", line 955, in get_or_create
    return self.create(**params), True
           ^^^^^^^^^^^^^^^^^^^^^
  File "C:\Users\Msi\AppData\Local\Programs\Python\Python311\Lib\site-packages\django\db\models\query.py", line 665, in create
    obj.save(force_insert=True, using=self.db)
  File "C:\Users\Msi\AppData\Local\Programs\Python\Python311\Lib\site-packages\django\db\models\base.py", line 902, in save
    self.save_base(
  File "C:\Users\Msi\AppData\Local\Programs\Python\Python311\Lib\site-packages\django\db\models\base.py", line 1008, in save_base
    updated = self._save_table(
              ^^^^^^^^^^^^^^^^^
  File "C:\Users\Msi\AppData\Local\Programs\Python\Python311\Lib\site-packages\django\db\models\base.py", line 1169, in _save_table
    results = self._do_insert(
              ^^^^^^^^^^^^^^^^
  File "C:\Users\Msi\AppData\Local\Programs\Python\Python311\Lib\site-packages\django\db\models\base.py", line 1210, in _do_insert
    return manager._insert(
           ^^^^^^^^^^^^^^^^
  File "C:\Users\Msi\AppData\Local\Programs\Python\Python311\Lib\site-packages\django\db\models\manager.py", line 87, in manager_method
    return getattr(self.get_queryset(), name)(*args, **kwargs)
           ^^^^^^^^^^^^^^^^^^^^^^^^^^^^^^^^^^^^^^^^^^^^^^^^^^^
  File "C:\Users\Msi\AppData\Local\Programs\Python\Python311\Lib\site-packages\django\db\models\query.py", line 1873, in _insert
    return query.get_compiler(using=using).execute_sql(returning_fields)
           ^^^^^^^^^^^^^^^^^^^^^^^^^^^^^^^^^^^^^^^^^^^^^^^^^^^^^^^^^^^^^
  File "C:\Users\Msi\AppData\Local\Programs\Python\Python311\Lib\site-packages\django\db\models\sql\compiler.py", line 1881, in execute_sql
    for sql, params in self.as_sql():
                       ^^^^^^^^^^^^^
  File "C:\Users\Msi\AppData\Local\Programs\Python\Python311\Lib\site-packages\django\db\models\sql\compiler.py", line 1804, in as_sql
    value_rows = [
                 ^
  File "C:\Users\Msi\AppData\Local\Programs\Python\Python311\Lib\site-packages\django\db\models\sql\compiler.py", line 1805, in <listcomp>
    [
  File "C:\Users\Msi\AppData\Local\Programs\Python\Python311\Lib\site-packages\django\db\models\sql\compiler.py", line 1806, in <listcomp>
    self.prepare_value(field, self.pre_save_val(field, obj))
  File "C:\Users\Msi\AppData\Local\Programs\Python\Python311\Lib\site-packages\django\db\models\sql\compiler.py", line 1741, in prepare_value
    return field.get_db_prep_save(value, connection=self.connection)
           ^^^^^^^^^^^^^^^^^^^^^^^^^^^^^^^^^^^^^^^^^^^^^^^^^^^^^^^^^
  File "C:\Users\Msi\AppData\Local\Programs\Python\Python311\Lib\site-packages\django\db\models\fields\json.py", line 118, in get_db_prep_save
    return super().get_db_prep_save(value, connection)
           ^^^^^^^^^^^^^^^^^^^^^^^^^^^^^^^^^^^^^^^^^^^
  File "C:\Users\Msi\AppData\Local\Programs\Python\Python311\Lib\site-packages\django\db\models\fields\__init__.py", line 1012, in get_db_prep_save
    return self.get_db_prep_value(value, connection=connection, prepared=False)
           ^^^^^^^^^^^^^^^^^^^^^^^^^^^^^^^^^^^^^^^^^^^^^^^^^^^^^^^^^^^^^^^^^^^^
  File "C:\Users\Msi\AppData\Local\Programs\Python\Python311\Lib\site-packages\django\db\models\fields\json.py", line 102, in get_db_prep_value
    return connection.ops.adapt_json_value(value, self.encoder)
           ^^^^^^^^^^^^^^^^^^^^^^^^^^^^^^^^^^^^^^^^^^^^^^^^^^^^
  File "C:\Users\Msi\AppData\Local\Programs\Python\Python311\Lib\site-packages\django\db\backends\base\operations.py", line 598, in adapt_json_value
    return json.dumps(value, cls=encoder)
           ^^^^^^^^^^^^^^^^^^^^^^^^^^^^^^
  File "C:\Users\Msi\AppData\Local\Programs\Python\Python311\Lib\json\__init__.py", line 231, in dumps
    return _default_encoder.encode(obj)
           ^^^^^^^^^^^^^^^^^^^^^^^^^^^^
  File "C:\Users\Msi\AppData\Local\Programs\Python\Python311\Lib\json\encoder.py", line 200, in encode
    chunks = self.iterencode(o, _one_shot=True)
             ^^^^^^^^^^^^^^^^^^^^^^^^^^^^^^^^^^
  File "C:\Users\Msi\AppData\Local\Programs\Python\Python311\Lib\json\encoder.py", line 258, in iterencode
    return _iterencode(o, 0)
           ^^^^^^^^^^^^^^^^^
  File "C:\Users\Msi\AppData\Local\Programs\Python\Python311\Lib\json\encoder.py", line 180, in default
    raise TypeError(f'Object of type {o.__class__.__name__} '
TypeError: Object of type datetime is not JSON serializable
2025-12-08 01:53:08,152 - INFO - HTTP Request: POST https://api.cerebras.ai/v1/chat/completions "HTTP/1.1 200 OK"
2025-12-08 01:53:08,154 - ERROR - Failed to ingest article https://www.hespress.com/%d8%a7%d9%84%d9%85%d8%ba%d8%b1%d8%a8-%d9%88%d8%ad%d9%81%d8%b8-%d8%a7%d9%84%d8%b3%d9%84%d8%a7%d9%85-%d9%81%d9%8a-%d8%ba%d8%b2%d8%a9-%d9%82%d8%b1%d8%a7%d8%b1-%d8%b3%d9%8a%d8%a7%d8%af%d9%8a-%d9%85-1667548.html
Traceback (most recent call last):
  File "C:\Users\Msi\AppData\Local\Programs\Python\Python311\Lib\site-packages\django\db\models\query.py", line 948, in get_or_create
    return self.get(**kwargs), False
           ^^^^^^^^^^^^^^^^^^
  File "C:\Users\Msi\AppData\Local\Programs\Python\Python311\Lib\site-packages\django\db\models\query.py", line 635, in get
    raise self.model.DoesNotExist(
monitoring.models.Mention.DoesNotExist: Mention matching query does not exist.

During handling of the above exception, another exception occurred:

Traceback (most recent call last):
  File "C:\Users\Msi\Desktop\Abdou_all_codes\media_monitoring\monitoring\services\ingestion.py", line 171, in ingest_latest_articles
    mention, created = Mention.objects.get_or_create(original_url=url, defaults=defaults)
                       ^^^^^^^^^^^^^^^^^^^^^^^^^^^^^^^^^^^^^^^^^^^^^^^^^^^^^^^^^^^^^^^^^^
  File "C:\Users\Msi\AppData\Local\Programs\Python\Python311\Lib\site-packages\django\db\models\manager.py", line 87, in manager_method
    return getattr(self.get_queryset(), name)(*args, **kwargs)
           ^^^^^^^^^^^^^^^^^^^^^^^^^^^^^^^^^^^^^^^^^^^^^^^^^^^
  File "C:\Users\Msi\AppData\Local\Programs\Python\Python311\Lib\site-packages\django\db\models\query.py", line 955, in get_or_create
    return self.create(**params), True
           ^^^^^^^^^^^^^^^^^^^^^
  File "C:\Users\Msi\AppData\Local\Programs\Python\Python311\Lib\site-packages\django\db\models\query.py", line 665, in create
    obj.save(force_insert=True, using=self.db)
  File "C:\Users\Msi\AppData\Local\Programs\Python\Python311\Lib\site-packages\django\db\models\base.py", line 902, in save
    self.save_base(
  File "C:\Users\Msi\AppData\Local\Programs\Python\Python311\Lib\site-packages\django\db\models\base.py", line 1008, in save_base
    updated = self._save_table(
              ^^^^^^^^^^^^^^^^^
  File "C:\Users\Msi\AppData\Local\Programs\Python\Python311\Lib\site-packages\django\db\models\base.py", line 1169, in _save_table
    results = self._do_insert(
              ^^^^^^^^^^^^^^^^
  File "C:\Users\Msi\AppData\Local\Programs\Python\Python311\Lib\site-packages\django\db\models\base.py", line 1210, in _do_insert
    return manager._insert(
           ^^^^^^^^^^^^^^^^
  File "C:\Users\Msi\AppData\Local\Programs\Python\Python311\Lib\site-packages\django\db\models\manager.py", line 87, in manager_method
    return getattr(self.get_queryset(), name)(*args, **kwargs)
           ^^^^^^^^^^^^^^^^^^^^^^^^^^^^^^^^^^^^^^^^^^^^^^^^^^^
  File "C:\Users\Msi\AppData\Local\Programs\Python\Python311\Lib\site-packages\django\db\models\query.py", line 1873, in _insert
    return query.get_compiler(using=using).execute_sql(returning_fields)
           ^^^^^^^^^^^^^^^^^^^^^^^^^^^^^^^^^^^^^^^^^^^^^^^^^^^^^^^^^^^^^
  File "C:\Users\Msi\AppData\Local\Programs\Python\Python311\Lib\site-packages\django\db\models\sql\compiler.py", line 1881, in execute_sql
    for sql, params in self.as_sql():
                       ^^^^^^^^^^^^^
  File "C:\Users\Msi\AppData\Local\Programs\Python\Python311\Lib\site-packages\django\db\models\sql\compiler.py", line 1804, in as_sql
    value_rows = [
                 ^
  File "C:\Users\Msi\AppData\Local\Programs\Python\Python311\Lib\site-packages\django\db\models\sql\compiler.py", line 1805, in <listcomp>
    [
  File "C:\Users\Msi\AppData\Local\Programs\Python\Python311\Lib\site-packages\django\db\models\sql\compiler.py", line 1806, in <listcomp>
    self.prepare_value(field, self.pre_save_val(field, obj))
  File "C:\Users\Msi\AppData\Local\Programs\Python\Python311\Lib\site-packages\django\db\models\sql\compiler.py", line 1741, in prepare_value
    return field.get_db_prep_save(value, connection=self.connection)
           ^^^^^^^^^^^^^^^^^^^^^^^^^^^^^^^^^^^^^^^^^^^^^^^^^^^^^^^^^
  File "C:\Users\Msi\AppData\Local\Programs\Python\Python311\Lib\site-packages\django\db\models\fields\json.py", line 118, in get_db_prep_save
    return super().get_db_prep_save(value, connection)
           ^^^^^^^^^^^^^^^^^^^^^^^^^^^^^^^^^^^^^^^^^^^
  File "C:\Users\Msi\AppData\Local\Programs\Python\Python311\Lib\site-packages\django\db\models\fields\__init__.py", line 1012, in get_db_prep_save
    return self.get_db_prep_value(value, connection=connection, prepared=False)
           ^^^^^^^^^^^^^^^^^^^^^^^^^^^^^^^^^^^^^^^^^^^^^^^^^^^^^^^^^^^^^^^^^^^^
  File "C:\Users\Msi\AppData\Local\Programs\Python\Python311\Lib\site-packages\django\db\models\fields\json.py", line 102, in get_db_prep_value
    return connection.ops.adapt_json_value(value, self.encoder)
           ^^^^^^^^^^^^^^^^^^^^^^^^^^^^^^^^^^^^^^^^^^^^^^^^^^^^
  File "C:\Users\Msi\AppData\Local\Programs\Python\Python311\Lib\site-packages\django\db\backends\base\operations.py", line 598, in adapt_json_value
    return json.dumps(value, cls=encoder)
           ^^^^^^^^^^^^^^^^^^^^^^^^^^^^^^
  File "C:\Users\Msi\AppData\Local\Programs\Python\Python311\Lib\json\__init__.py", line 231, in dumps
    return _default_encoder.encode(obj)
           ^^^^^^^^^^^^^^^^^^^^^^^^^^^^
  File "C:\Users\Msi\AppData\Local\Programs\Python\Python311\Lib\json\encoder.py", line 200, in encode
    chunks = self.iterencode(o, _one_shot=True)
             ^^^^^^^^^^^^^^^^^^^^^^^^^^^^^^^^^^
  File "C:\Users\Msi\AppData\Local\Programs\Python\Python311\Lib\json\encoder.py", line 258, in iterencode
    return _iterencode(o, 0)
           ^^^^^^^^^^^^^^^^^
  File "C:\Users\Msi\AppData\Local\Programs\Python\Python311\Lib\json\encoder.py", line 180, in default
    raise TypeError(f'Object of type {o.__class__.__name__} '
TypeError: Object of type datetime is not JSON serializable
2025-12-08 01:53:08,871 - INFO - HTTP Request: POST https://api.cerebras.ai/v1/chat/completions "HTTP/1.1 200 OK"
2025-12-08 01:53:08,874 - ERROR - Failed to ingest article https://www.hespress.com/%d8%b5%d8%af%d9%8a%d9%82%d9%8a-%d9%8a%d9%83%d8%b4%d9%81-%d8%ab%d9%82%d8%a9-%d8%a3%d8%b3%d8%a7%d8%aa%d8%b0%d8%a9-%d8%ac%d8%a7%d9%85%d8%b9%d9%8a%d9%8a%d9%86-%d9%81%d9%8a-%d8%a7%d9%84%d8%a3%d8%ad%d8%b1-1667540.html
Traceback (most recent call last):
  File "C:\Users\Msi\AppData\Local\Programs\Python\Python311\Lib\site-packages\django\db\models\query.py", line 948, in get_or_create
    return self.get(**kwargs), False
           ^^^^^^^^^^^^^^^^^^
  File "C:\Users\Msi\AppData\Local\Programs\Python\Python311\Lib\site-packages\django\db\models\query.py", line 635, in get
    raise self.model.DoesNotExist(
monitoring.models.Mention.DoesNotExist: Mention matching query does not exist.

During handling of the above exception, another exception occurred:

Traceback (most recent call last):
  File "C:\Users\Msi\Desktop\Abdou_all_codes\media_monitoring\monitoring\services\ingestion.py", line 171, in ingest_latest_articles
    mention, created = Mention.objects.get_or_create(original_url=url, defaults=defaults)
                       ^^^^^^^^^^^^^^^^^^^^^^^^^^^^^^^^^^^^^^^^^^^^^^^^^^^^^^^^^^^^^^^^^^
  File "C:\Users\Msi\AppData\Local\Programs\Python\Python311\Lib\site-packages\django\db\models\manager.py", line 87, in manager_method
    return getattr(self.get_queryset(), name)(*args, **kwargs)
           ^^^^^^^^^^^^^^^^^^^^^^^^^^^^^^^^^^^^^^^^^^^^^^^^^^^
  File "C:\Users\Msi\AppData\Local\Programs\Python\Python311\Lib\site-packages\django\db\models\query.py", line 955, in get_or_create
    return self.create(**params), True
           ^^^^^^^^^^^^^^^^^^^^^
  File "C:\Users\Msi\AppData\Local\Programs\Python\Python311\Lib\site-packages\django\db\models\query.py", line 665, in create
    obj.save(force_insert=True, using=self.db)
  File "C:\Users\Msi\AppData\Local\Programs\Python\Python311\Lib\site-packages\django\db\models\base.py", line 902, in save
    self.save_base(
  File "C:\Users\Msi\AppData\Local\Programs\Python\Python311\Lib\site-packages\django\db\models\base.py", line 1008, in save_base
    updated = self._save_table(
              ^^^^^^^^^^^^^^^^^
  File "C:\Users\Msi\AppData\Local\Programs\Python\Python311\Lib\site-packages\django\db\models\base.py", line 1169, in _save_table
    results = self._do_insert(
              ^^^^^^^^^^^^^^^^
  File "C:\Users\Msi\AppData\Local\Programs\Python\Python311\Lib\site-packages\django\db\models\base.py", line 1210, in _do_insert
    return manager._insert(
           ^^^^^^^^^^^^^^^^
  File "C:\Users\Msi\AppData\Local\Programs\Python\Python311\Lib\site-packages\django\db\models\manager.py", line 87, in manager_method
    return getattr(self.get_queryset(), name)(*args, **kwargs)
           ^^^^^^^^^^^^^^^^^^^^^^^^^^^^^^^^^^^^^^^^^^^^^^^^^^^
  File "C:\Users\Msi\AppData\Local\Programs\Python\Python311\Lib\site-packages\django\db\models\query.py", line 1873, in _insert
    return query.get_compiler(using=using).execute_sql(returning_fields)
           ^^^^^^^^^^^^^^^^^^^^^^^^^^^^^^^^^^^^^^^^^^^^^^^^^^^^^^^^^^^^^
  File "C:\Users\Msi\AppData\Local\Programs\Python\Python311\Lib\site-packages\django\db\models\sql\compiler.py", line 1881, in execute_sql
    for sql, params in self.as_sql():
                       ^^^^^^^^^^^^^
  File "C:\Users\Msi\AppData\Local\Programs\Python\Python311\Lib\site-packages\django\db\models\sql\compiler.py", line 1804, in as_sql
    value_rows = [
                 ^
  File "C:\Users\Msi\AppData\Local\Programs\Python\Python311\Lib\site-packages\django\db\models\sql\compiler.py", line 1805, in <listcomp>
    [
  File "C:\Users\Msi\AppData\Local\Programs\Python\Python311\Lib\site-packages\django\db\models\sql\compiler.py", line 1806, in <listcomp>
    self.prepare_value(field, self.pre_save_val(field, obj))
  File "C:\Users\Msi\AppData\Local\Programs\Python\Python311\Lib\site-packages\django\db\models\sql\compiler.py", line 1741, in prepare_value
    return field.get_db_prep_save(value, connection=self.connection)
           ^^^^^^^^^^^^^^^^^^^^^^^^^^^^^^^^^^^^^^^^^^^^^^^^^^^^^^^^^
  File "C:\Users\Msi\AppData\Local\Programs\Python\Python311\Lib\site-packages\django\db\models\fields\json.py", line 118, in get_db_prep_save
    return super().get_db_prep_save(value, connection)
           ^^^^^^^^^^^^^^^^^^^^^^^^^^^^^^^^^^^^^^^^^^^
  File "C:\Users\Msi\AppData\Local\Programs\Python\Python311\Lib\site-packages\django\db\models\fields\__init__.py", line 1012, in get_db_prep_save
    return self.get_db_prep_value(value, connection=connection, prepared=False)
           ^^^^^^^^^^^^^^^^^^^^^^^^^^^^^^^^^^^^^^^^^^^^^^^^^^^^^^^^^^^^^^^^^^^^
  File "C:\Users\Msi\AppData\Local\Programs\Python\Python311\Lib\site-packages\django\db\models\fields\json.py", line 102, in get_db_prep_value
    return connection.ops.adapt_json_value(value, self.encoder)
           ^^^^^^^^^^^^^^^^^^^^^^^^^^^^^^^^^^^^^^^^^^^^^^^^^^^^
  File "C:\Users\Msi\AppData\Local\Programs\Python\Python311\Lib\site-packages\django\db\backends\base\operations.py", line 598, in adapt_json_value
    return json.dumps(value, cls=encoder)
           ^^^^^^^^^^^^^^^^^^^^^^^^^^^^^^
  File "C:\Users\Msi\AppData\Local\Programs\Python\Python311\Lib\json\__init__.py", line 231, in dumps
    return _default_encoder.encode(obj)
           ^^^^^^^^^^^^^^^^^^^^^^^^^^^^
  File "C:\Users\Msi\AppData\Local\Programs\Python\Python311\Lib\json\encoder.py", line 200, in encode
    chunks = self.iterencode(o, _one_shot=True)
             ^^^^^^^^^^^^^^^^^^^^^^^^^^^^^^^^^^
  File "C:\Users\Msi\AppData\Local\Programs\Python\Python311\Lib\json\encoder.py", line 258, in iterencode
    return _iterencode(o, 0)
           ^^^^^^^^^^^^^^^^^
  File "C:\Users\Msi\AppData\Local\Programs\Python\Python311\Lib\json\encoder.py", line 180, in default
    raise TypeError(f'Object of type {o.__class__.__name__} '
TypeError: Object of type datetime is not JSON serializable
2025-12-08 02:08:42,970 - INFO - 
============================================================
2025-12-08 02:08:42,971 - INFO - Starting to scrape: Safi Today
2025-12-08 02:08:42,971 - INFO - ============================================================
2025-12-08 02:08:42,971 - INFO - Extracting links from Safi Today: https://safitoday.com
2025-12-08 02:08:46,552 - INFO - Found 3 links from Safi Today
2025-12-08 02:08:47,053 - INFO - Scraping article: https://www.safitoday.com/2025/11/23/%d8%a2%d8%b3%d9%81%d9%8a-%d8%a5%d8%b7%d9%84%d8%a7%d9%82-36-%d9%85%d9%84%d8%b9%d8%a8-%d8%ac%d8%af%d9%8a%d8%af-%d8%a8%d8%a3%d8%b3%d9%81%d9%8a-%d9%88%d8%aa%d8%a3%d9%87%d9%8a%d9%84-%d8%a7%d9%84%d9%82/
2025-12-08 02:08:48,696 - INFO - Scraping article: https://www.safitoday.com/2025/12/05/%d9%81%d8%b7%d8%a7%d8%ad-%d9%8a%d8%b1%d8%b3%d9%85-%d9%85%d9%84%d8%a7%d9%85%d8%ad-%d9%85%d8%b1%d8%ad%d9%84%d8%a9-%d8%ac%d8%af%d9%8a%d8%af%d8%a9-%d8%a8%d8%a7%d9%84%d8%a5%d8%af%d8%a7%d8%b1%d8%a9-%d8%a7/
2025-12-08 02:08:50,339 - INFO - Scraping article: https://www.safitoday.com/2025/11/13/%d8%a2%d8%b3%d9%81%d9%8a-%d8%aa%d9%88%d8%b2%d9%8a%d8%b9-%d8%aa%d8%ac%d9%87%d9%8a%d8%b2%d8%a7%d8%aa-%d9%84%d8%af%d8%b9%d9%85-%d9%85%d8%b4%d8%a7%d8%b1%d9%8a%d8%b9-%d9%85%d8%af%d8%b1%d8%a9-%d9%84%d9%84/
2025-12-08 02:08:51,307 - INFO - Completed Safi Today: 3 articles
2025-12-08 02:08:51,307 - INFO - Total articles so far: 3
2025-12-08 02:08:52,308 - INFO - 
============================================================
2025-12-08 02:08:52,308 - INFO - Starting to scrape: Safi Goud
2025-12-08 02:08:52,308 - INFO - ============================================================
2025-12-08 02:08:52,308 - INFO - Extracting links from Safi Goud: https://safigoud.com
2025-12-08 02:08:55,406 - INFO - Found 3 links from Safi Goud
2025-12-08 02:08:55,908 - INFO - Scraping article: http://www.safigoud.com/?p=2930
2025-12-08 02:08:58,090 - INFO - Scraping article: http://www.safigoud.com/?p=2939
2025-12-08 02:09:00,044 - INFO - Scraping article: http://www.safigoud.com/?p=2937
2025-12-08 02:09:01,435 - INFO - Completed Safi Goud: 3 articles
2025-12-08 02:09:01,435 - INFO - Total articles so far: 6
2025-12-08 02:09:02,435 - INFO - 
============================================================
2025-12-08 02:09:02,435 - INFO - Starting to scrape: Safi Now
2025-12-08 02:09:02,435 - INFO - ============================================================
2025-12-08 02:09:02,435 - INFO - Extracting links from Safi Now: https://safinow.com
2025-12-08 02:09:06,877 - WARNING - Some characters could not be decoded, and were replaced with REPLACEMENT CHARACTER.
2025-12-08 02:09:06,881 - INFO - Found 0 links from Safi Now
2025-12-08 02:09:07,382 - INFO - Extracting links from Safi Now: https://safinow.com/news/
2025-12-08 02:09:07,669 - ERROR - Error extracting links from Safi Now: 404 Client Error: Not Found for url: https://safinow.com/news/
2025-12-08 02:09:08,170 - INFO - Extracting links from Safi Now: https://safinow.com/articles/
2025-12-08 02:09:08,435 - ERROR - Error extracting links from Safi Now: 404 Client Error: Not Found for url: https://safinow.com/articles/
2025-12-08 02:09:08,936 - INFO - Extracting links from Safi Now: https://safinow.com/category/news/
2025-12-08 02:09:09,221 - ERROR - Error extracting links from Safi Now: 404 Client Error: Not Found for url: https://safinow.com/category/news/
2025-12-08 02:09:09,722 - INFO - Extracting links from Safi Now: https://safinow.com/page/1/
2025-12-08 02:09:10,020 - ERROR - Error extracting links from Safi Now: 404 Client Error: Not Found for url: https://safinow.com/page/1/
2025-12-08 02:09:10,521 - INFO - Completed Safi Now: 0 articles
2025-12-08 02:09:10,521 - INFO - Total articles so far: 6
2025-12-08 02:09:11,522 - INFO - 
============================================================
2025-12-08 02:09:11,523 - INFO - Starting to scrape: Safi Press
2025-12-08 02:09:11,523 - INFO - ============================================================
2025-12-08 02:09:11,523 - INFO - Extracting links from Safi Press: https://safipress.ma
2025-12-08 02:09:13,766 - WARNING - Some characters could not be decoded, and were replaced with REPLACEMENT CHARACTER.
2025-12-08 02:09:13,767 - INFO - Found 0 links from Safi Press
2025-12-08 02:09:14,268 - INFO - Extracting links from Safi Press: https://safipress.ma/news/
2025-12-08 02:09:14,678 - ERROR - Error extracting links from Safi Press: 404 Client Error: Not Found for url: https://safipress.ma/news/
2025-12-08 02:09:15,179 - INFO - Extracting links from Safi Press: https://safipress.ma/articles/
2025-12-08 02:09:15,630 - ERROR - Error extracting links from Safi Press: 404 Client Error: Not Found for url: https://safipress.ma/articles/
2025-12-08 02:09:16,131 - INFO - Extracting links from Safi Press: https://safipress.ma/category/news/
2025-12-08 02:09:16,629 - WARNING - Some characters could not be decoded, and were replaced with REPLACEMENT CHARACTER.
2025-12-08 02:09:16,630 - INFO - Found 0 links from Safi Press
2025-12-08 02:09:17,132 - INFO - Extracting links from Safi Press: https://safipress.ma/page/1/
2025-12-08 02:09:17,953 - WARNING - Some characters could not be decoded, and were replaced with REPLACEMENT CHARACTER.
2025-12-08 02:09:17,954 - INFO - Found 0 links from Safi Press
2025-12-08 02:09:18,455 - INFO - Completed Safi Press: 0 articles
2025-12-08 02:09:18,455 - INFO - Total articles so far: 6
2025-12-08 02:09:19,456 - INFO - 
============================================================
2025-12-08 02:09:19,456 - INFO - Starting to scrape: Safi Times
2025-12-08 02:09:19,456 - INFO - ============================================================
2025-12-08 02:09:19,457 - INFO - Extracting links from Safi Times: https://safitimes.com
2025-12-08 02:09:24,202 - WARNING - Some characters could not be decoded, and were replaced with REPLACEMENT CHARACTER.
2025-12-08 02:09:24,204 - INFO - Found 0 links from Safi Times
2025-12-08 02:09:24,705 - INFO - Extracting links from Safi Times: https://safitimes.com/news/
2025-12-08 02:09:27,111 - ERROR - Error extracting links from Safi Times: 404 Client Error: Not Found for url: https://www.safitimes.com/news/
2025-12-08 02:09:27,612 - INFO - Extracting links from Safi Times: https://safitimes.com/articles/
2025-12-08 02:09:30,382 - ERROR - Error extracting links from Safi Times: 404 Client Error: Not Found for url: https://www.safitimes.com/articles/
2025-12-08 02:09:30,883 - INFO - Extracting links from Safi Times: https://safitimes.com/category/news/
2025-12-08 02:09:33,719 - ERROR - Error extracting links from Safi Times: 404 Client Error: Not Found for url: https://www.safitimes.com/category/news/
2025-12-08 02:09:34,221 - INFO - Extracting links from Safi Times: https://safitimes.com/page/1/
2025-12-08 02:09:36,948 - WARNING - Some characters could not be decoded, and were replaced with REPLACEMENT CHARACTER.
2025-12-08 02:09:36,949 - INFO - Found 0 links from Safi Times
2025-12-08 02:09:37,451 - INFO - Completed Safi Times: 0 articles
2025-12-08 02:09:37,451 - INFO - Total articles so far: 6
2025-12-08 02:09:38,452 - INFO - 
============================================================
2025-12-08 02:09:38,452 - INFO - Starting to scrape: Safi Sud
2025-12-08 02:09:38,452 - INFO - ============================================================
2025-12-08 02:09:38,453 - INFO - Extracting links from Safi Sud: https://safisud.com
2025-12-08 02:09:40,053 - INFO - Found 3 links from Safi Sud
2025-12-08 02:09:40,554 - INFO - Scraping article: https://safisud.com/2025/12/07/%d8%a7%d8%ae%d8%aa%d8%aa%d8%a7%d9%85-%d8%a7%d9%84%d8%ad%d8%af%d8%ab-%d8%a7%d9%84%d8%b9%d8%a7%d9%84%d9%85%d9%8a-%d8%a8%d9%85%d9%86%d8%aa%d8%ac%d8%b9-%d8%b1%d8%a7%d8%b3-%d8%a7%d9%84%d9%84%d9%81%d8%b9/
2025-12-08 02:09:42,720 - INFO - Scraping article: https://safisud.com/2025/12/07/%d8%a3%d9%88%d9%84-%d8%b8%d9%87%d9%88%d8%b1-%d8%b1%d8%b3%d9%85%d9%8a-%d9%84%d9%84%d9%83%d8%a7%d8%aa%d8%a8-%d8%a7%d9%84%d8%b9%d8%a7%d9%85-%d8%a7%d9%84%d8%ac%d8%af%d9%8a%d8%af-%d9%84%d8%b9%d9%85%d8%a7/
2025-12-08 02:09:45,862 - INFO - Scraping article: https://safisud.com/2025/12/07/%d8%a7%d9%84%d8%af%d8%b1%d9%83-%d8%a7%d9%84%d9%85%d9%84%d9%83%d9%8a-%d8%a8%d9%85%d8%b1%d9%83%d8%b2-%d8%a8%d9%88%da%af%d8%af%d8%b1%d8%a9-%d9%8a%d8%af%d8%a7%d9%87%d9%85-%d8%a3%d8%ad%d8%af/
2025-12-08 02:09:47,303 - INFO - Completed Safi Sud: 3 articles
2025-12-08 02:09:47,303 - INFO - Total articles so far: 9
2025-12-08 02:09:48,305 - INFO - 
============================================================
2025-12-08 02:09:48,305 - INFO - Starting to scrape: Safi Media
2025-12-08 02:09:48,305 - INFO - ============================================================
2025-12-08 02:09:48,306 - INFO - Extracting links from Safi Media: https://safimedia.ma
2025-12-08 02:09:48,312 - ERROR - Error extracting links from Safi Media: HTTPSConnectionPool(host='safimedia.ma', port=443): Max retries exceeded with url: / (Caused by NameResolutionError("<urllib3.connection.HTTPSConnection object at 0x000001F279F277D0>: Failed to resolve 'safimedia.ma' ([Errno 11001] getaddrinfo failed)"))
2025-12-08 02:09:48,813 - INFO - Extracting links from Safi Media: https://safimedia.ma/news/
2025-12-08 02:09:48,814 - ERROR - Error extracting links from Safi Media: HTTPSConnectionPool(host='safimedia.ma', port=443): Max retries exceeded with url: /news/ (Caused by NameResolutionError("<urllib3.connection.HTTPSConnection object at 0x000001F27A64D450>: Failed to resolve 'safimedia.ma' ([Errno 11001] getaddrinfo failed)"))
2025-12-08 02:09:49,315 - INFO - Extracting links from Safi Media: https://safimedia.ma/articles/
2025-12-08 02:09:49,316 - ERROR - Error extracting links from Safi Media: HTTPSConnectionPool(host='safimedia.ma', port=443): Max retries exceeded with url: /articles/ (Caused by NameResolutionError("<urllib3.connection.HTTPSConnection object at 0x000001F27A64C250>: Failed to resolve 'safimedia.ma' ([Errno 11001] getaddrinfo failed)"))
2025-12-08 02:09:49,817 - INFO - Extracting links from Safi Media: https://safimedia.ma/category/news/
2025-12-08 02:09:49,817 - ERROR - Error extracting links from Safi Media: HTTPSConnectionPool(host='safimedia.ma', port=443): Max retries exceeded with url: /category/news/ (Caused by NameResolutionError("<urllib3.connection.HTTPSConnection object at 0x000001F27A630D90>: Failed to resolve 'safimedia.ma' ([Errno 11001] getaddrinfo failed)"))
2025-12-08 02:09:50,319 - INFO - Extracting links from Safi Media: https://safimedia.ma/page/1/
2025-12-08 02:09:50,320 - ERROR - Error extracting links from Safi Media: HTTPSConnectionPool(host='safimedia.ma', port=443): Max retries exceeded with url: /page/1/ (Caused by NameResolutionError("<urllib3.connection.HTTPSConnection object at 0x000001F27A631F10>: Failed to resolve 'safimedia.ma' ([Errno 11001] getaddrinfo failed)"))
2025-12-08 02:09:50,821 - INFO - Completed Safi Media: 0 articles
2025-12-08 02:09:50,821 - INFO - Total articles so far: 9
2025-12-08 02:09:51,822 - INFO - 
============================================================
2025-12-08 02:09:51,823 - INFO - Starting to scrape: Safi TV
2025-12-08 02:09:51,823 - INFO - ============================================================
2025-12-08 02:09:51,823 - INFO - Extracting links from Safi TV: https://safitv.ma
2025-12-08 02:09:51,953 - ERROR - Error extracting links from Safi TV: HTTPSConnectionPool(host='safitv.ma', port=443): Max retries exceeded with url: / (Caused by NameResolutionError("<urllib3.connection.HTTPSConnection object at 0x000001F27A078890>: Failed to resolve 'safitv.ma' ([Errno 11001] getaddrinfo failed)"))
2025-12-08 02:09:52,454 - INFO - Extracting links from Safi TV: https://safitv.ma/news/
2025-12-08 02:09:52,455 - ERROR - Error extracting links from Safi TV: HTTPSConnectionPool(host='safitv.ma', port=443): Max retries exceeded with url: /news/ (Caused by NameResolutionError("<urllib3.connection.HTTPSConnection object at 0x000001F27A633990>: Failed to resolve 'safitv.ma' ([Errno 11001] getaddrinfo failed)"))
2025-12-08 02:09:52,956 - INFO - Extracting links from Safi TV: https://safitv.ma/articles/
2025-12-08 02:09:52,960 - ERROR - Error extracting links from Safi TV: HTTPSConnectionPool(host='safitv.ma', port=443): Max retries exceeded with url: /articles/ (Caused by NameResolutionError("<urllib3.connection.HTTPSConnection object at 0x000001F27A619050>: Failed to resolve 'safitv.ma' ([Errno 11001] getaddrinfo failed)"))
2025-12-08 02:09:53,460 - INFO - Extracting links from Safi TV: https://safitv.ma/category/news/
2025-12-08 02:09:53,461 - ERROR - Error extracting links from Safi TV: HTTPSConnectionPool(host='safitv.ma', port=443): Max retries exceeded with url: /category/news/ (Caused by NameResolutionError("<urllib3.connection.HTTPSConnection object at 0x000001F27A61A190>: Failed to resolve 'safitv.ma' ([Errno 11001] getaddrinfo failed)"))
2025-12-08 02:09:53,962 - INFO - Extracting links from Safi TV: https://safitv.ma/page/1/
2025-12-08 02:09:53,964 - ERROR - Error extracting links from Safi TV: HTTPSConnectionPool(host='safitv.ma', port=443): Max retries exceeded with url: /page/1/ (Caused by NameResolutionError("<urllib3.connection.HTTPSConnection object at 0x000001F27A61B5D0>: Failed to resolve 'safitv.ma' ([Errno 11001] getaddrinfo failed)"))
2025-12-08 02:09:54,464 - INFO - Completed Safi TV: 0 articles
2025-12-08 02:09:54,464 - INFO - Total articles so far: 9
2025-12-08 02:09:55,465 - INFO - 
============================================================
2025-12-08 02:09:55,465 - INFO - Starting to scrape: Assif
2025-12-08 02:09:55,465 - INFO - ============================================================
2025-12-08 02:09:55,465 - INFO - Extracting links from Assif: https://assif.ma
2025-12-08 02:09:57,796 - WARNING - Some characters could not be decoded, and were replaced with REPLACEMENT CHARACTER.
2025-12-08 02:09:57,797 - INFO - Found 0 links from Assif
2025-12-08 02:09:58,298 - INFO - Extracting links from Assif: https://assif.ma/news/
2025-12-08 02:09:58,670 - ERROR - Error extracting links from Assif: 404 Client Error: Not Found for url: https://assif.ma/news/
2025-12-08 02:09:59,171 - INFO - Extracting links from Assif: https://assif.ma/articles/
2025-12-08 02:09:59,452 - ERROR - Error extracting links from Assif: 404 Client Error: Not Found for url: https://assif.ma/articles/
2025-12-08 02:09:59,953 - INFO - Extracting links from Assif: https://assif.ma/category/news/
2025-12-08 02:10:00,612 - ERROR - Error extracting links from Assif: 404 Client Error: Not Found for url: https://assif.ma/category/news/
2025-12-08 02:10:01,113 - INFO - Extracting links from Assif: https://assif.ma/page/1/
2025-12-08 02:10:01,754 - WARNING - Some characters could not be decoded, and were replaced with REPLACEMENT CHARACTER.
2025-12-08 02:10:01,755 - INFO - Found 0 links from Assif
2025-12-08 02:10:02,256 - INFO - Completed Assif: 0 articles
2025-12-08 02:10:02,256 - INFO - Total articles so far: 9
2025-12-08 02:10:03,257 - INFO - 
============================================================
2025-12-08 02:10:03,258 - INFO - Starting to scrape: Sport Régional
2025-12-08 02:10:03,258 - INFO - ============================================================
2025-12-08 02:10:03,258 - INFO - Extracting links from Sport Régional: https://sportregional.net
2025-12-08 02:10:04,749 - INFO - Found 0 links from Sport Régional
2025-12-08 02:10:05,250 - INFO - Extracting links from Sport Régional: https://sportregional.net/news/
2025-12-08 02:10:05,945 - ERROR - Error extracting links from Sport Régional: 404 Client Error: Not Found for url: https://www.sportregional.net/news/
2025-12-08 02:10:06,446 - INFO - Extracting links from Sport Régional: https://sportregional.net/articles/
2025-12-08 02:10:07,013 - ERROR - Error extracting links from Sport Régional: 404 Client Error: Not Found for url: https://www.sportregional.net/articles/
2025-12-08 02:10:07,514 - INFO - Extracting links from Sport Régional: https://sportregional.net/category/news/
2025-12-08 02:10:08,133 - ERROR - Error extracting links from Sport Régional: 404 Client Error: Not Found for url: https://www.sportregional.net/category/news/
2025-12-08 02:10:08,634 - INFO - Extracting links from Sport Régional: https://sportregional.net/page/1/
2025-12-08 02:10:09,409 - ERROR - Error extracting links from Sport Régional: 404 Client Error: Not Found for url: https://www.sportregional.net/page/1/
2025-12-08 02:10:09,911 - INFO - Completed Sport Régional: 0 articles
2025-12-08 02:10:09,911 - INFO - Total articles so far: 9
2025-12-08 02:10:31,013 - INFO - Scraping article: https://www.safitoday.com/2025/11/23/%d8%a2%d8%b3%d9%81%d9%8a-%d8%a5%d8%b7%d9%84%d8%a7%d9%82-36-%d9%85%d9%84%d8%b9%d8%a8-%d8%ac%d8%af%d9%8a%d8%af-%d8%a8%d8%a3%d8%b3%d9%81%d9%8a-%d9%88%d8%aa%d8%a3%d9%87%d9%8a%d9%84-%d8%a7%d9%84%d9%82/
2025-12-08 02:10:33,471 - INFO - Scraping article: https://www.safitoday.com/2025/12/05/%d9%81%d8%b7%d8%a7%d8%ad-%d9%8a%d8%b1%d8%b3%d9%85-%d9%85%d9%84%d8%a7%d9%85%d8%ad-%d9%85%d8%b1%d8%ad%d9%84%d8%a9-%d8%ac%d8%af%d9%8a%d8%af%d8%a9-%d8%a8%d8%a7%d9%84%d8%a5%d8%af%d8%a7%d8%b1%d8%a9-%d8%a7/
2025-12-08 02:10:34,805 - INFO - Scraping article: https://www.safitoday.com/2025/11/13/%d8%a2%d8%b3%d9%81%d9%8a-%d8%aa%d9%88%d8%b2%d9%8a%d8%b9-%d8%aa%d8%ac%d9%87%d9%8a%d8%b2%d8%a7%d8%aa-%d9%84%d8%af%d8%b9%d9%85-%d9%85%d8%b4%d8%a7%d8%b1%d9%8a%d8%b9-%d9%85%d8%af%d8%b1%d8%a9-%d9%84%d9%84/
2025-12-08 02:10:37,862 - INFO - HTTP Request: GET https://api.cerebras.ai/v1/tcp_warming "HTTP/1.1 200 OK"
2025-12-08 02:10:38,504 - INFO - HTTP Request: POST https://api.cerebras.ai/v1/chat/completions "HTTP/1.1 200 OK"
2025-12-08 02:10:38,515 - ERROR - Failed to ingest article https://www.safitoday.com/2025/11/23/%d8%a2%d8%b3%d9%81%d9%8a-%d8%a5%d8%b7%d9%84%d8%a7%d9%82-36-%d9%85%d9%84%d8%b9%d8%a8-%d8%ac%d8%af%d9%8a%d8%af-%d8%a8%d8%a3%d8%b3%d9%81%d9%8a-%d9%88%d8%aa%d8%a3%d9%87%d9%8a%d9%84-%d8%a7%d9%84%d9%82/
Traceback (most recent call last):
  File "C:\Users\Msi\AppData\Local\Programs\Python\Python311\Lib\site-packages\django\db\models\query.py", line 948, in get_or_create
    return self.get(**kwargs), False
           ^^^^^^^^^^^^^^^^^^
  File "C:\Users\Msi\AppData\Local\Programs\Python\Python311\Lib\site-packages\django\db\models\query.py", line 635, in get
    raise self.model.DoesNotExist(
monitoring.models.Mention.DoesNotExist: Mention matching query does not exist.

During handling of the above exception, another exception occurred:

Traceback (most recent call last):
  File "C:\Users\Msi\Desktop\Abdou_all_codes\media_monitoring\monitoring\services\ingestion.py", line 171, in ingest_latest_articles
    mention, created = Mention.objects.get_or_create(original_url=url, defaults=defaults)
                       ^^^^^^^^^^^^^^^^^^^^^^^^^^^^^^^^^^^^^^^^^^^^^^^^^^^^^^^^^^^^^^^^^^
  File "C:\Users\Msi\AppData\Local\Programs\Python\Python311\Lib\site-packages\django\db\models\manager.py", line 87, in manager_method
    return getattr(self.get_queryset(), name)(*args, **kwargs)
           ^^^^^^^^^^^^^^^^^^^^^^^^^^^^^^^^^^^^^^^^^^^^^^^^^^^
  File "C:\Users\Msi\AppData\Local\Programs\Python\Python311\Lib\site-packages\django\db\models\query.py", line 955, in get_or_create
    return self.create(**params), True
           ^^^^^^^^^^^^^^^^^^^^^
  File "C:\Users\Msi\AppData\Local\Programs\Python\Python311\Lib\site-packages\django\db\models\query.py", line 665, in create
    obj.save(force_insert=True, using=self.db)
  File "C:\Users\Msi\AppData\Local\Programs\Python\Python311\Lib\site-packages\django\db\models\base.py", line 902, in save
    self.save_base(
  File "C:\Users\Msi\AppData\Local\Programs\Python\Python311\Lib\site-packages\django\db\models\base.py", line 1008, in save_base
    updated = self._save_table(
              ^^^^^^^^^^^^^^^^^
  File "C:\Users\Msi\AppData\Local\Programs\Python\Python311\Lib\site-packages\django\db\models\base.py", line 1169, in _save_table
    results = self._do_insert(
              ^^^^^^^^^^^^^^^^
  File "C:\Users\Msi\AppData\Local\Programs\Python\Python311\Lib\site-packages\django\db\models\base.py", line 1210, in _do_insert
    return manager._insert(
           ^^^^^^^^^^^^^^^^
  File "C:\Users\Msi\AppData\Local\Programs\Python\Python311\Lib\site-packages\django\db\models\manager.py", line 87, in manager_method
    return getattr(self.get_queryset(), name)(*args, **kwargs)
           ^^^^^^^^^^^^^^^^^^^^^^^^^^^^^^^^^^^^^^^^^^^^^^^^^^^
  File "C:\Users\Msi\AppData\Local\Programs\Python\Python311\Lib\site-packages\django\db\models\query.py", line 1873, in _insert
    return query.get_compiler(using=using).execute_sql(returning_fields)
           ^^^^^^^^^^^^^^^^^^^^^^^^^^^^^^^^^^^^^^^^^^^^^^^^^^^^^^^^^^^^^
  File "C:\Users\Msi\AppData\Local\Programs\Python\Python311\Lib\site-packages\django\db\models\sql\compiler.py", line 1881, in execute_sql
    for sql, params in self.as_sql():
                       ^^^^^^^^^^^^^
  File "C:\Users\Msi\AppData\Local\Programs\Python\Python311\Lib\site-packages\django\db\models\sql\compiler.py", line 1804, in as_sql
    value_rows = [
                 ^
  File "C:\Users\Msi\AppData\Local\Programs\Python\Python311\Lib\site-packages\django\db\models\sql\compiler.py", line 1805, in <listcomp>
    [
  File "C:\Users\Msi\AppData\Local\Programs\Python\Python311\Lib\site-packages\django\db\models\sql\compiler.py", line 1806, in <listcomp>
    self.prepare_value(field, self.pre_save_val(field, obj))
  File "C:\Users\Msi\AppData\Local\Programs\Python\Python311\Lib\site-packages\django\db\models\sql\compiler.py", line 1741, in prepare_value
    return field.get_db_prep_save(value, connection=self.connection)
           ^^^^^^^^^^^^^^^^^^^^^^^^^^^^^^^^^^^^^^^^^^^^^^^^^^^^^^^^^
  File "C:\Users\Msi\AppData\Local\Programs\Python\Python311\Lib\site-packages\django\db\models\fields\json.py", line 118, in get_db_prep_save
    return super().get_db_prep_save(value, connection)
           ^^^^^^^^^^^^^^^^^^^^^^^^^^^^^^^^^^^^^^^^^^^
  File "C:\Users\Msi\AppData\Local\Programs\Python\Python311\Lib\site-packages\django\db\models\fields\__init__.py", line 1012, in get_db_prep_save
    return self.get_db_prep_value(value, connection=connection, prepared=False)
           ^^^^^^^^^^^^^^^^^^^^^^^^^^^^^^^^^^^^^^^^^^^^^^^^^^^^^^^^^^^^^^^^^^^^
  File "C:\Users\Msi\AppData\Local\Programs\Python\Python311\Lib\site-packages\django\db\models\fields\json.py", line 102, in get_db_prep_value
    return connection.ops.adapt_json_value(value, self.encoder)
           ^^^^^^^^^^^^^^^^^^^^^^^^^^^^^^^^^^^^^^^^^^^^^^^^^^^^
  File "C:\Users\Msi\AppData\Local\Programs\Python\Python311\Lib\site-packages\django\db\backends\base\operations.py", line 598, in adapt_json_value
    return json.dumps(value, cls=encoder)
           ^^^^^^^^^^^^^^^^^^^^^^^^^^^^^^
  File "C:\Users\Msi\AppData\Local\Programs\Python\Python311\Lib\json\__init__.py", line 231, in dumps
    return _default_encoder.encode(obj)
           ^^^^^^^^^^^^^^^^^^^^^^^^^^^^
  File "C:\Users\Msi\AppData\Local\Programs\Python\Python311\Lib\json\encoder.py", line 200, in encode
    chunks = self.iterencode(o, _one_shot=True)
             ^^^^^^^^^^^^^^^^^^^^^^^^^^^^^^^^^^
  File "C:\Users\Msi\AppData\Local\Programs\Python\Python311\Lib\json\encoder.py", line 258, in iterencode
    return _iterencode(o, 0)
           ^^^^^^^^^^^^^^^^^
  File "C:\Users\Msi\AppData\Local\Programs\Python\Python311\Lib\json\encoder.py", line 180, in default
    raise TypeError(f'Object of type {o.__class__.__name__} '
TypeError: Object of type datetime is not JSON serializable
2025-12-08 02:10:39,141 - INFO - HTTP Request: POST https://api.cerebras.ai/v1/chat/completions "HTTP/1.1 200 OK"
2025-12-08 02:10:39,144 - ERROR - Failed to ingest article https://www.safitoday.com/2025/12/05/%d9%81%d8%b7%d8%a7%d8%ad-%d9%8a%d8%b1%d8%b3%d9%85-%d9%85%d9%84%d8%a7%d9%85%d8%ad-%d9%85%d8%b1%d8%ad%d9%84%d8%a9-%d8%ac%d8%af%d9%8a%d8%af%d8%a9-%d8%a8%d8%a7%d9%84%d8%a5%d8%af%d8%a7%d8%b1%d8%a9-%d8%a7/
Traceback (most recent call last):
  File "C:\Users\Msi\AppData\Local\Programs\Python\Python311\Lib\site-packages\django\db\models\query.py", line 948, in get_or_create
    return self.get(**kwargs), False
           ^^^^^^^^^^^^^^^^^^
  File "C:\Users\Msi\AppData\Local\Programs\Python\Python311\Lib\site-packages\django\db\models\query.py", line 635, in get
    raise self.model.DoesNotExist(
monitoring.models.Mention.DoesNotExist: Mention matching query does not exist.

During handling of the above exception, another exception occurred:

Traceback (most recent call last):
  File "C:\Users\Msi\Desktop\Abdou_all_codes\media_monitoring\monitoring\services\ingestion.py", line 171, in ingest_latest_articles
    mention, created = Mention.objects.get_or_create(original_url=url, defaults=defaults)
                       ^^^^^^^^^^^^^^^^^^^^^^^^^^^^^^^^^^^^^^^^^^^^^^^^^^^^^^^^^^^^^^^^^^
  File "C:\Users\Msi\AppData\Local\Programs\Python\Python311\Lib\site-packages\django\db\models\manager.py", line 87, in manager_method
    return getattr(self.get_queryset(), name)(*args, **kwargs)
           ^^^^^^^^^^^^^^^^^^^^^^^^^^^^^^^^^^^^^^^^^^^^^^^^^^^
  File "C:\Users\Msi\AppData\Local\Programs\Python\Python311\Lib\site-packages\django\db\models\query.py", line 955, in get_or_create
    return self.create(**params), True
           ^^^^^^^^^^^^^^^^^^^^^
  File "C:\Users\Msi\AppData\Local\Programs\Python\Python311\Lib\site-packages\django\db\models\query.py", line 665, in create
    obj.save(force_insert=True, using=self.db)
  File "C:\Users\Msi\AppData\Local\Programs\Python\Python311\Lib\site-packages\django\db\models\base.py", line 902, in save
    self.save_base(
  File "C:\Users\Msi\AppData\Local\Programs\Python\Python311\Lib\site-packages\django\db\models\base.py", line 1008, in save_base
    updated = self._save_table(
              ^^^^^^^^^^^^^^^^^
  File "C:\Users\Msi\AppData\Local\Programs\Python\Python311\Lib\site-packages\django\db\models\base.py", line 1169, in _save_table
    results = self._do_insert(
              ^^^^^^^^^^^^^^^^
  File "C:\Users\Msi\AppData\Local\Programs\Python\Python311\Lib\site-packages\django\db\models\base.py", line 1210, in _do_insert
    return manager._insert(
           ^^^^^^^^^^^^^^^^
  File "C:\Users\Msi\AppData\Local\Programs\Python\Python311\Lib\site-packages\django\db\models\manager.py", line 87, in manager_method
    return getattr(self.get_queryset(), name)(*args, **kwargs)
           ^^^^^^^^^^^^^^^^^^^^^^^^^^^^^^^^^^^^^^^^^^^^^^^^^^^
  File "C:\Users\Msi\AppData\Local\Programs\Python\Python311\Lib\site-packages\django\db\models\query.py", line 1873, in _insert
    return query.get_compiler(using=using).execute_sql(returning_fields)
           ^^^^^^^^^^^^^^^^^^^^^^^^^^^^^^^^^^^^^^^^^^^^^^^^^^^^^^^^^^^^^
  File "C:\Users\Msi\AppData\Local\Programs\Python\Python311\Lib\site-packages\django\db\models\sql\compiler.py", line 1881, in execute_sql
    for sql, params in self.as_sql():
                       ^^^^^^^^^^^^^
  File "C:\Users\Msi\AppData\Local\Programs\Python\Python311\Lib\site-packages\django\db\models\sql\compiler.py", line 1804, in as_sql
    value_rows = [
                 ^
  File "C:\Users\Msi\AppData\Local\Programs\Python\Python311\Lib\site-packages\django\db\models\sql\compiler.py", line 1805, in <listcomp>
    [
  File "C:\Users\Msi\AppData\Local\Programs\Python\Python311\Lib\site-packages\django\db\models\sql\compiler.py", line 1806, in <listcomp>
    self.prepare_value(field, self.pre_save_val(field, obj))
  File "C:\Users\Msi\AppData\Local\Programs\Python\Python311\Lib\site-packages\django\db\models\sql\compiler.py", line 1741, in prepare_value
    return field.get_db_prep_save(value, connection=self.connection)
           ^^^^^^^^^^^^^^^^^^^^^^^^^^^^^^^^^^^^^^^^^^^^^^^^^^^^^^^^^
  File "C:\Users\Msi\AppData\Local\Programs\Python\Python311\Lib\site-packages\django\db\models\fields\json.py", line 118, in get_db_prep_save
    return super().get_db_prep_save(value, connection)
           ^^^^^^^^^^^^^^^^^^^^^^^^^^^^^^^^^^^^^^^^^^^
  File "C:\Users\Msi\AppData\Local\Programs\Python\Python311\Lib\site-packages\django\db\models\fields\__init__.py", line 1012, in get_db_prep_save
    return self.get_db_prep_value(value, connection=connection, prepared=False)
           ^^^^^^^^^^^^^^^^^^^^^^^^^^^^^^^^^^^^^^^^^^^^^^^^^^^^^^^^^^^^^^^^^^^^
  File "C:\Users\Msi\AppData\Local\Programs\Python\Python311\Lib\site-packages\django\db\models\fields\json.py", line 102, in get_db_prep_value
    return connection.ops.adapt_json_value(value, self.encoder)
           ^^^^^^^^^^^^^^^^^^^^^^^^^^^^^^^^^^^^^^^^^^^^^^^^^^^^
  File "C:\Users\Msi\AppData\Local\Programs\Python\Python311\Lib\site-packages\django\db\backends\base\operations.py", line 598, in adapt_json_value
    return json.dumps(value, cls=encoder)
           ^^^^^^^^^^^^^^^^^^^^^^^^^^^^^^
  File "C:\Users\Msi\AppData\Local\Programs\Python\Python311\Lib\json\__init__.py", line 231, in dumps
    return _default_encoder.encode(obj)
           ^^^^^^^^^^^^^^^^^^^^^^^^^^^^
  File "C:\Users\Msi\AppData\Local\Programs\Python\Python311\Lib\json\encoder.py", line 200, in encode
    chunks = self.iterencode(o, _one_shot=True)
             ^^^^^^^^^^^^^^^^^^^^^^^^^^^^^^^^^^
  File "C:\Users\Msi\AppData\Local\Programs\Python\Python311\Lib\json\encoder.py", line 258, in iterencode
    return _iterencode(o, 0)
           ^^^^^^^^^^^^^^^^^
  File "C:\Users\Msi\AppData\Local\Programs\Python\Python311\Lib\json\encoder.py", line 180, in default
    raise TypeError(f'Object of type {o.__class__.__name__} '
TypeError: Object of type datetime is not JSON serializable
2025-12-08 02:10:39,781 - INFO - HTTP Request: POST https://api.cerebras.ai/v1/chat/completions "HTTP/1.1 200 OK"
2025-12-08 02:10:39,784 - ERROR - Failed to ingest article https://www.safitoday.com/2025/11/13/%d8%a2%d8%b3%d9%81%d9%8a-%d8%aa%d9%88%d8%b2%d9%8a%d8%b9-%d8%aa%d8%ac%d9%87%d9%8a%d8%b2%d8%a7%d8%aa-%d9%84%d8%af%d8%b9%d9%85-%d9%85%d8%b4%d8%a7%d8%b1%d9%8a%d8%b9-%d9%85%d8%af%d8%b1%d8%a9-%d9%84%d9%84/
Traceback (most recent call last):
  File "C:\Users\Msi\AppData\Local\Programs\Python\Python311\Lib\site-packages\django\db\models\query.py", line 948, in get_or_create
    return self.get(**kwargs), False
           ^^^^^^^^^^^^^^^^^^
  File "C:\Users\Msi\AppData\Local\Programs\Python\Python311\Lib\site-packages\django\db\models\query.py", line 635, in get
    raise self.model.DoesNotExist(
monitoring.models.Mention.DoesNotExist: Mention matching query does not exist.

During handling of the above exception, another exception occurred:

Traceback (most recent call last):
  File "C:\Users\Msi\Desktop\Abdou_all_codes\media_monitoring\monitoring\services\ingestion.py", line 171, in ingest_latest_articles
    mention, created = Mention.objects.get_or_create(original_url=url, defaults=defaults)
                       ^^^^^^^^^^^^^^^^^^^^^^^^^^^^^^^^^^^^^^^^^^^^^^^^^^^^^^^^^^^^^^^^^^
  File "C:\Users\Msi\AppData\Local\Programs\Python\Python311\Lib\site-packages\django\db\models\manager.py", line 87, in manager_method
    return getattr(self.get_queryset(), name)(*args, **kwargs)
           ^^^^^^^^^^^^^^^^^^^^^^^^^^^^^^^^^^^^^^^^^^^^^^^^^^^
  File "C:\Users\Msi\AppData\Local\Programs\Python\Python311\Lib\site-packages\django\db\models\query.py", line 955, in get_or_create
    return self.create(**params), True
           ^^^^^^^^^^^^^^^^^^^^^
  File "C:\Users\Msi\AppData\Local\Programs\Python\Python311\Lib\site-packages\django\db\models\query.py", line 665, in create
    obj.save(force_insert=True, using=self.db)
  File "C:\Users\Msi\AppData\Local\Programs\Python\Python311\Lib\site-packages\django\db\models\base.py", line 902, in save
    self.save_base(
  File "C:\Users\Msi\AppData\Local\Programs\Python\Python311\Lib\site-packages\django\db\models\base.py", line 1008, in save_base
    updated = self._save_table(
              ^^^^^^^^^^^^^^^^^
  File "C:\Users\Msi\AppData\Local\Programs\Python\Python311\Lib\site-packages\django\db\models\base.py", line 1169, in _save_table
    results = self._do_insert(
              ^^^^^^^^^^^^^^^^
  File "C:\Users\Msi\AppData\Local\Programs\Python\Python311\Lib\site-packages\django\db\models\base.py", line 1210, in _do_insert
    return manager._insert(
           ^^^^^^^^^^^^^^^^
  File "C:\Users\Msi\AppData\Local\Programs\Python\Python311\Lib\site-packages\django\db\models\manager.py", line 87, in manager_method
    return getattr(self.get_queryset(), name)(*args, **kwargs)
           ^^^^^^^^^^^^^^^^^^^^^^^^^^^^^^^^^^^^^^^^^^^^^^^^^^^
  File "C:\Users\Msi\AppData\Local\Programs\Python\Python311\Lib\site-packages\django\db\models\query.py", line 1873, in _insert
    return query.get_compiler(using=using).execute_sql(returning_fields)
           ^^^^^^^^^^^^^^^^^^^^^^^^^^^^^^^^^^^^^^^^^^^^^^^^^^^^^^^^^^^^^
  File "C:\Users\Msi\AppData\Local\Programs\Python\Python311\Lib\site-packages\django\db\models\sql\compiler.py", line 1881, in execute_sql
    for sql, params in self.as_sql():
                       ^^^^^^^^^^^^^
  File "C:\Users\Msi\AppData\Local\Programs\Python\Python311\Lib\site-packages\django\db\models\sql\compiler.py", line 1804, in as_sql
    value_rows = [
                 ^
  File "C:\Users\Msi\AppData\Local\Programs\Python\Python311\Lib\site-packages\django\db\models\sql\compiler.py", line 1805, in <listcomp>
    [
  File "C:\Users\Msi\AppData\Local\Programs\Python\Python311\Lib\site-packages\django\db\models\sql\compiler.py", line 1806, in <listcomp>
    self.prepare_value(field, self.pre_save_val(field, obj))
  File "C:\Users\Msi\AppData\Local\Programs\Python\Python311\Lib\site-packages\django\db\models\sql\compiler.py", line 1741, in prepare_value
    return field.get_db_prep_save(value, connection=self.connection)
           ^^^^^^^^^^^^^^^^^^^^^^^^^^^^^^^^^^^^^^^^^^^^^^^^^^^^^^^^^
  File "C:\Users\Msi\AppData\Local\Programs\Python\Python311\Lib\site-packages\django\db\models\fields\json.py", line 118, in get_db_prep_save
    return super().get_db_prep_save(value, connection)
           ^^^^^^^^^^^^^^^^^^^^^^^^^^^^^^^^^^^^^^^^^^^
  File "C:\Users\Msi\AppData\Local\Programs\Python\Python311\Lib\site-packages\django\db\models\fields\__init__.py", line 1012, in get_db_prep_save
    return self.get_db_prep_value(value, connection=connection, prepared=False)
           ^^^^^^^^^^^^^^^^^^^^^^^^^^^^^^^^^^^^^^^^^^^^^^^^^^^^^^^^^^^^^^^^^^^^
  File "C:\Users\Msi\AppData\Local\Programs\Python\Python311\Lib\site-packages\django\db\models\fields\json.py", line 102, in get_db_prep_value
    return connection.ops.adapt_json_value(value, self.encoder)
           ^^^^^^^^^^^^^^^^^^^^^^^^^^^^^^^^^^^^^^^^^^^^^^^^^^^^
  File "C:\Users\Msi\AppData\Local\Programs\Python\Python311\Lib\site-packages\django\db\backends\base\operations.py", line 598, in adapt_json_value
    return json.dumps(value, cls=encoder)
           ^^^^^^^^^^^^^^^^^^^^^^^^^^^^^^
  File "C:\Users\Msi\AppData\Local\Programs\Python\Python311\Lib\json\__init__.py", line 231, in dumps
    return _default_encoder.encode(obj)
           ^^^^^^^^^^^^^^^^^^^^^^^^^^^^
  File "C:\Users\Msi\AppData\Local\Programs\Python\Python311\Lib\json\encoder.py", line 200, in encode
    chunks = self.iterencode(o, _one_shot=True)
             ^^^^^^^^^^^^^^^^^^^^^^^^^^^^^^^^^^
  File "C:\Users\Msi\AppData\Local\Programs\Python\Python311\Lib\json\encoder.py", line 258, in iterencode
    return _iterencode(o, 0)
           ^^^^^^^^^^^^^^^^^
  File "C:\Users\Msi\AppData\Local\Programs\Python\Python311\Lib\json\encoder.py", line 180, in default
    raise TypeError(f'Object of type {o.__class__.__name__} '
TypeError: Object of type datetime is not JSON serializable
2025-12-08 02:10:40,743 - INFO - HTTP Request: POST https://api.cerebras.ai/v1/chat/completions "HTTP/1.1 200 OK"
2025-12-08 02:10:40,751 - ERROR - Failed to ingest article http://www.safigoud.com/?p=2930
Traceback (most recent call last):
  File "C:\Users\Msi\AppData\Local\Programs\Python\Python311\Lib\site-packages\django\db\models\query.py", line 948, in get_or_create
    return self.get(**kwargs), False
           ^^^^^^^^^^^^^^^^^^
  File "C:\Users\Msi\AppData\Local\Programs\Python\Python311\Lib\site-packages\django\db\models\query.py", line 635, in get
    raise self.model.DoesNotExist(
monitoring.models.Mention.DoesNotExist: Mention matching query does not exist.

During handling of the above exception, another exception occurred:

Traceback (most recent call last):
  File "C:\Users\Msi\Desktop\Abdou_all_codes\media_monitoring\monitoring\services\ingestion.py", line 171, in ingest_latest_articles
    mention, created = Mention.objects.get_or_create(original_url=url, defaults=defaults)
                       ^^^^^^^^^^^^^^^^^^^^^^^^^^^^^^^^^^^^^^^^^^^^^^^^^^^^^^^^^^^^^^^^^^
  File "C:\Users\Msi\AppData\Local\Programs\Python\Python311\Lib\site-packages\django\db\models\manager.py", line 87, in manager_method
    return getattr(self.get_queryset(), name)(*args, **kwargs)
           ^^^^^^^^^^^^^^^^^^^^^^^^^^^^^^^^^^^^^^^^^^^^^^^^^^^
  File "C:\Users\Msi\AppData\Local\Programs\Python\Python311\Lib\site-packages\django\db\models\query.py", line 955, in get_or_create
    return self.create(**params), True
           ^^^^^^^^^^^^^^^^^^^^^
  File "C:\Users\Msi\AppData\Local\Programs\Python\Python311\Lib\site-packages\django\db\models\query.py", line 665, in create
    obj.save(force_insert=True, using=self.db)
  File "C:\Users\Msi\AppData\Local\Programs\Python\Python311\Lib\site-packages\django\db\models\base.py", line 902, in save
    self.save_base(
  File "C:\Users\Msi\AppData\Local\Programs\Python\Python311\Lib\site-packages\django\db\models\base.py", line 1008, in save_base
    updated = self._save_table(
              ^^^^^^^^^^^^^^^^^
  File "C:\Users\Msi\AppData\Local\Programs\Python\Python311\Lib\site-packages\django\db\models\base.py", line 1169, in _save_table
    results = self._do_insert(
              ^^^^^^^^^^^^^^^^
  File "C:\Users\Msi\AppData\Local\Programs\Python\Python311\Lib\site-packages\django\db\models\base.py", line 1210, in _do_insert
    return manager._insert(
           ^^^^^^^^^^^^^^^^
  File "C:\Users\Msi\AppData\Local\Programs\Python\Python311\Lib\site-packages\django\db\models\manager.py", line 87, in manager_method
    return getattr(self.get_queryset(), name)(*args, **kwargs)
           ^^^^^^^^^^^^^^^^^^^^^^^^^^^^^^^^^^^^^^^^^^^^^^^^^^^
  File "C:\Users\Msi\AppData\Local\Programs\Python\Python311\Lib\site-packages\django\db\models\query.py", line 1873, in _insert
    return query.get_compiler(using=using).execute_sql(returning_fields)
           ^^^^^^^^^^^^^^^^^^^^^^^^^^^^^^^^^^^^^^^^^^^^^^^^^^^^^^^^^^^^^
  File "C:\Users\Msi\AppData\Local\Programs\Python\Python311\Lib\site-packages\django\db\models\sql\compiler.py", line 1881, in execute_sql
    for sql, params in self.as_sql():
                       ^^^^^^^^^^^^^
  File "C:\Users\Msi\AppData\Local\Programs\Python\Python311\Lib\site-packages\django\db\models\sql\compiler.py", line 1804, in as_sql
    value_rows = [
                 ^
  File "C:\Users\Msi\AppData\Local\Programs\Python\Python311\Lib\site-packages\django\db\models\sql\compiler.py", line 1805, in <listcomp>
    [
  File "C:\Users\Msi\AppData\Local\Programs\Python\Python311\Lib\site-packages\django\db\models\sql\compiler.py", line 1806, in <listcomp>
    self.prepare_value(field, self.pre_save_val(field, obj))
  File "C:\Users\Msi\AppData\Local\Programs\Python\Python311\Lib\site-packages\django\db\models\sql\compiler.py", line 1741, in prepare_value
    return field.get_db_prep_save(value, connection=self.connection)
           ^^^^^^^^^^^^^^^^^^^^^^^^^^^^^^^^^^^^^^^^^^^^^^^^^^^^^^^^^
  File "C:\Users\Msi\AppData\Local\Programs\Python\Python311\Lib\site-packages\django\db\models\fields\json.py", line 118, in get_db_prep_save
    return super().get_db_prep_save(value, connection)
           ^^^^^^^^^^^^^^^^^^^^^^^^^^^^^^^^^^^^^^^^^^^
  File "C:\Users\Msi\AppData\Local\Programs\Python\Python311\Lib\site-packages\django\db\models\fields\__init__.py", line 1012, in get_db_prep_save
    return self.get_db_prep_value(value, connection=connection, prepared=False)
           ^^^^^^^^^^^^^^^^^^^^^^^^^^^^^^^^^^^^^^^^^^^^^^^^^^^^^^^^^^^^^^^^^^^^
  File "C:\Users\Msi\AppData\Local\Programs\Python\Python311\Lib\site-packages\django\db\models\fields\json.py", line 102, in get_db_prep_value
    return connection.ops.adapt_json_value(value, self.encoder)
           ^^^^^^^^^^^^^^^^^^^^^^^^^^^^^^^^^^^^^^^^^^^^^^^^^^^^
  File "C:\Users\Msi\AppData\Local\Programs\Python\Python311\Lib\site-packages\django\db\backends\base\operations.py", line 598, in adapt_json_value
    return json.dumps(value, cls=encoder)
           ^^^^^^^^^^^^^^^^^^^^^^^^^^^^^^
  File "C:\Users\Msi\AppData\Local\Programs\Python\Python311\Lib\json\__init__.py", line 231, in dumps
    return _default_encoder.encode(obj)
           ^^^^^^^^^^^^^^^^^^^^^^^^^^^^
  File "C:\Users\Msi\AppData\Local\Programs\Python\Python311\Lib\json\encoder.py", line 200, in encode
    chunks = self.iterencode(o, _one_shot=True)
             ^^^^^^^^^^^^^^^^^^^^^^^^^^^^^^^^^^
  File "C:\Users\Msi\AppData\Local\Programs\Python\Python311\Lib\json\encoder.py", line 258, in iterencode
    return _iterencode(o, 0)
           ^^^^^^^^^^^^^^^^^
  File "C:\Users\Msi\AppData\Local\Programs\Python\Python311\Lib\json\encoder.py", line 180, in default
    raise TypeError(f'Object of type {o.__class__.__name__} '
TypeError: Object of type datetime is not JSON serializable
2025-12-08 02:10:42,055 - INFO - HTTP Request: POST https://api.cerebras.ai/v1/chat/completions "HTTP/1.1 200 OK"
2025-12-08 02:10:42,057 - ERROR - Failed to ingest article http://www.safigoud.com/?p=2939
Traceback (most recent call last):
  File "C:\Users\Msi\AppData\Local\Programs\Python\Python311\Lib\site-packages\django\db\models\query.py", line 948, in get_or_create
    return self.get(**kwargs), False
           ^^^^^^^^^^^^^^^^^^
  File "C:\Users\Msi\AppData\Local\Programs\Python\Python311\Lib\site-packages\django\db\models\query.py", line 635, in get
    raise self.model.DoesNotExist(
monitoring.models.Mention.DoesNotExist: Mention matching query does not exist.

During handling of the above exception, another exception occurred:

Traceback (most recent call last):
  File "C:\Users\Msi\Desktop\Abdou_all_codes\media_monitoring\monitoring\services\ingestion.py", line 171, in ingest_latest_articles
    mention, created = Mention.objects.get_or_create(original_url=url, defaults=defaults)
                       ^^^^^^^^^^^^^^^^^^^^^^^^^^^^^^^^^^^^^^^^^^^^^^^^^^^^^^^^^^^^^^^^^^
  File "C:\Users\Msi\AppData\Local\Programs\Python\Python311\Lib\site-packages\django\db\models\manager.py", line 87, in manager_method
    return getattr(self.get_queryset(), name)(*args, **kwargs)
           ^^^^^^^^^^^^^^^^^^^^^^^^^^^^^^^^^^^^^^^^^^^^^^^^^^^
  File "C:\Users\Msi\AppData\Local\Programs\Python\Python311\Lib\site-packages\django\db\models\query.py", line 955, in get_or_create
    return self.create(**params), True
           ^^^^^^^^^^^^^^^^^^^^^
  File "C:\Users\Msi\AppData\Local\Programs\Python\Python311\Lib\site-packages\django\db\models\query.py", line 665, in create
    obj.save(force_insert=True, using=self.db)
  File "C:\Users\Msi\AppData\Local\Programs\Python\Python311\Lib\site-packages\django\db\models\base.py", line 902, in save
    self.save_base(
  File "C:\Users\Msi\AppData\Local\Programs\Python\Python311\Lib\site-packages\django\db\models\base.py", line 1008, in save_base
    updated = self._save_table(
              ^^^^^^^^^^^^^^^^^
  File "C:\Users\Msi\AppData\Local\Programs\Python\Python311\Lib\site-packages\django\db\models\base.py", line 1169, in _save_table
    results = self._do_insert(
              ^^^^^^^^^^^^^^^^
  File "C:\Users\Msi\AppData\Local\Programs\Python\Python311\Lib\site-packages\django\db\models\base.py", line 1210, in _do_insert
    return manager._insert(
           ^^^^^^^^^^^^^^^^
  File "C:\Users\Msi\AppData\Local\Programs\Python\Python311\Lib\site-packages\django\db\models\manager.py", line 87, in manager_method
    return getattr(self.get_queryset(), name)(*args, **kwargs)
           ^^^^^^^^^^^^^^^^^^^^^^^^^^^^^^^^^^^^^^^^^^^^^^^^^^^
  File "C:\Users\Msi\AppData\Local\Programs\Python\Python311\Lib\site-packages\django\db\models\query.py", line 1873, in _insert
    return query.get_compiler(using=using).execute_sql(returning_fields)
           ^^^^^^^^^^^^^^^^^^^^^^^^^^^^^^^^^^^^^^^^^^^^^^^^^^^^^^^^^^^^^
  File "C:\Users\Msi\AppData\Local\Programs\Python\Python311\Lib\site-packages\django\db\models\sql\compiler.py", line 1881, in execute_sql
    for sql, params in self.as_sql():
                       ^^^^^^^^^^^^^
  File "C:\Users\Msi\AppData\Local\Programs\Python\Python311\Lib\site-packages\django\db\models\sql\compiler.py", line 1804, in as_sql
    value_rows = [
                 ^
  File "C:\Users\Msi\AppData\Local\Programs\Python\Python311\Lib\site-packages\django\db\models\sql\compiler.py", line 1805, in <listcomp>
    [
  File "C:\Users\Msi\AppData\Local\Programs\Python\Python311\Lib\site-packages\django\db\models\sql\compiler.py", line 1806, in <listcomp>
    self.prepare_value(field, self.pre_save_val(field, obj))
  File "C:\Users\Msi\AppData\Local\Programs\Python\Python311\Lib\site-packages\django\db\models\sql\compiler.py", line 1741, in prepare_value
    return field.get_db_prep_save(value, connection=self.connection)
           ^^^^^^^^^^^^^^^^^^^^^^^^^^^^^^^^^^^^^^^^^^^^^^^^^^^^^^^^^
  File "C:\Users\Msi\AppData\Local\Programs\Python\Python311\Lib\site-packages\django\db\models\fields\json.py", line 118, in get_db_prep_save
    return super().get_db_prep_save(value, connection)
           ^^^^^^^^^^^^^^^^^^^^^^^^^^^^^^^^^^^^^^^^^^^
  File "C:\Users\Msi\AppData\Local\Programs\Python\Python311\Lib\site-packages\django\db\models\fields\__init__.py", line 1012, in get_db_prep_save
    return self.get_db_prep_value(value, connection=connection, prepared=False)
           ^^^^^^^^^^^^^^^^^^^^^^^^^^^^^^^^^^^^^^^^^^^^^^^^^^^^^^^^^^^^^^^^^^^^
  File "C:\Users\Msi\AppData\Local\Programs\Python\Python311\Lib\site-packages\django\db\models\fields\json.py", line 102, in get_db_prep_value
    return connection.ops.adapt_json_value(value, self.encoder)
           ^^^^^^^^^^^^^^^^^^^^^^^^^^^^^^^^^^^^^^^^^^^^^^^^^^^^
  File "C:\Users\Msi\AppData\Local\Programs\Python\Python311\Lib\site-packages\django\db\backends\base\operations.py", line 598, in adapt_json_value
    return json.dumps(value, cls=encoder)
           ^^^^^^^^^^^^^^^^^^^^^^^^^^^^^^
  File "C:\Users\Msi\AppData\Local\Programs\Python\Python311\Lib\json\__init__.py", line 231, in dumps
    return _default_encoder.encode(obj)
           ^^^^^^^^^^^^^^^^^^^^^^^^^^^^
  File "C:\Users\Msi\AppData\Local\Programs\Python\Python311\Lib\json\encoder.py", line 200, in encode
    chunks = self.iterencode(o, _one_shot=True)
             ^^^^^^^^^^^^^^^^^^^^^^^^^^^^^^^^^^
  File "C:\Users\Msi\AppData\Local\Programs\Python\Python311\Lib\json\encoder.py", line 258, in iterencode
    return _iterencode(o, 0)
           ^^^^^^^^^^^^^^^^^
  File "C:\Users\Msi\AppData\Local\Programs\Python\Python311\Lib\json\encoder.py", line 180, in default
    raise TypeError(f'Object of type {o.__class__.__name__} '
TypeError: Object of type datetime is not JSON serializable
2025-12-08 02:10:42,926 - INFO - HTTP Request: POST https://api.cerebras.ai/v1/chat/completions "HTTP/1.1 200 OK"
2025-12-08 02:10:42,929 - ERROR - Failed to ingest article http://www.safigoud.com/?p=2937
Traceback (most recent call last):
  File "C:\Users\Msi\AppData\Local\Programs\Python\Python311\Lib\site-packages\django\db\models\query.py", line 948, in get_or_create
    return self.get(**kwargs), False
           ^^^^^^^^^^^^^^^^^^
  File "C:\Users\Msi\AppData\Local\Programs\Python\Python311\Lib\site-packages\django\db\models\query.py", line 635, in get
    raise self.model.DoesNotExist(
monitoring.models.Mention.DoesNotExist: Mention matching query does not exist.

During handling of the above exception, another exception occurred:

Traceback (most recent call last):
  File "C:\Users\Msi\Desktop\Abdou_all_codes\media_monitoring\monitoring\services\ingestion.py", line 171, in ingest_latest_articles
    mention, created = Mention.objects.get_or_create(original_url=url, defaults=defaults)
                       ^^^^^^^^^^^^^^^^^^^^^^^^^^^^^^^^^^^^^^^^^^^^^^^^^^^^^^^^^^^^^^^^^^
  File "C:\Users\Msi\AppData\Local\Programs\Python\Python311\Lib\site-packages\django\db\models\manager.py", line 87, in manager_method
    return getattr(self.get_queryset(), name)(*args, **kwargs)
           ^^^^^^^^^^^^^^^^^^^^^^^^^^^^^^^^^^^^^^^^^^^^^^^^^^^
  File "C:\Users\Msi\AppData\Local\Programs\Python\Python311\Lib\site-packages\django\db\models\query.py", line 955, in get_or_create
    return self.create(**params), True
           ^^^^^^^^^^^^^^^^^^^^^
  File "C:\Users\Msi\AppData\Local\Programs\Python\Python311\Lib\site-packages\django\db\models\query.py", line 665, in create
    obj.save(force_insert=True, using=self.db)
  File "C:\Users\Msi\AppData\Local\Programs\Python\Python311\Lib\site-packages\django\db\models\base.py", line 902, in save
    self.save_base(
  File "C:\Users\Msi\AppData\Local\Programs\Python\Python311\Lib\site-packages\django\db\models\base.py", line 1008, in save_base
    updated = self._save_table(
              ^^^^^^^^^^^^^^^^^
  File "C:\Users\Msi\AppData\Local\Programs\Python\Python311\Lib\site-packages\django\db\models\base.py", line 1169, in _save_table
    results = self._do_insert(
              ^^^^^^^^^^^^^^^^
  File "C:\Users\Msi\AppData\Local\Programs\Python\Python311\Lib\site-packages\django\db\models\base.py", line 1210, in _do_insert
    return manager._insert(
           ^^^^^^^^^^^^^^^^
  File "C:\Users\Msi\AppData\Local\Programs\Python\Python311\Lib\site-packages\django\db\models\manager.py", line 87, in manager_method
    return getattr(self.get_queryset(), name)(*args, **kwargs)
           ^^^^^^^^^^^^^^^^^^^^^^^^^^^^^^^^^^^^^^^^^^^^^^^^^^^
  File "C:\Users\Msi\AppData\Local\Programs\Python\Python311\Lib\site-packages\django\db\models\query.py", line 1873, in _insert
    return query.get_compiler(using=using).execute_sql(returning_fields)
           ^^^^^^^^^^^^^^^^^^^^^^^^^^^^^^^^^^^^^^^^^^^^^^^^^^^^^^^^^^^^^
  File "C:\Users\Msi\AppData\Local\Programs\Python\Python311\Lib\site-packages\django\db\models\sql\compiler.py", line 1881, in execute_sql
    for sql, params in self.as_sql():
                       ^^^^^^^^^^^^^
  File "C:\Users\Msi\AppData\Local\Programs\Python\Python311\Lib\site-packages\django\db\models\sql\compiler.py", line 1804, in as_sql
    value_rows = [
                 ^
  File "C:\Users\Msi\AppData\Local\Programs\Python\Python311\Lib\site-packages\django\db\models\sql\compiler.py", line 1805, in <listcomp>
    [
  File "C:\Users\Msi\AppData\Local\Programs\Python\Python311\Lib\site-packages\django\db\models\sql\compiler.py", line 1806, in <listcomp>
    self.prepare_value(field, self.pre_save_val(field, obj))
  File "C:\Users\Msi\AppData\Local\Programs\Python\Python311\Lib\site-packages\django\db\models\sql\compiler.py", line 1741, in prepare_value
    return field.get_db_prep_save(value, connection=self.connection)
           ^^^^^^^^^^^^^^^^^^^^^^^^^^^^^^^^^^^^^^^^^^^^^^^^^^^^^^^^^
  File "C:\Users\Msi\AppData\Local\Programs\Python\Python311\Lib\site-packages\django\db\models\fields\json.py", line 118, in get_db_prep_save
    return super().get_db_prep_save(value, connection)
           ^^^^^^^^^^^^^^^^^^^^^^^^^^^^^^^^^^^^^^^^^^^
  File "C:\Users\Msi\AppData\Local\Programs\Python\Python311\Lib\site-packages\django\db\models\fields\__init__.py", line 1012, in get_db_prep_save
    return self.get_db_prep_value(value, connection=connection, prepared=False)
           ^^^^^^^^^^^^^^^^^^^^^^^^^^^^^^^^^^^^^^^^^^^^^^^^^^^^^^^^^^^^^^^^^^^^
  File "C:\Users\Msi\AppData\Local\Programs\Python\Python311\Lib\site-packages\django\db\models\fields\json.py", line 102, in get_db_prep_value
    return connection.ops.adapt_json_value(value, self.encoder)
           ^^^^^^^^^^^^^^^^^^^^^^^^^^^^^^^^^^^^^^^^^^^^^^^^^^^^
  File "C:\Users\Msi\AppData\Local\Programs\Python\Python311\Lib\site-packages\django\db\backends\base\operations.py", line 598, in adapt_json_value
    return json.dumps(value, cls=encoder)
           ^^^^^^^^^^^^^^^^^^^^^^^^^^^^^^
  File "C:\Users\Msi\AppData\Local\Programs\Python\Python311\Lib\json\__init__.py", line 231, in dumps
    return _default_encoder.encode(obj)
           ^^^^^^^^^^^^^^^^^^^^^^^^^^^^
  File "C:\Users\Msi\AppData\Local\Programs\Python\Python311\Lib\json\encoder.py", line 200, in encode
    chunks = self.iterencode(o, _one_shot=True)
             ^^^^^^^^^^^^^^^^^^^^^^^^^^^^^^^^^^
  File "C:\Users\Msi\AppData\Local\Programs\Python\Python311\Lib\json\encoder.py", line 258, in iterencode
    return _iterencode(o, 0)
           ^^^^^^^^^^^^^^^^^
  File "C:\Users\Msi\AppData\Local\Programs\Python\Python311\Lib\json\encoder.py", line 180, in default
    raise TypeError(f'Object of type {o.__class__.__name__} '
TypeError: Object of type datetime is not JSON serializable
2025-12-08 02:10:43,630 - INFO - HTTP Request: POST https://api.cerebras.ai/v1/chat/completions "HTTP/1.1 200 OK"
2025-12-08 02:10:43,632 - ERROR - Failed to ingest article https://safisud.com/2025/12/07/%d8%a7%d8%ae%d8%aa%d8%aa%d8%a7%d9%85-%d8%a7%d9%84%d8%ad%d8%af%d8%ab-%d8%a7%d9%84%d8%b9%d8%a7%d9%84%d9%85%d9%8a-%d8%a8%d9%85%d9%86%d8%aa%d8%ac%d8%b9-%d8%b1%d8%a7%d8%b3-%d8%a7%d9%84%d9%84%d9%81%d8%b9/
Traceback (most recent call last):
  File "C:\Users\Msi\AppData\Local\Programs\Python\Python311\Lib\site-packages\django\db\models\query.py", line 948, in get_or_create
    return self.get(**kwargs), False
           ^^^^^^^^^^^^^^^^^^
  File "C:\Users\Msi\AppData\Local\Programs\Python\Python311\Lib\site-packages\django\db\models\query.py", line 635, in get
    raise self.model.DoesNotExist(
monitoring.models.Mention.DoesNotExist: Mention matching query does not exist.

During handling of the above exception, another exception occurred:

Traceback (most recent call last):
  File "C:\Users\Msi\Desktop\Abdou_all_codes\media_monitoring\monitoring\services\ingestion.py", line 171, in ingest_latest_articles
    mention, created = Mention.objects.get_or_create(original_url=url, defaults=defaults)
                       ^^^^^^^^^^^^^^^^^^^^^^^^^^^^^^^^^^^^^^^^^^^^^^^^^^^^^^^^^^^^^^^^^^
  File "C:\Users\Msi\AppData\Local\Programs\Python\Python311\Lib\site-packages\django\db\models\manager.py", line 87, in manager_method
    return getattr(self.get_queryset(), name)(*args, **kwargs)
           ^^^^^^^^^^^^^^^^^^^^^^^^^^^^^^^^^^^^^^^^^^^^^^^^^^^
  File "C:\Users\Msi\AppData\Local\Programs\Python\Python311\Lib\site-packages\django\db\models\query.py", line 955, in get_or_create
    return self.create(**params), True
           ^^^^^^^^^^^^^^^^^^^^^
  File "C:\Users\Msi\AppData\Local\Programs\Python\Python311\Lib\site-packages\django\db\models\query.py", line 665, in create
    obj.save(force_insert=True, using=self.db)
  File "C:\Users\Msi\AppData\Local\Programs\Python\Python311\Lib\site-packages\django\db\models\base.py", line 902, in save
    self.save_base(
  File "C:\Users\Msi\AppData\Local\Programs\Python\Python311\Lib\site-packages\django\db\models\base.py", line 1008, in save_base
    updated = self._save_table(
              ^^^^^^^^^^^^^^^^^
  File "C:\Users\Msi\AppData\Local\Programs\Python\Python311\Lib\site-packages\django\db\models\base.py", line 1169, in _save_table
    results = self._do_insert(
              ^^^^^^^^^^^^^^^^
  File "C:\Users\Msi\AppData\Local\Programs\Python\Python311\Lib\site-packages\django\db\models\base.py", line 1210, in _do_insert
    return manager._insert(
           ^^^^^^^^^^^^^^^^
  File "C:\Users\Msi\AppData\Local\Programs\Python\Python311\Lib\site-packages\django\db\models\manager.py", line 87, in manager_method
    return getattr(self.get_queryset(), name)(*args, **kwargs)
           ^^^^^^^^^^^^^^^^^^^^^^^^^^^^^^^^^^^^^^^^^^^^^^^^^^^
  File "C:\Users\Msi\AppData\Local\Programs\Python\Python311\Lib\site-packages\django\db\models\query.py", line 1873, in _insert
    return query.get_compiler(using=using).execute_sql(returning_fields)
           ^^^^^^^^^^^^^^^^^^^^^^^^^^^^^^^^^^^^^^^^^^^^^^^^^^^^^^^^^^^^^
  File "C:\Users\Msi\AppData\Local\Programs\Python\Python311\Lib\site-packages\django\db\models\sql\compiler.py", line 1881, in execute_sql
    for sql, params in self.as_sql():
                       ^^^^^^^^^^^^^
  File "C:\Users\Msi\AppData\Local\Programs\Python\Python311\Lib\site-packages\django\db\models\sql\compiler.py", line 1804, in as_sql
    value_rows = [
                 ^
  File "C:\Users\Msi\AppData\Local\Programs\Python\Python311\Lib\site-packages\django\db\models\sql\compiler.py", line 1805, in <listcomp>
    [
  File "C:\Users\Msi\AppData\Local\Programs\Python\Python311\Lib\site-packages\django\db\models\sql\compiler.py", line 1806, in <listcomp>
    self.prepare_value(field, self.pre_save_val(field, obj))
  File "C:\Users\Msi\AppData\Local\Programs\Python\Python311\Lib\site-packages\django\db\models\sql\compiler.py", line 1741, in prepare_value
    return field.get_db_prep_save(value, connection=self.connection)
           ^^^^^^^^^^^^^^^^^^^^^^^^^^^^^^^^^^^^^^^^^^^^^^^^^^^^^^^^^
  File "C:\Users\Msi\AppData\Local\Programs\Python\Python311\Lib\site-packages\django\db\models\fields\json.py", line 118, in get_db_prep_save
    return super().get_db_prep_save(value, connection)
           ^^^^^^^^^^^^^^^^^^^^^^^^^^^^^^^^^^^^^^^^^^^
  File "C:\Users\Msi\AppData\Local\Programs\Python\Python311\Lib\site-packages\django\db\models\fields\__init__.py", line 1012, in get_db_prep_save
    return self.get_db_prep_value(value, connection=connection, prepared=False)
           ^^^^^^^^^^^^^^^^^^^^^^^^^^^^^^^^^^^^^^^^^^^^^^^^^^^^^^^^^^^^^^^^^^^^
  File "C:\Users\Msi\AppData\Local\Programs\Python\Python311\Lib\site-packages\django\db\models\fields\json.py", line 102, in get_db_prep_value
    return connection.ops.adapt_json_value(value, self.encoder)
           ^^^^^^^^^^^^^^^^^^^^^^^^^^^^^^^^^^^^^^^^^^^^^^^^^^^^
  File "C:\Users\Msi\AppData\Local\Programs\Python\Python311\Lib\site-packages\django\db\backends\base\operations.py", line 598, in adapt_json_value
    return json.dumps(value, cls=encoder)
           ^^^^^^^^^^^^^^^^^^^^^^^^^^^^^^
  File "C:\Users\Msi\AppData\Local\Programs\Python\Python311\Lib\json\__init__.py", line 231, in dumps
    return _default_encoder.encode(obj)
           ^^^^^^^^^^^^^^^^^^^^^^^^^^^^
  File "C:\Users\Msi\AppData\Local\Programs\Python\Python311\Lib\json\encoder.py", line 200, in encode
    chunks = self.iterencode(o, _one_shot=True)
             ^^^^^^^^^^^^^^^^^^^^^^^^^^^^^^^^^^
  File "C:\Users\Msi\AppData\Local\Programs\Python\Python311\Lib\json\encoder.py", line 258, in iterencode
    return _iterencode(o, 0)
           ^^^^^^^^^^^^^^^^^
  File "C:\Users\Msi\AppData\Local\Programs\Python\Python311\Lib\json\encoder.py", line 180, in default
    raise TypeError(f'Object of type {o.__class__.__name__} '
TypeError: Object of type datetime is not JSON serializable
2025-12-08 02:10:44,280 - INFO - HTTP Request: POST https://api.cerebras.ai/v1/chat/completions "HTTP/1.1 200 OK"
2025-12-08 02:10:44,282 - ERROR - Failed to ingest article https://safisud.com/2025/12/07/%d8%a3%d9%88%d9%84-%d8%b8%d9%87%d9%88%d8%b1-%d8%b1%d8%b3%d9%85%d9%8a-%d9%84%d9%84%d9%83%d8%a7%d8%aa%d8%a8-%d8%a7%d9%84%d8%b9%d8%a7%d9%85-%d8%a7%d9%84%d8%ac%d8%af%d9%8a%d8%af-%d9%84%d8%b9%d9%85%d8%a7/
Traceback (most recent call last):
  File "C:\Users\Msi\AppData\Local\Programs\Python\Python311\Lib\site-packages\django\db\models\query.py", line 948, in get_or_create
    return self.get(**kwargs), False
           ^^^^^^^^^^^^^^^^^^
  File "C:\Users\Msi\AppData\Local\Programs\Python\Python311\Lib\site-packages\django\db\models\query.py", line 635, in get
    raise self.model.DoesNotExist(
monitoring.models.Mention.DoesNotExist: Mention matching query does not exist.

During handling of the above exception, another exception occurred:

Traceback (most recent call last):
  File "C:\Users\Msi\Desktop\Abdou_all_codes\media_monitoring\monitoring\services\ingestion.py", line 171, in ingest_latest_articles
    mention, created = Mention.objects.get_or_create(original_url=url, defaults=defaults)
                       ^^^^^^^^^^^^^^^^^^^^^^^^^^^^^^^^^^^^^^^^^^^^^^^^^^^^^^^^^^^^^^^^^^
  File "C:\Users\Msi\AppData\Local\Programs\Python\Python311\Lib\site-packages\django\db\models\manager.py", line 87, in manager_method
    return getattr(self.get_queryset(), name)(*args, **kwargs)
           ^^^^^^^^^^^^^^^^^^^^^^^^^^^^^^^^^^^^^^^^^^^^^^^^^^^
  File "C:\Users\Msi\AppData\Local\Programs\Python\Python311\Lib\site-packages\django\db\models\query.py", line 955, in get_or_create
    return self.create(**params), True
           ^^^^^^^^^^^^^^^^^^^^^
  File "C:\Users\Msi\AppData\Local\Programs\Python\Python311\Lib\site-packages\django\db\models\query.py", line 665, in create
    obj.save(force_insert=True, using=self.db)
  File "C:\Users\Msi\AppData\Local\Programs\Python\Python311\Lib\site-packages\django\db\models\base.py", line 902, in save
    self.save_base(
  File "C:\Users\Msi\AppData\Local\Programs\Python\Python311\Lib\site-packages\django\db\models\base.py", line 1008, in save_base
    updated = self._save_table(
              ^^^^^^^^^^^^^^^^^
  File "C:\Users\Msi\AppData\Local\Programs\Python\Python311\Lib\site-packages\django\db\models\base.py", line 1169, in _save_table
    results = self._do_insert(
              ^^^^^^^^^^^^^^^^
  File "C:\Users\Msi\AppData\Local\Programs\Python\Python311\Lib\site-packages\django\db\models\base.py", line 1210, in _do_insert
    return manager._insert(
           ^^^^^^^^^^^^^^^^
  File "C:\Users\Msi\AppData\Local\Programs\Python\Python311\Lib\site-packages\django\db\models\manager.py", line 87, in manager_method
    return getattr(self.get_queryset(), name)(*args, **kwargs)
           ^^^^^^^^^^^^^^^^^^^^^^^^^^^^^^^^^^^^^^^^^^^^^^^^^^^
  File "C:\Users\Msi\AppData\Local\Programs\Python\Python311\Lib\site-packages\django\db\models\query.py", line 1873, in _insert
    return query.get_compiler(using=using).execute_sql(returning_fields)
           ^^^^^^^^^^^^^^^^^^^^^^^^^^^^^^^^^^^^^^^^^^^^^^^^^^^^^^^^^^^^^
  File "C:\Users\Msi\AppData\Local\Programs\Python\Python311\Lib\site-packages\django\db\models\sql\compiler.py", line 1881, in execute_sql
    for sql, params in self.as_sql():
                       ^^^^^^^^^^^^^
  File "C:\Users\Msi\AppData\Local\Programs\Python\Python311\Lib\site-packages\django\db\models\sql\compiler.py", line 1804, in as_sql
    value_rows = [
                 ^
  File "C:\Users\Msi\AppData\Local\Programs\Python\Python311\Lib\site-packages\django\db\models\sql\compiler.py", line 1805, in <listcomp>
    [
  File "C:\Users\Msi\AppData\Local\Programs\Python\Python311\Lib\site-packages\django\db\models\sql\compiler.py", line 1806, in <listcomp>
    self.prepare_value(field, self.pre_save_val(field, obj))
  File "C:\Users\Msi\AppData\Local\Programs\Python\Python311\Lib\site-packages\django\db\models\sql\compiler.py", line 1741, in prepare_value
    return field.get_db_prep_save(value, connection=self.connection)
           ^^^^^^^^^^^^^^^^^^^^^^^^^^^^^^^^^^^^^^^^^^^^^^^^^^^^^^^^^
  File "C:\Users\Msi\AppData\Local\Programs\Python\Python311\Lib\site-packages\django\db\models\fields\json.py", line 118, in get_db_prep_save
    return super().get_db_prep_save(value, connection)
           ^^^^^^^^^^^^^^^^^^^^^^^^^^^^^^^^^^^^^^^^^^^
  File "C:\Users\Msi\AppData\Local\Programs\Python\Python311\Lib\site-packages\django\db\models\fields\__init__.py", line 1012, in get_db_prep_save
    return self.get_db_prep_value(value, connection=connection, prepared=False)
           ^^^^^^^^^^^^^^^^^^^^^^^^^^^^^^^^^^^^^^^^^^^^^^^^^^^^^^^^^^^^^^^^^^^^
  File "C:\Users\Msi\AppData\Local\Programs\Python\Python311\Lib\site-packages\django\db\models\fields\json.py", line 102, in get_db_prep_value
    return connection.ops.adapt_json_value(value, self.encoder)
           ^^^^^^^^^^^^^^^^^^^^^^^^^^^^^^^^^^^^^^^^^^^^^^^^^^^^
  File "C:\Users\Msi\AppData\Local\Programs\Python\Python311\Lib\site-packages\django\db\backends\base\operations.py", line 598, in adapt_json_value
    return json.dumps(value, cls=encoder)
           ^^^^^^^^^^^^^^^^^^^^^^^^^^^^^^
  File "C:\Users\Msi\AppData\Local\Programs\Python\Python311\Lib\json\__init__.py", line 231, in dumps
    return _default_encoder.encode(obj)
           ^^^^^^^^^^^^^^^^^^^^^^^^^^^^
  File "C:\Users\Msi\AppData\Local\Programs\Python\Python311\Lib\json\encoder.py", line 200, in encode
    chunks = self.iterencode(o, _one_shot=True)
             ^^^^^^^^^^^^^^^^^^^^^^^^^^^^^^^^^^
  File "C:\Users\Msi\AppData\Local\Programs\Python\Python311\Lib\json\encoder.py", line 258, in iterencode
    return _iterencode(o, 0)
           ^^^^^^^^^^^^^^^^^
  File "C:\Users\Msi\AppData\Local\Programs\Python\Python311\Lib\json\encoder.py", line 180, in default
    raise TypeError(f'Object of type {o.__class__.__name__} '
TypeError: Object of type datetime is not JSON serializable
2025-12-08 02:10:45,221 - INFO - HTTP Request: POST https://api.cerebras.ai/v1/chat/completions "HTTP/1.1 200 OK"
2025-12-08 02:10:45,233 - ERROR - Failed to ingest article https://safisud.com/2025/12/07/%d8%a7%d9%84%d8%af%d8%b1%d9%83-%d8%a7%d9%84%d9%85%d9%84%d9%83%d9%8a-%d8%a8%d9%85%d8%b1%d9%83%d8%b2-%d8%a8%d9%88%da%af%d8%af%d8%b1%d8%a9-%d9%8a%d8%af%d8%a7%d9%87%d9%85-%d8%a3%d8%ad%d8%af/
Traceback (most recent call last):
  File "C:\Users\Msi\AppData\Local\Programs\Python\Python311\Lib\site-packages\django\db\models\query.py", line 948, in get_or_create
    return self.get(**kwargs), False
           ^^^^^^^^^^^^^^^^^^
  File "C:\Users\Msi\AppData\Local\Programs\Python\Python311\Lib\site-packages\django\db\models\query.py", line 635, in get
    raise self.model.DoesNotExist(
monitoring.models.Mention.DoesNotExist: Mention matching query does not exist.

During handling of the above exception, another exception occurred:

Traceback (most recent call last):
  File "C:\Users\Msi\Desktop\Abdou_all_codes\media_monitoring\monitoring\services\ingestion.py", line 171, in ingest_latest_articles
    mention, created = Mention.objects.get_or_create(original_url=url, defaults=defaults)
                       ^^^^^^^^^^^^^^^^^^^^^^^^^^^^^^^^^^^^^^^^^^^^^^^^^^^^^^^^^^^^^^^^^^
  File "C:\Users\Msi\AppData\Local\Programs\Python\Python311\Lib\site-packages\django\db\models\manager.py", line 87, in manager_method
    return getattr(self.get_queryset(), name)(*args, **kwargs)
           ^^^^^^^^^^^^^^^^^^^^^^^^^^^^^^^^^^^^^^^^^^^^^^^^^^^
  File "C:\Users\Msi\AppData\Local\Programs\Python\Python311\Lib\site-packages\django\db\models\query.py", line 955, in get_or_create
    return self.create(**params), True
           ^^^^^^^^^^^^^^^^^^^^^
  File "C:\Users\Msi\AppData\Local\Programs\Python\Python311\Lib\site-packages\django\db\models\query.py", line 665, in create
    obj.save(force_insert=True, using=self.db)
  File "C:\Users\Msi\AppData\Local\Programs\Python\Python311\Lib\site-packages\django\db\models\base.py", line 902, in save
    self.save_base(
  File "C:\Users\Msi\AppData\Local\Programs\Python\Python311\Lib\site-packages\django\db\models\base.py", line 1008, in save_base
    updated = self._save_table(
              ^^^^^^^^^^^^^^^^^
  File "C:\Users\Msi\AppData\Local\Programs\Python\Python311\Lib\site-packages\django\db\models\base.py", line 1169, in _save_table
    results = self._do_insert(
              ^^^^^^^^^^^^^^^^
  File "C:\Users\Msi\AppData\Local\Programs\Python\Python311\Lib\site-packages\django\db\models\base.py", line 1210, in _do_insert
    return manager._insert(
           ^^^^^^^^^^^^^^^^
  File "C:\Users\Msi\AppData\Local\Programs\Python\Python311\Lib\site-packages\django\db\models\manager.py", line 87, in manager_method
    return getattr(self.get_queryset(), name)(*args, **kwargs)
           ^^^^^^^^^^^^^^^^^^^^^^^^^^^^^^^^^^^^^^^^^^^^^^^^^^^
  File "C:\Users\Msi\AppData\Local\Programs\Python\Python311\Lib\site-packages\django\db\models\query.py", line 1873, in _insert
    return query.get_compiler(using=using).execute_sql(returning_fields)
           ^^^^^^^^^^^^^^^^^^^^^^^^^^^^^^^^^^^^^^^^^^^^^^^^^^^^^^^^^^^^^
  File "C:\Users\Msi\AppData\Local\Programs\Python\Python311\Lib\site-packages\django\db\models\sql\compiler.py", line 1881, in execute_sql
    for sql, params in self.as_sql():
                       ^^^^^^^^^^^^^
  File "C:\Users\Msi\AppData\Local\Programs\Python\Python311\Lib\site-packages\django\db\models\sql\compiler.py", line 1804, in as_sql
    value_rows = [
                 ^
  File "C:\Users\Msi\AppData\Local\Programs\Python\Python311\Lib\site-packages\django\db\models\sql\compiler.py", line 1805, in <listcomp>
    [
  File "C:\Users\Msi\AppData\Local\Programs\Python\Python311\Lib\site-packages\django\db\models\sql\compiler.py", line 1806, in <listcomp>
    self.prepare_value(field, self.pre_save_val(field, obj))
  File "C:\Users\Msi\AppData\Local\Programs\Python\Python311\Lib\site-packages\django\db\models\sql\compiler.py", line 1741, in prepare_value
    return field.get_db_prep_save(value, connection=self.connection)
           ^^^^^^^^^^^^^^^^^^^^^^^^^^^^^^^^^^^^^^^^^^^^^^^^^^^^^^^^^
  File "C:\Users\Msi\AppData\Local\Programs\Python\Python311\Lib\site-packages\django\db\models\fields\json.py", line 118, in get_db_prep_save
    return super().get_db_prep_save(value, connection)
           ^^^^^^^^^^^^^^^^^^^^^^^^^^^^^^^^^^^^^^^^^^^
  File "C:\Users\Msi\AppData\Local\Programs\Python\Python311\Lib\site-packages\django\db\models\fields\__init__.py", line 1012, in get_db_prep_save
    return self.get_db_prep_value(value, connection=connection, prepared=False)
           ^^^^^^^^^^^^^^^^^^^^^^^^^^^^^^^^^^^^^^^^^^^^^^^^^^^^^^^^^^^^^^^^^^^^
  File "C:\Users\Msi\AppData\Local\Programs\Python\Python311\Lib\site-packages\django\db\models\fields\json.py", line 102, in get_db_prep_value
    return connection.ops.adapt_json_value(value, self.encoder)
           ^^^^^^^^^^^^^^^^^^^^^^^^^^^^^^^^^^^^^^^^^^^^^^^^^^^^
  File "C:\Users\Msi\AppData\Local\Programs\Python\Python311\Lib\site-packages\django\db\backends\base\operations.py", line 598, in adapt_json_value
    return json.dumps(value, cls=encoder)
           ^^^^^^^^^^^^^^^^^^^^^^^^^^^^^^
  File "C:\Users\Msi\AppData\Local\Programs\Python\Python311\Lib\json\__init__.py", line 231, in dumps
    return _default_encoder.encode(obj)
           ^^^^^^^^^^^^^^^^^^^^^^^^^^^^
  File "C:\Users\Msi\AppData\Local\Programs\Python\Python311\Lib\json\encoder.py", line 200, in encode
    chunks = self.iterencode(o, _one_shot=True)
             ^^^^^^^^^^^^^^^^^^^^^^^^^^^^^^^^^^
  File "C:\Users\Msi\AppData\Local\Programs\Python\Python311\Lib\json\encoder.py", line 258, in iterencode
    return _iterencode(o, 0)
           ^^^^^^^^^^^^^^^^^
  File "C:\Users\Msi\AppData\Local\Programs\Python\Python311\Lib\json\encoder.py", line 180, in default
    raise TypeError(f'Object of type {o.__class__.__name__} '
TypeError: Object of type datetime is not JSON serializable
2025-12-08 02:10:45,860 - INFO - HTTP Request: POST https://api.cerebras.ai/v1/chat/completions "HTTP/1.1 200 OK"
2025-12-08 02:10:45,865 - ERROR - Failed to ingest article https://www.hespress.com/%d8%aa%d9%82%d8%b1%d9%8a%d8%b1-%d8%a7%d9%84%d8%a5%d9%8a%d8%b1%d8%a7%d8%af%d8%a7%d8%aa-%d8%a7%d9%84%d8%ac%d8%a8%d8%a7%d8%a6%d9%8a%d8%a9-%d8%aa%d9%82%d9%88%d9%8a-%d8%a7%d9%84%d9%82%d8%af%d8%b1%d8%a9-1667590.html
Traceback (most recent call last):
  File "C:\Users\Msi\AppData\Local\Programs\Python\Python311\Lib\site-packages\django\db\models\query.py", line 948, in get_or_create
    return self.get(**kwargs), False
           ^^^^^^^^^^^^^^^^^^
  File "C:\Users\Msi\AppData\Local\Programs\Python\Python311\Lib\site-packages\django\db\models\query.py", line 635, in get
    raise self.model.DoesNotExist(
monitoring.models.Mention.DoesNotExist: Mention matching query does not exist.

During handling of the above exception, another exception occurred:

Traceback (most recent call last):
  File "C:\Users\Msi\Desktop\Abdou_all_codes\media_monitoring\monitoring\services\ingestion.py", line 171, in ingest_latest_articles
    mention, created = Mention.objects.get_or_create(original_url=url, defaults=defaults)
                       ^^^^^^^^^^^^^^^^^^^^^^^^^^^^^^^^^^^^^^^^^^^^^^^^^^^^^^^^^^^^^^^^^^
  File "C:\Users\Msi\AppData\Local\Programs\Python\Python311\Lib\site-packages\django\db\models\manager.py", line 87, in manager_method
    return getattr(self.get_queryset(), name)(*args, **kwargs)
           ^^^^^^^^^^^^^^^^^^^^^^^^^^^^^^^^^^^^^^^^^^^^^^^^^^^
  File "C:\Users\Msi\AppData\Local\Programs\Python\Python311\Lib\site-packages\django\db\models\query.py", line 955, in get_or_create
    return self.create(**params), True
           ^^^^^^^^^^^^^^^^^^^^^
  File "C:\Users\Msi\AppData\Local\Programs\Python\Python311\Lib\site-packages\django\db\models\query.py", line 665, in create
    obj.save(force_insert=True, using=self.db)
  File "C:\Users\Msi\AppData\Local\Programs\Python\Python311\Lib\site-packages\django\db\models\base.py", line 902, in save
    self.save_base(
  File "C:\Users\Msi\AppData\Local\Programs\Python\Python311\Lib\site-packages\django\db\models\base.py", line 1008, in save_base
    updated = self._save_table(
              ^^^^^^^^^^^^^^^^^
  File "C:\Users\Msi\AppData\Local\Programs\Python\Python311\Lib\site-packages\django\db\models\base.py", line 1169, in _save_table
    results = self._do_insert(
              ^^^^^^^^^^^^^^^^
  File "C:\Users\Msi\AppData\Local\Programs\Python\Python311\Lib\site-packages\django\db\models\base.py", line 1210, in _do_insert
    return manager._insert(
           ^^^^^^^^^^^^^^^^
  File "C:\Users\Msi\AppData\Local\Programs\Python\Python311\Lib\site-packages\django\db\models\manager.py", line 87, in manager_method
    return getattr(self.get_queryset(), name)(*args, **kwargs)
           ^^^^^^^^^^^^^^^^^^^^^^^^^^^^^^^^^^^^^^^^^^^^^^^^^^^
  File "C:\Users\Msi\AppData\Local\Programs\Python\Python311\Lib\site-packages\django\db\models\query.py", line 1873, in _insert
    return query.get_compiler(using=using).execute_sql(returning_fields)
           ^^^^^^^^^^^^^^^^^^^^^^^^^^^^^^^^^^^^^^^^^^^^^^^^^^^^^^^^^^^^^
  File "C:\Users\Msi\AppData\Local\Programs\Python\Python311\Lib\site-packages\django\db\models\sql\compiler.py", line 1881, in execute_sql
    for sql, params in self.as_sql():
                       ^^^^^^^^^^^^^
  File "C:\Users\Msi\AppData\Local\Programs\Python\Python311\Lib\site-packages\django\db\models\sql\compiler.py", line 1804, in as_sql
    value_rows = [
                 ^
  File "C:\Users\Msi\AppData\Local\Programs\Python\Python311\Lib\site-packages\django\db\models\sql\compiler.py", line 1805, in <listcomp>
    [
  File "C:\Users\Msi\AppData\Local\Programs\Python\Python311\Lib\site-packages\django\db\models\sql\compiler.py", line 1806, in <listcomp>
    self.prepare_value(field, self.pre_save_val(field, obj))
  File "C:\Users\Msi\AppData\Local\Programs\Python\Python311\Lib\site-packages\django\db\models\sql\compiler.py", line 1741, in prepare_value
    return field.get_db_prep_save(value, connection=self.connection)
           ^^^^^^^^^^^^^^^^^^^^^^^^^^^^^^^^^^^^^^^^^^^^^^^^^^^^^^^^^
  File "C:\Users\Msi\AppData\Local\Programs\Python\Python311\Lib\site-packages\django\db\models\fields\json.py", line 118, in get_db_prep_save
    return super().get_db_prep_save(value, connection)
           ^^^^^^^^^^^^^^^^^^^^^^^^^^^^^^^^^^^^^^^^^^^
  File "C:\Users\Msi\AppData\Local\Programs\Python\Python311\Lib\site-packages\django\db\models\fields\__init__.py", line 1012, in get_db_prep_save
    return self.get_db_prep_value(value, connection=connection, prepared=False)
           ^^^^^^^^^^^^^^^^^^^^^^^^^^^^^^^^^^^^^^^^^^^^^^^^^^^^^^^^^^^^^^^^^^^^
  File "C:\Users\Msi\AppData\Local\Programs\Python\Python311\Lib\site-packages\django\db\models\fields\json.py", line 102, in get_db_prep_value
    return connection.ops.adapt_json_value(value, self.encoder)
           ^^^^^^^^^^^^^^^^^^^^^^^^^^^^^^^^^^^^^^^^^^^^^^^^^^^^
  File "C:\Users\Msi\AppData\Local\Programs\Python\Python311\Lib\site-packages\django\db\backends\base\operations.py", line 598, in adapt_json_value
    return json.dumps(value, cls=encoder)
           ^^^^^^^^^^^^^^^^^^^^^^^^^^^^^^
  File "C:\Users\Msi\AppData\Local\Programs\Python\Python311\Lib\json\__init__.py", line 231, in dumps
    return _default_encoder.encode(obj)
           ^^^^^^^^^^^^^^^^^^^^^^^^^^^^
  File "C:\Users\Msi\AppData\Local\Programs\Python\Python311\Lib\json\encoder.py", line 200, in encode
    chunks = self.iterencode(o, _one_shot=True)
             ^^^^^^^^^^^^^^^^^^^^^^^^^^^^^^^^^^
  File "C:\Users\Msi\AppData\Local\Programs\Python\Python311\Lib\json\encoder.py", line 258, in iterencode
    return _iterencode(o, 0)
           ^^^^^^^^^^^^^^^^^
  File "C:\Users\Msi\AppData\Local\Programs\Python\Python311\Lib\json\encoder.py", line 180, in default
    raise TypeError(f'Object of type {o.__class__.__name__} '
TypeError: Object of type datetime is not JSON serializable
2025-12-08 02:10:46,829 - INFO - HTTP Request: POST https://api.cerebras.ai/v1/chat/completions "HTTP/1.1 200 OK"
2025-12-08 02:10:46,838 - ERROR - Failed to ingest article https://www.hespress.com/%d9%85%d8%ac%d9%86%d9%88%d9%86-%d9%85%d9%86-%d8%a7%d9%84%d9%82%d9%8a%d8%af-%d8%a7%d9%84%d8%b6%d8%ad%d9%83-%d9%8a%d8%aa%d8%ad%d9%88%d9%84-%d8%a5%d9%84%d9%89-%d8%b3%d9%84%d8%a7%d8%ad-%d9%84%d9%84-1666776.html
Traceback (most recent call last):
  File "C:\Users\Msi\AppData\Local\Programs\Python\Python311\Lib\site-packages\django\db\models\query.py", line 948, in get_or_create
    return self.get(**kwargs), False
           ^^^^^^^^^^^^^^^^^^
  File "C:\Users\Msi\AppData\Local\Programs\Python\Python311\Lib\site-packages\django\db\models\query.py", line 635, in get
    raise self.model.DoesNotExist(
monitoring.models.Mention.DoesNotExist: Mention matching query does not exist.

During handling of the above exception, another exception occurred:

Traceback (most recent call last):
  File "C:\Users\Msi\Desktop\Abdou_all_codes\media_monitoring\monitoring\services\ingestion.py", line 171, in ingest_latest_articles
    mention, created = Mention.objects.get_or_create(original_url=url, defaults=defaults)
                       ^^^^^^^^^^^^^^^^^^^^^^^^^^^^^^^^^^^^^^^^^^^^^^^^^^^^^^^^^^^^^^^^^^
  File "C:\Users\Msi\AppData\Local\Programs\Python\Python311\Lib\site-packages\django\db\models\manager.py", line 87, in manager_method
    return getattr(self.get_queryset(), name)(*args, **kwargs)
           ^^^^^^^^^^^^^^^^^^^^^^^^^^^^^^^^^^^^^^^^^^^^^^^^^^^
  File "C:\Users\Msi\AppData\Local\Programs\Python\Python311\Lib\site-packages\django\db\models\query.py", line 955, in get_or_create
    return self.create(**params), True
           ^^^^^^^^^^^^^^^^^^^^^
  File "C:\Users\Msi\AppData\Local\Programs\Python\Python311\Lib\site-packages\django\db\models\query.py", line 665, in create
    obj.save(force_insert=True, using=self.db)
  File "C:\Users\Msi\AppData\Local\Programs\Python\Python311\Lib\site-packages\django\db\models\base.py", line 902, in save
    self.save_base(
  File "C:\Users\Msi\AppData\Local\Programs\Python\Python311\Lib\site-packages\django\db\models\base.py", line 1008, in save_base
    updated = self._save_table(
              ^^^^^^^^^^^^^^^^^
  File "C:\Users\Msi\AppData\Local\Programs\Python\Python311\Lib\site-packages\django\db\models\base.py", line 1169, in _save_table
    results = self._do_insert(
              ^^^^^^^^^^^^^^^^
  File "C:\Users\Msi\AppData\Local\Programs\Python\Python311\Lib\site-packages\django\db\models\base.py", line 1210, in _do_insert
    return manager._insert(
           ^^^^^^^^^^^^^^^^
  File "C:\Users\Msi\AppData\Local\Programs\Python\Python311\Lib\site-packages\django\db\models\manager.py", line 87, in manager_method
    return getattr(self.get_queryset(), name)(*args, **kwargs)
           ^^^^^^^^^^^^^^^^^^^^^^^^^^^^^^^^^^^^^^^^^^^^^^^^^^^
  File "C:\Users\Msi\AppData\Local\Programs\Python\Python311\Lib\site-packages\django\db\models\query.py", line 1873, in _insert
    return query.get_compiler(using=using).execute_sql(returning_fields)
           ^^^^^^^^^^^^^^^^^^^^^^^^^^^^^^^^^^^^^^^^^^^^^^^^^^^^^^^^^^^^^
  File "C:\Users\Msi\AppData\Local\Programs\Python\Python311\Lib\site-packages\django\db\models\sql\compiler.py", line 1881, in execute_sql
    for sql, params in self.as_sql():
                       ^^^^^^^^^^^^^
  File "C:\Users\Msi\AppData\Local\Programs\Python\Python311\Lib\site-packages\django\db\models\sql\compiler.py", line 1804, in as_sql
    value_rows = [
                 ^
  File "C:\Users\Msi\AppData\Local\Programs\Python\Python311\Lib\site-packages\django\db\models\sql\compiler.py", line 1805, in <listcomp>
    [
  File "C:\Users\Msi\AppData\Local\Programs\Python\Python311\Lib\site-packages\django\db\models\sql\compiler.py", line 1806, in <listcomp>
    self.prepare_value(field, self.pre_save_val(field, obj))
  File "C:\Users\Msi\AppData\Local\Programs\Python\Python311\Lib\site-packages\django\db\models\sql\compiler.py", line 1741, in prepare_value
    return field.get_db_prep_save(value, connection=self.connection)
           ^^^^^^^^^^^^^^^^^^^^^^^^^^^^^^^^^^^^^^^^^^^^^^^^^^^^^^^^^
  File "C:\Users\Msi\AppData\Local\Programs\Python\Python311\Lib\site-packages\django\db\models\fields\json.py", line 118, in get_db_prep_save
    return super().get_db_prep_save(value, connection)
           ^^^^^^^^^^^^^^^^^^^^^^^^^^^^^^^^^^^^^^^^^^^
  File "C:\Users\Msi\AppData\Local\Programs\Python\Python311\Lib\site-packages\django\db\models\fields\__init__.py", line 1012, in get_db_prep_save
    return self.get_db_prep_value(value, connection=connection, prepared=False)
           ^^^^^^^^^^^^^^^^^^^^^^^^^^^^^^^^^^^^^^^^^^^^^^^^^^^^^^^^^^^^^^^^^^^^
  File "C:\Users\Msi\AppData\Local\Programs\Python\Python311\Lib\site-packages\django\db\models\fields\json.py", line 102, in get_db_prep_value
    return connection.ops.adapt_json_value(value, self.encoder)
           ^^^^^^^^^^^^^^^^^^^^^^^^^^^^^^^^^^^^^^^^^^^^^^^^^^^^
  File "C:\Users\Msi\AppData\Local\Programs\Python\Python311\Lib\site-packages\django\db\backends\base\operations.py", line 598, in adapt_json_value
    return json.dumps(value, cls=encoder)
           ^^^^^^^^^^^^^^^^^^^^^^^^^^^^^^
  File "C:\Users\Msi\AppData\Local\Programs\Python\Python311\Lib\json\__init__.py", line 231, in dumps
    return _default_encoder.encode(obj)
           ^^^^^^^^^^^^^^^^^^^^^^^^^^^^
  File "C:\Users\Msi\AppData\Local\Programs\Python\Python311\Lib\json\encoder.py", line 200, in encode
    chunks = self.iterencode(o, _one_shot=True)
             ^^^^^^^^^^^^^^^^^^^^^^^^^^^^^^^^^^
  File "C:\Users\Msi\AppData\Local\Programs\Python\Python311\Lib\json\encoder.py", line 258, in iterencode
    return _iterencode(o, 0)
           ^^^^^^^^^^^^^^^^^
  File "C:\Users\Msi\AppData\Local\Programs\Python\Python311\Lib\json\encoder.py", line 180, in default
    raise TypeError(f'Object of type {o.__class__.__name__} '
TypeError: Object of type datetime is not JSON serializable
2025-12-08 02:10:47,894 - INFO - HTTP Request: POST https://api.cerebras.ai/v1/chat/completions "HTTP/1.1 200 OK"
2025-12-08 02:10:47,897 - ERROR - Failed to ingest article https://www.hespress.com/%d8%a7%d9%84%d8%ad%d9%83%d9%88%d9%85%d8%a9-%d8%a7%d9%84%d9%81%d8%b1%d9%86%d8%b3%d9%8a%d8%a9-%d8%aa%d8%aa%d9%88%d9%82%d8%b9-%d8%a7%d8%b1%d8%aa%d9%81%d8%a7%d8%b9-%d8%a7%d9%84%d9%86%d9%85%d9%88-%d9%85-1667660.html
Traceback (most recent call last):
  File "C:\Users\Msi\AppData\Local\Programs\Python\Python311\Lib\site-packages\django\db\models\query.py", line 948, in get_or_create
    return self.get(**kwargs), False
           ^^^^^^^^^^^^^^^^^^
  File "C:\Users\Msi\AppData\Local\Programs\Python\Python311\Lib\site-packages\django\db\models\query.py", line 635, in get
    raise self.model.DoesNotExist(
monitoring.models.Mention.DoesNotExist: Mention matching query does not exist.

During handling of the above exception, another exception occurred:

Traceback (most recent call last):
  File "C:\Users\Msi\Desktop\Abdou_all_codes\media_monitoring\monitoring\services\ingestion.py", line 171, in ingest_latest_articles
    mention, created = Mention.objects.get_or_create(original_url=url, defaults=defaults)
                       ^^^^^^^^^^^^^^^^^^^^^^^^^^^^^^^^^^^^^^^^^^^^^^^^^^^^^^^^^^^^^^^^^^
  File "C:\Users\Msi\AppData\Local\Programs\Python\Python311\Lib\site-packages\django\db\models\manager.py", line 87, in manager_method
    return getattr(self.get_queryset(), name)(*args, **kwargs)
           ^^^^^^^^^^^^^^^^^^^^^^^^^^^^^^^^^^^^^^^^^^^^^^^^^^^
  File "C:\Users\Msi\AppData\Local\Programs\Python\Python311\Lib\site-packages\django\db\models\query.py", line 955, in get_or_create
    return self.create(**params), True
           ^^^^^^^^^^^^^^^^^^^^^
  File "C:\Users\Msi\AppData\Local\Programs\Python\Python311\Lib\site-packages\django\db\models\query.py", line 665, in create
    obj.save(force_insert=True, using=self.db)
  File "C:\Users\Msi\AppData\Local\Programs\Python\Python311\Lib\site-packages\django\db\models\base.py", line 902, in save
    self.save_base(
  File "C:\Users\Msi\AppData\Local\Programs\Python\Python311\Lib\site-packages\django\db\models\base.py", line 1008, in save_base
    updated = self._save_table(
              ^^^^^^^^^^^^^^^^^
  File "C:\Users\Msi\AppData\Local\Programs\Python\Python311\Lib\site-packages\django\db\models\base.py", line 1169, in _save_table
    results = self._do_insert(
              ^^^^^^^^^^^^^^^^
  File "C:\Users\Msi\AppData\Local\Programs\Python\Python311\Lib\site-packages\django\db\models\base.py", line 1210, in _do_insert
    return manager._insert(
           ^^^^^^^^^^^^^^^^
  File "C:\Users\Msi\AppData\Local\Programs\Python\Python311\Lib\site-packages\django\db\models\manager.py", line 87, in manager_method
    return getattr(self.get_queryset(), name)(*args, **kwargs)
           ^^^^^^^^^^^^^^^^^^^^^^^^^^^^^^^^^^^^^^^^^^^^^^^^^^^
  File "C:\Users\Msi\AppData\Local\Programs\Python\Python311\Lib\site-packages\django\db\models\query.py", line 1873, in _insert
    return query.get_compiler(using=using).execute_sql(returning_fields)
           ^^^^^^^^^^^^^^^^^^^^^^^^^^^^^^^^^^^^^^^^^^^^^^^^^^^^^^^^^^^^^
  File "C:\Users\Msi\AppData\Local\Programs\Python\Python311\Lib\site-packages\django\db\models\sql\compiler.py", line 1881, in execute_sql
    for sql, params in self.as_sql():
                       ^^^^^^^^^^^^^
  File "C:\Users\Msi\AppData\Local\Programs\Python\Python311\Lib\site-packages\django\db\models\sql\compiler.py", line 1804, in as_sql
    value_rows = [
                 ^
  File "C:\Users\Msi\AppData\Local\Programs\Python\Python311\Lib\site-packages\django\db\models\sql\compiler.py", line 1805, in <listcomp>
    [
  File "C:\Users\Msi\AppData\Local\Programs\Python\Python311\Lib\site-packages\django\db\models\sql\compiler.py", line 1806, in <listcomp>
    self.prepare_value(field, self.pre_save_val(field, obj))
  File "C:\Users\Msi\AppData\Local\Programs\Python\Python311\Lib\site-packages\django\db\models\sql\compiler.py", line 1741, in prepare_value
    return field.get_db_prep_save(value, connection=self.connection)
           ^^^^^^^^^^^^^^^^^^^^^^^^^^^^^^^^^^^^^^^^^^^^^^^^^^^^^^^^^
  File "C:\Users\Msi\AppData\Local\Programs\Python\Python311\Lib\site-packages\django\db\models\fields\json.py", line 118, in get_db_prep_save
    return super().get_db_prep_save(value, connection)
           ^^^^^^^^^^^^^^^^^^^^^^^^^^^^^^^^^^^^^^^^^^^
  File "C:\Users\Msi\AppData\Local\Programs\Python\Python311\Lib\site-packages\django\db\models\fields\__init__.py", line 1012, in get_db_prep_save
    return self.get_db_prep_value(value, connection=connection, prepared=False)
           ^^^^^^^^^^^^^^^^^^^^^^^^^^^^^^^^^^^^^^^^^^^^^^^^^^^^^^^^^^^^^^^^^^^^
  File "C:\Users\Msi\AppData\Local\Programs\Python\Python311\Lib\site-packages\django\db\models\fields\json.py", line 102, in get_db_prep_value
    return connection.ops.adapt_json_value(value, self.encoder)
           ^^^^^^^^^^^^^^^^^^^^^^^^^^^^^^^^^^^^^^^^^^^^^^^^^^^^
  File "C:\Users\Msi\AppData\Local\Programs\Python\Python311\Lib\site-packages\django\db\backends\base\operations.py", line 598, in adapt_json_value
    return json.dumps(value, cls=encoder)
           ^^^^^^^^^^^^^^^^^^^^^^^^^^^^^^
  File "C:\Users\Msi\AppData\Local\Programs\Python\Python311\Lib\json\__init__.py", line 231, in dumps
    return _default_encoder.encode(obj)
           ^^^^^^^^^^^^^^^^^^^^^^^^^^^^
  File "C:\Users\Msi\AppData\Local\Programs\Python\Python311\Lib\json\encoder.py", line 200, in encode
    chunks = self.iterencode(o, _one_shot=True)
             ^^^^^^^^^^^^^^^^^^^^^^^^^^^^^^^^^^
  File "C:\Users\Msi\AppData\Local\Programs\Python\Python311\Lib\json\encoder.py", line 258, in iterencode
    return _iterencode(o, 0)
           ^^^^^^^^^^^^^^^^^
  File "C:\Users\Msi\AppData\Local\Programs\Python\Python311\Lib\json\encoder.py", line 180, in default
    raise TypeError(f'Object of type {o.__class__.__name__} '
TypeError: Object of type datetime is not JSON serializable
2025-12-08 02:10:48,748 - INFO - HTTP Request: POST https://api.cerebras.ai/v1/chat/completions "HTTP/1.1 200 OK"
2025-12-08 02:10:48,752 - ERROR - Failed to ingest article https://www.hespress.com/%d8%a7%d9%84%d8%aa%d9%88%d8%aa%d8%b1%d8%a7%d8%aa-%d8%a7%d9%84%d8%b3%d9%8a%d8%a7%d8%b3%d9%8a%d8%a9-%d8%a7%d9%84%d8%af%d8%a7%d8%ae%d9%84%d9%8a%d8%a9-%d9%81%d9%8a-%d8%a5%d8%b3%d8%a8%d8%a7%d9%86%d9%8a-1667668.html
Traceback (most recent call last):
  File "C:\Users\Msi\AppData\Local\Programs\Python\Python311\Lib\site-packages\django\db\models\query.py", line 948, in get_or_create
    return self.get(**kwargs), False
           ^^^^^^^^^^^^^^^^^^
  File "C:\Users\Msi\AppData\Local\Programs\Python\Python311\Lib\site-packages\django\db\models\query.py", line 635, in get
    raise self.model.DoesNotExist(
monitoring.models.Mention.DoesNotExist: Mention matching query does not exist.

During handling of the above exception, another exception occurred:

Traceback (most recent call last):
  File "C:\Users\Msi\Desktop\Abdou_all_codes\media_monitoring\monitoring\services\ingestion.py", line 171, in ingest_latest_articles
    mention, created = Mention.objects.get_or_create(original_url=url, defaults=defaults)
                       ^^^^^^^^^^^^^^^^^^^^^^^^^^^^^^^^^^^^^^^^^^^^^^^^^^^^^^^^^^^^^^^^^^
  File "C:\Users\Msi\AppData\Local\Programs\Python\Python311\Lib\site-packages\django\db\models\manager.py", line 87, in manager_method
    return getattr(self.get_queryset(), name)(*args, **kwargs)
           ^^^^^^^^^^^^^^^^^^^^^^^^^^^^^^^^^^^^^^^^^^^^^^^^^^^
  File "C:\Users\Msi\AppData\Local\Programs\Python\Python311\Lib\site-packages\django\db\models\query.py", line 955, in get_or_create
    return self.create(**params), True
           ^^^^^^^^^^^^^^^^^^^^^
  File "C:\Users\Msi\AppData\Local\Programs\Python\Python311\Lib\site-packages\django\db\models\query.py", line 665, in create
    obj.save(force_insert=True, using=self.db)
  File "C:\Users\Msi\AppData\Local\Programs\Python\Python311\Lib\site-packages\django\db\models\base.py", line 902, in save
    self.save_base(
  File "C:\Users\Msi\AppData\Local\Programs\Python\Python311\Lib\site-packages\django\db\models\base.py", line 1008, in save_base
    updated = self._save_table(
              ^^^^^^^^^^^^^^^^^
  File "C:\Users\Msi\AppData\Local\Programs\Python\Python311\Lib\site-packages\django\db\models\base.py", line 1169, in _save_table
    results = self._do_insert(
              ^^^^^^^^^^^^^^^^
  File "C:\Users\Msi\AppData\Local\Programs\Python\Python311\Lib\site-packages\django\db\models\base.py", line 1210, in _do_insert
    return manager._insert(
           ^^^^^^^^^^^^^^^^
  File "C:\Users\Msi\AppData\Local\Programs\Python\Python311\Lib\site-packages\django\db\models\manager.py", line 87, in manager_method
    return getattr(self.get_queryset(), name)(*args, **kwargs)
           ^^^^^^^^^^^^^^^^^^^^^^^^^^^^^^^^^^^^^^^^^^^^^^^^^^^
  File "C:\Users\Msi\AppData\Local\Programs\Python\Python311\Lib\site-packages\django\db\models\query.py", line 1873, in _insert
    return query.get_compiler(using=using).execute_sql(returning_fields)
           ^^^^^^^^^^^^^^^^^^^^^^^^^^^^^^^^^^^^^^^^^^^^^^^^^^^^^^^^^^^^^
  File "C:\Users\Msi\AppData\Local\Programs\Python\Python311\Lib\site-packages\django\db\models\sql\compiler.py", line 1881, in execute_sql
    for sql, params in self.as_sql():
                       ^^^^^^^^^^^^^
  File "C:\Users\Msi\AppData\Local\Programs\Python\Python311\Lib\site-packages\django\db\models\sql\compiler.py", line 1804, in as_sql
    value_rows = [
                 ^
  File "C:\Users\Msi\AppData\Local\Programs\Python\Python311\Lib\site-packages\django\db\models\sql\compiler.py", line 1805, in <listcomp>
    [
  File "C:\Users\Msi\AppData\Local\Programs\Python\Python311\Lib\site-packages\django\db\models\sql\compiler.py", line 1806, in <listcomp>
    self.prepare_value(field, self.pre_save_val(field, obj))
  File "C:\Users\Msi\AppData\Local\Programs\Python\Python311\Lib\site-packages\django\db\models\sql\compiler.py", line 1741, in prepare_value
    return field.get_db_prep_save(value, connection=self.connection)
           ^^^^^^^^^^^^^^^^^^^^^^^^^^^^^^^^^^^^^^^^^^^^^^^^^^^^^^^^^
  File "C:\Users\Msi\AppData\Local\Programs\Python\Python311\Lib\site-packages\django\db\models\fields\json.py", line 118, in get_db_prep_save
    return super().get_db_prep_save(value, connection)
           ^^^^^^^^^^^^^^^^^^^^^^^^^^^^^^^^^^^^^^^^^^^
  File "C:\Users\Msi\AppData\Local\Programs\Python\Python311\Lib\site-packages\django\db\models\fields\__init__.py", line 1012, in get_db_prep_save
    return self.get_db_prep_value(value, connection=connection, prepared=False)
           ^^^^^^^^^^^^^^^^^^^^^^^^^^^^^^^^^^^^^^^^^^^^^^^^^^^^^^^^^^^^^^^^^^^^
  File "C:\Users\Msi\AppData\Local\Programs\Python\Python311\Lib\site-packages\django\db\models\fields\json.py", line 102, in get_db_prep_value
    return connection.ops.adapt_json_value(value, self.encoder)
           ^^^^^^^^^^^^^^^^^^^^^^^^^^^^^^^^^^^^^^^^^^^^^^^^^^^^
  File "C:\Users\Msi\AppData\Local\Programs\Python\Python311\Lib\site-packages\django\db\backends\base\operations.py", line 598, in adapt_json_value
    return json.dumps(value, cls=encoder)
           ^^^^^^^^^^^^^^^^^^^^^^^^^^^^^^
  File "C:\Users\Msi\AppData\Local\Programs\Python\Python311\Lib\json\__init__.py", line 231, in dumps
    return _default_encoder.encode(obj)
           ^^^^^^^^^^^^^^^^^^^^^^^^^^^^
  File "C:\Users\Msi\AppData\Local\Programs\Python\Python311\Lib\json\encoder.py", line 200, in encode
    chunks = self.iterencode(o, _one_shot=True)
             ^^^^^^^^^^^^^^^^^^^^^^^^^^^^^^^^^^
  File "C:\Users\Msi\AppData\Local\Programs\Python\Python311\Lib\json\encoder.py", line 258, in iterencode
    return _iterencode(o, 0)
           ^^^^^^^^^^^^^^^^^
  File "C:\Users\Msi\AppData\Local\Programs\Python\Python311\Lib\json\encoder.py", line 180, in default
    raise TypeError(f'Object of type {o.__class__.__name__} '
TypeError: Object of type datetime is not JSON serializable
2025-12-08 02:10:50,110 - INFO - HTTP Request: POST https://api.cerebras.ai/v1/chat/completions "HTTP/1.1 200 OK"
2025-12-08 02:10:50,112 - ERROR - Failed to ingest article https://www.hespress.com/%d8%b1%d8%b5%d9%8a%d9%81-%d8%a7%d9%84%d8%b5%d8%ad%d8%a7%d9%81%d8%a9-%d8%aa%d8%b9%d8%b2%d9%8a%d8%b2%d8%a7%d8%aa-%d8%a3%d9%85%d9%86%d9%8a%d8%a9-%d8%aa%d9%88%d8%a7%d8%ac%d9%87-%d8%a7%d9%84%d9%85%d8%ad-1667729.html
Traceback (most recent call last):
  File "C:\Users\Msi\AppData\Local\Programs\Python\Python311\Lib\site-packages\django\db\models\query.py", line 948, in get_or_create
    return self.get(**kwargs), False
           ^^^^^^^^^^^^^^^^^^
  File "C:\Users\Msi\AppData\Local\Programs\Python\Python311\Lib\site-packages\django\db\models\query.py", line 635, in get
    raise self.model.DoesNotExist(
monitoring.models.Mention.DoesNotExist: Mention matching query does not exist.

During handling of the above exception, another exception occurred:

Traceback (most recent call last):
  File "C:\Users\Msi\Desktop\Abdou_all_codes\media_monitoring\monitoring\services\ingestion.py", line 171, in ingest_latest_articles
    mention, created = Mention.objects.get_or_create(original_url=url, defaults=defaults)
                       ^^^^^^^^^^^^^^^^^^^^^^^^^^^^^^^^^^^^^^^^^^^^^^^^^^^^^^^^^^^^^^^^^^
  File "C:\Users\Msi\AppData\Local\Programs\Python\Python311\Lib\site-packages\django\db\models\manager.py", line 87, in manager_method
    return getattr(self.get_queryset(), name)(*args, **kwargs)
           ^^^^^^^^^^^^^^^^^^^^^^^^^^^^^^^^^^^^^^^^^^^^^^^^^^^
  File "C:\Users\Msi\AppData\Local\Programs\Python\Python311\Lib\site-packages\django\db\models\query.py", line 955, in get_or_create
    return self.create(**params), True
           ^^^^^^^^^^^^^^^^^^^^^
  File "C:\Users\Msi\AppData\Local\Programs\Python\Python311\Lib\site-packages\django\db\models\query.py", line 665, in create
    obj.save(force_insert=True, using=self.db)
  File "C:\Users\Msi\AppData\Local\Programs\Python\Python311\Lib\site-packages\django\db\models\base.py", line 902, in save
    self.save_base(
  File "C:\Users\Msi\AppData\Local\Programs\Python\Python311\Lib\site-packages\django\db\models\base.py", line 1008, in save_base
    updated = self._save_table(
              ^^^^^^^^^^^^^^^^^
  File "C:\Users\Msi\AppData\Local\Programs\Python\Python311\Lib\site-packages\django\db\models\base.py", line 1169, in _save_table
    results = self._do_insert(
              ^^^^^^^^^^^^^^^^
  File "C:\Users\Msi\AppData\Local\Programs\Python\Python311\Lib\site-packages\django\db\models\base.py", line 1210, in _do_insert
    return manager._insert(
           ^^^^^^^^^^^^^^^^
  File "C:\Users\Msi\AppData\Local\Programs\Python\Python311\Lib\site-packages\django\db\models\manager.py", line 87, in manager_method
    return getattr(self.get_queryset(), name)(*args, **kwargs)
           ^^^^^^^^^^^^^^^^^^^^^^^^^^^^^^^^^^^^^^^^^^^^^^^^^^^
  File "C:\Users\Msi\AppData\Local\Programs\Python\Python311\Lib\site-packages\django\db\models\query.py", line 1873, in _insert
    return query.get_compiler(using=using).execute_sql(returning_fields)
           ^^^^^^^^^^^^^^^^^^^^^^^^^^^^^^^^^^^^^^^^^^^^^^^^^^^^^^^^^^^^^
  File "C:\Users\Msi\AppData\Local\Programs\Python\Python311\Lib\site-packages\django\db\models\sql\compiler.py", line 1881, in execute_sql
    for sql, params in self.as_sql():
                       ^^^^^^^^^^^^^
  File "C:\Users\Msi\AppData\Local\Programs\Python\Python311\Lib\site-packages\django\db\models\sql\compiler.py", line 1804, in as_sql
    value_rows = [
                 ^
  File "C:\Users\Msi\AppData\Local\Programs\Python\Python311\Lib\site-packages\django\db\models\sql\compiler.py", line 1805, in <listcomp>
    [
  File "C:\Users\Msi\AppData\Local\Programs\Python\Python311\Lib\site-packages\django\db\models\sql\compiler.py", line 1806, in <listcomp>
    self.prepare_value(field, self.pre_save_val(field, obj))
  File "C:\Users\Msi\AppData\Local\Programs\Python\Python311\Lib\site-packages\django\db\models\sql\compiler.py", line 1741, in prepare_value
    return field.get_db_prep_save(value, connection=self.connection)
           ^^^^^^^^^^^^^^^^^^^^^^^^^^^^^^^^^^^^^^^^^^^^^^^^^^^^^^^^^
  File "C:\Users\Msi\AppData\Local\Programs\Python\Python311\Lib\site-packages\django\db\models\fields\json.py", line 118, in get_db_prep_save
    return super().get_db_prep_save(value, connection)
           ^^^^^^^^^^^^^^^^^^^^^^^^^^^^^^^^^^^^^^^^^^^
  File "C:\Users\Msi\AppData\Local\Programs\Python\Python311\Lib\site-packages\django\db\models\fields\__init__.py", line 1012, in get_db_prep_save
    return self.get_db_prep_value(value, connection=connection, prepared=False)
           ^^^^^^^^^^^^^^^^^^^^^^^^^^^^^^^^^^^^^^^^^^^^^^^^^^^^^^^^^^^^^^^^^^^^
  File "C:\Users\Msi\AppData\Local\Programs\Python\Python311\Lib\site-packages\django\db\models\fields\json.py", line 102, in get_db_prep_value
    return connection.ops.adapt_json_value(value, self.encoder)
           ^^^^^^^^^^^^^^^^^^^^^^^^^^^^^^^^^^^^^^^^^^^^^^^^^^^^
  File "C:\Users\Msi\AppData\Local\Programs\Python\Python311\Lib\site-packages\django\db\backends\base\operations.py", line 598, in adapt_json_value
    return json.dumps(value, cls=encoder)
           ^^^^^^^^^^^^^^^^^^^^^^^^^^^^^^
  File "C:\Users\Msi\AppData\Local\Programs\Python\Python311\Lib\json\__init__.py", line 231, in dumps
    return _default_encoder.encode(obj)
           ^^^^^^^^^^^^^^^^^^^^^^^^^^^^
  File "C:\Users\Msi\AppData\Local\Programs\Python\Python311\Lib\json\encoder.py", line 200, in encode
    chunks = self.iterencode(o, _one_shot=True)
             ^^^^^^^^^^^^^^^^^^^^^^^^^^^^^^^^^^
  File "C:\Users\Msi\AppData\Local\Programs\Python\Python311\Lib\json\encoder.py", line 258, in iterencode
    return _iterencode(o, 0)
           ^^^^^^^^^^^^^^^^^
  File "C:\Users\Msi\AppData\Local\Programs\Python\Python311\Lib\json\encoder.py", line 180, in default
    raise TypeError(f'Object of type {o.__class__.__name__} '
TypeError: Object of type datetime is not JSON serializable
2025-12-08 02:10:51,414 - INFO - HTTP Request: POST https://api.cerebras.ai/v1/chat/completions "HTTP/1.1 200 OK"
2025-12-08 02:10:51,418 - ERROR - Failed to ingest article https://www.hespress.com/%d8%a8%d8%aa%d8%ac%d9%85%d9%8a%d8%af-%d8%a3%d9%88-%d8%aa%d8%ae%d8%b2%d9%8a%d9%86-%d8%a3%d8%b3%d9%84%d8%ad%d8%a9-%d8%a7%d9%84%d9%85%d9%82%d8%a7%d9%88%d9%85%d8%a9-%d8%ad%d9%85%d8%a7%d8%b3-%d8%aa-1667679.html
Traceback (most recent call last):
  File "C:\Users\Msi\AppData\Local\Programs\Python\Python311\Lib\site-packages\django\db\models\query.py", line 948, in get_or_create
    return self.get(**kwargs), False
           ^^^^^^^^^^^^^^^^^^
  File "C:\Users\Msi\AppData\Local\Programs\Python\Python311\Lib\site-packages\django\db\models\query.py", line 635, in get
    raise self.model.DoesNotExist(
monitoring.models.Mention.DoesNotExist: Mention matching query does not exist.

During handling of the above exception, another exception occurred:

Traceback (most recent call last):
  File "C:\Users\Msi\Desktop\Abdou_all_codes\media_monitoring\monitoring\services\ingestion.py", line 171, in ingest_latest_articles
    mention, created = Mention.objects.get_or_create(original_url=url, defaults=defaults)
                       ^^^^^^^^^^^^^^^^^^^^^^^^^^^^^^^^^^^^^^^^^^^^^^^^^^^^^^^^^^^^^^^^^^
  File "C:\Users\Msi\AppData\Local\Programs\Python\Python311\Lib\site-packages\django\db\models\manager.py", line 87, in manager_method
    return getattr(self.get_queryset(), name)(*args, **kwargs)
           ^^^^^^^^^^^^^^^^^^^^^^^^^^^^^^^^^^^^^^^^^^^^^^^^^^^
  File "C:\Users\Msi\AppData\Local\Programs\Python\Python311\Lib\site-packages\django\db\models\query.py", line 955, in get_or_create
    return self.create(**params), True
           ^^^^^^^^^^^^^^^^^^^^^
  File "C:\Users\Msi\AppData\Local\Programs\Python\Python311\Lib\site-packages\django\db\models\query.py", line 665, in create
    obj.save(force_insert=True, using=self.db)
  File "C:\Users\Msi\AppData\Local\Programs\Python\Python311\Lib\site-packages\django\db\models\base.py", line 902, in save
    self.save_base(
  File "C:\Users\Msi\AppData\Local\Programs\Python\Python311\Lib\site-packages\django\db\models\base.py", line 1008, in save_base
    updated = self._save_table(
              ^^^^^^^^^^^^^^^^^
  File "C:\Users\Msi\AppData\Local\Programs\Python\Python311\Lib\site-packages\django\db\models\base.py", line 1169, in _save_table
    results = self._do_insert(
              ^^^^^^^^^^^^^^^^
  File "C:\Users\Msi\AppData\Local\Programs\Python\Python311\Lib\site-packages\django\db\models\base.py", line 1210, in _do_insert
    return manager._insert(
           ^^^^^^^^^^^^^^^^
  File "C:\Users\Msi\AppData\Local\Programs\Python\Python311\Lib\site-packages\django\db\models\manager.py", line 87, in manager_method
    return getattr(self.get_queryset(), name)(*args, **kwargs)
           ^^^^^^^^^^^^^^^^^^^^^^^^^^^^^^^^^^^^^^^^^^^^^^^^^^^
  File "C:\Users\Msi\AppData\Local\Programs\Python\Python311\Lib\site-packages\django\db\models\query.py", line 1873, in _insert
    return query.get_compiler(using=using).execute_sql(returning_fields)
           ^^^^^^^^^^^^^^^^^^^^^^^^^^^^^^^^^^^^^^^^^^^^^^^^^^^^^^^^^^^^^
  File "C:\Users\Msi\AppData\Local\Programs\Python\Python311\Lib\site-packages\django\db\models\sql\compiler.py", line 1881, in execute_sql
    for sql, params in self.as_sql():
                       ^^^^^^^^^^^^^
  File "C:\Users\Msi\AppData\Local\Programs\Python\Python311\Lib\site-packages\django\db\models\sql\compiler.py", line 1804, in as_sql
    value_rows = [
                 ^
  File "C:\Users\Msi\AppData\Local\Programs\Python\Python311\Lib\site-packages\django\db\models\sql\compiler.py", line 1805, in <listcomp>
    [
  File "C:\Users\Msi\AppData\Local\Programs\Python\Python311\Lib\site-packages\django\db\models\sql\compiler.py", line 1806, in <listcomp>
    self.prepare_value(field, self.pre_save_val(field, obj))
  File "C:\Users\Msi\AppData\Local\Programs\Python\Python311\Lib\site-packages\django\db\models\sql\compiler.py", line 1741, in prepare_value
    return field.get_db_prep_save(value, connection=self.connection)
           ^^^^^^^^^^^^^^^^^^^^^^^^^^^^^^^^^^^^^^^^^^^^^^^^^^^^^^^^^
  File "C:\Users\Msi\AppData\Local\Programs\Python\Python311\Lib\site-packages\django\db\models\fields\json.py", line 118, in get_db_prep_save
    return super().get_db_prep_save(value, connection)
           ^^^^^^^^^^^^^^^^^^^^^^^^^^^^^^^^^^^^^^^^^^^
  File "C:\Users\Msi\AppData\Local\Programs\Python\Python311\Lib\site-packages\django\db\models\fields\__init__.py", line 1012, in get_db_prep_save
    return self.get_db_prep_value(value, connection=connection, prepared=False)
           ^^^^^^^^^^^^^^^^^^^^^^^^^^^^^^^^^^^^^^^^^^^^^^^^^^^^^^^^^^^^^^^^^^^^
  File "C:\Users\Msi\AppData\Local\Programs\Python\Python311\Lib\site-packages\django\db\models\fields\json.py", line 102, in get_db_prep_value
    return connection.ops.adapt_json_value(value, self.encoder)
           ^^^^^^^^^^^^^^^^^^^^^^^^^^^^^^^^^^^^^^^^^^^^^^^^^^^^
  File "C:\Users\Msi\AppData\Local\Programs\Python\Python311\Lib\site-packages\django\db\backends\base\operations.py", line 598, in adapt_json_value
    return json.dumps(value, cls=encoder)
           ^^^^^^^^^^^^^^^^^^^^^^^^^^^^^^
  File "C:\Users\Msi\AppData\Local\Programs\Python\Python311\Lib\json\__init__.py", line 231, in dumps
    return _default_encoder.encode(obj)
           ^^^^^^^^^^^^^^^^^^^^^^^^^^^^
  File "C:\Users\Msi\AppData\Local\Programs\Python\Python311\Lib\json\encoder.py", line 200, in encode
    chunks = self.iterencode(o, _one_shot=True)
             ^^^^^^^^^^^^^^^^^^^^^^^^^^^^^^^^^^
  File "C:\Users\Msi\AppData\Local\Programs\Python\Python311\Lib\json\encoder.py", line 258, in iterencode
    return _iterencode(o, 0)
           ^^^^^^^^^^^^^^^^^
  File "C:\Users\Msi\AppData\Local\Programs\Python\Python311\Lib\json\encoder.py", line 180, in default
    raise TypeError(f'Object of type {o.__class__.__name__} '
TypeError: Object of type datetime is not JSON serializable
2025-12-08 02:10:51,949 - INFO - HTTP Request: POST https://api.cerebras.ai/v1/chat/completions "HTTP/1.1 200 OK"
2025-12-08 02:10:51,952 - ERROR - Failed to ingest article https://www.hespress.com/%d8%a8%d8%a7%d8%b1%d9%8a%d8%b3-%d8%aa%d8%a4%d9%83%d8%af-%d8%a3%d9%87%d9%85%d9%8a%d8%a9-%d8%a7%d9%84%d8%b7%d9%85%d8%a7%d8%b7%d9%85-%d8%a7%d9%84%d9%85%d8%ba%d8%b1%d8%a8%d9%8a%d8%a9-%d9%81%d9%8a-%d8%b3-1667538.html
Traceback (most recent call last):
  File "C:\Users\Msi\AppData\Local\Programs\Python\Python311\Lib\site-packages\django\db\models\query.py", line 948, in get_or_create
    return self.get(**kwargs), False
           ^^^^^^^^^^^^^^^^^^
  File "C:\Users\Msi\AppData\Local\Programs\Python\Python311\Lib\site-packages\django\db\models\query.py", line 635, in get
    raise self.model.DoesNotExist(
monitoring.models.Mention.DoesNotExist: Mention matching query does not exist.

During handling of the above exception, another exception occurred:

Traceback (most recent call last):
  File "C:\Users\Msi\Desktop\Abdou_all_codes\media_monitoring\monitoring\services\ingestion.py", line 171, in ingest_latest_articles
    mention, created = Mention.objects.get_or_create(original_url=url, defaults=defaults)
                       ^^^^^^^^^^^^^^^^^^^^^^^^^^^^^^^^^^^^^^^^^^^^^^^^^^^^^^^^^^^^^^^^^^
  File "C:\Users\Msi\AppData\Local\Programs\Python\Python311\Lib\site-packages\django\db\models\manager.py", line 87, in manager_method
    return getattr(self.get_queryset(), name)(*args, **kwargs)
           ^^^^^^^^^^^^^^^^^^^^^^^^^^^^^^^^^^^^^^^^^^^^^^^^^^^
  File "C:\Users\Msi\AppData\Local\Programs\Python\Python311\Lib\site-packages\django\db\models\query.py", line 955, in get_or_create
    return self.create(**params), True
           ^^^^^^^^^^^^^^^^^^^^^
  File "C:\Users\Msi\AppData\Local\Programs\Python\Python311\Lib\site-packages\django\db\models\query.py", line 665, in create
    obj.save(force_insert=True, using=self.db)
  File "C:\Users\Msi\AppData\Local\Programs\Python\Python311\Lib\site-packages\django\db\models\base.py", line 902, in save
    self.save_base(
  File "C:\Users\Msi\AppData\Local\Programs\Python\Python311\Lib\site-packages\django\db\models\base.py", line 1008, in save_base
    updated = self._save_table(
              ^^^^^^^^^^^^^^^^^
  File "C:\Users\Msi\AppData\Local\Programs\Python\Python311\Lib\site-packages\django\db\models\base.py", line 1169, in _save_table
    results = self._do_insert(
              ^^^^^^^^^^^^^^^^
  File "C:\Users\Msi\AppData\Local\Programs\Python\Python311\Lib\site-packages\django\db\models\base.py", line 1210, in _do_insert
    return manager._insert(
           ^^^^^^^^^^^^^^^^
  File "C:\Users\Msi\AppData\Local\Programs\Python\Python311\Lib\site-packages\django\db\models\manager.py", line 87, in manager_method
    return getattr(self.get_queryset(), name)(*args, **kwargs)
           ^^^^^^^^^^^^^^^^^^^^^^^^^^^^^^^^^^^^^^^^^^^^^^^^^^^
  File "C:\Users\Msi\AppData\Local\Programs\Python\Python311\Lib\site-packages\django\db\models\query.py", line 1873, in _insert
    return query.get_compiler(using=using).execute_sql(returning_fields)
           ^^^^^^^^^^^^^^^^^^^^^^^^^^^^^^^^^^^^^^^^^^^^^^^^^^^^^^^^^^^^^
  File "C:\Users\Msi\AppData\Local\Programs\Python\Python311\Lib\site-packages\django\db\models\sql\compiler.py", line 1881, in execute_sql
    for sql, params in self.as_sql():
                       ^^^^^^^^^^^^^
  File "C:\Users\Msi\AppData\Local\Programs\Python\Python311\Lib\site-packages\django\db\models\sql\compiler.py", line 1804, in as_sql
    value_rows = [
                 ^
  File "C:\Users\Msi\AppData\Local\Programs\Python\Python311\Lib\site-packages\django\db\models\sql\compiler.py", line 1805, in <listcomp>
    [
  File "C:\Users\Msi\AppData\Local\Programs\Python\Python311\Lib\site-packages\django\db\models\sql\compiler.py", line 1806, in <listcomp>
    self.prepare_value(field, self.pre_save_val(field, obj))
  File "C:\Users\Msi\AppData\Local\Programs\Python\Python311\Lib\site-packages\django\db\models\sql\compiler.py", line 1741, in prepare_value
    return field.get_db_prep_save(value, connection=self.connection)
           ^^^^^^^^^^^^^^^^^^^^^^^^^^^^^^^^^^^^^^^^^^^^^^^^^^^^^^^^^
  File "C:\Users\Msi\AppData\Local\Programs\Python\Python311\Lib\site-packages\django\db\models\fields\json.py", line 118, in get_db_prep_save
    return super().get_db_prep_save(value, connection)
           ^^^^^^^^^^^^^^^^^^^^^^^^^^^^^^^^^^^^^^^^^^^
  File "C:\Users\Msi\AppData\Local\Programs\Python\Python311\Lib\site-packages\django\db\models\fields\__init__.py", line 1012, in get_db_prep_save
    return self.get_db_prep_value(value, connection=connection, prepared=False)
           ^^^^^^^^^^^^^^^^^^^^^^^^^^^^^^^^^^^^^^^^^^^^^^^^^^^^^^^^^^^^^^^^^^^^
  File "C:\Users\Msi\AppData\Local\Programs\Python\Python311\Lib\site-packages\django\db\models\fields\json.py", line 102, in get_db_prep_value
    return connection.ops.adapt_json_value(value, self.encoder)
           ^^^^^^^^^^^^^^^^^^^^^^^^^^^^^^^^^^^^^^^^^^^^^^^^^^^^
  File "C:\Users\Msi\AppData\Local\Programs\Python\Python311\Lib\site-packages\django\db\backends\base\operations.py", line 598, in adapt_json_value
    return json.dumps(value, cls=encoder)
           ^^^^^^^^^^^^^^^^^^^^^^^^^^^^^^
  File "C:\Users\Msi\AppData\Local\Programs\Python\Python311\Lib\json\__init__.py", line 231, in dumps
    return _default_encoder.encode(obj)
           ^^^^^^^^^^^^^^^^^^^^^^^^^^^^
  File "C:\Users\Msi\AppData\Local\Programs\Python\Python311\Lib\json\encoder.py", line 200, in encode
    chunks = self.iterencode(o, _one_shot=True)
             ^^^^^^^^^^^^^^^^^^^^^^^^^^^^^^^^^^
  File "C:\Users\Msi\AppData\Local\Programs\Python\Python311\Lib\json\encoder.py", line 258, in iterencode
    return _iterencode(o, 0)
           ^^^^^^^^^^^^^^^^^
  File "C:\Users\Msi\AppData\Local\Programs\Python\Python311\Lib\json\encoder.py", line 180, in default
    raise TypeError(f'Object of type {o.__class__.__name__} '
TypeError: Object of type datetime is not JSON serializable
2025-12-08 02:10:53,022 - INFO - HTTP Request: POST https://api.cerebras.ai/v1/chat/completions "HTTP/1.1 200 OK"
2025-12-08 02:10:53,025 - ERROR - Failed to ingest article https://www.hespress.com/%d9%82%d8%b6%d8%a7%d8%a9-%d8%a7%d9%84%d8%ad%d8%b3%d8%a7%d8%a8%d8%a7%d8%aa-%d9%8a%d9%81%d8%ad%d8%b5%d9%88%d9%86-%d8%aa%d9%81%d9%88%d9%8a%d8%aa%d8%a7%d8%aa-%d8%b9%d9%82%d8%a7%d8%b1%d9%8a%d8%a9-%d9%85-1667526.html
Traceback (most recent call last):
  File "C:\Users\Msi\AppData\Local\Programs\Python\Python311\Lib\site-packages\django\db\models\query.py", line 948, in get_or_create
    return self.get(**kwargs), False
           ^^^^^^^^^^^^^^^^^^
  File "C:\Users\Msi\AppData\Local\Programs\Python\Python311\Lib\site-packages\django\db\models\query.py", line 635, in get
    raise self.model.DoesNotExist(
monitoring.models.Mention.DoesNotExist: Mention matching query does not exist.

During handling of the above exception, another exception occurred:

Traceback (most recent call last):
  File "C:\Users\Msi\Desktop\Abdou_all_codes\media_monitoring\monitoring\services\ingestion.py", line 171, in ingest_latest_articles
    mention, created = Mention.objects.get_or_create(original_url=url, defaults=defaults)
                       ^^^^^^^^^^^^^^^^^^^^^^^^^^^^^^^^^^^^^^^^^^^^^^^^^^^^^^^^^^^^^^^^^^
  File "C:\Users\Msi\AppData\Local\Programs\Python\Python311\Lib\site-packages\django\db\models\manager.py", line 87, in manager_method
    return getattr(self.get_queryset(), name)(*args, **kwargs)
           ^^^^^^^^^^^^^^^^^^^^^^^^^^^^^^^^^^^^^^^^^^^^^^^^^^^
  File "C:\Users\Msi\AppData\Local\Programs\Python\Python311\Lib\site-packages\django\db\models\query.py", line 955, in get_or_create
    return self.create(**params), True
           ^^^^^^^^^^^^^^^^^^^^^
  File "C:\Users\Msi\AppData\Local\Programs\Python\Python311\Lib\site-packages\django\db\models\query.py", line 665, in create
    obj.save(force_insert=True, using=self.db)
  File "C:\Users\Msi\AppData\Local\Programs\Python\Python311\Lib\site-packages\django\db\models\base.py", line 902, in save
    self.save_base(
  File "C:\Users\Msi\AppData\Local\Programs\Python\Python311\Lib\site-packages\django\db\models\base.py", line 1008, in save_base
    updated = self._save_table(
              ^^^^^^^^^^^^^^^^^
  File "C:\Users\Msi\AppData\Local\Programs\Python\Python311\Lib\site-packages\django\db\models\base.py", line 1169, in _save_table
    results = self._do_insert(
              ^^^^^^^^^^^^^^^^
  File "C:\Users\Msi\AppData\Local\Programs\Python\Python311\Lib\site-packages\django\db\models\base.py", line 1210, in _do_insert
    return manager._insert(
           ^^^^^^^^^^^^^^^^
  File "C:\Users\Msi\AppData\Local\Programs\Python\Python311\Lib\site-packages\django\db\models\manager.py", line 87, in manager_method
    return getattr(self.get_queryset(), name)(*args, **kwargs)
           ^^^^^^^^^^^^^^^^^^^^^^^^^^^^^^^^^^^^^^^^^^^^^^^^^^^
  File "C:\Users\Msi\AppData\Local\Programs\Python\Python311\Lib\site-packages\django\db\models\query.py", line 1873, in _insert
    return query.get_compiler(using=using).execute_sql(returning_fields)
           ^^^^^^^^^^^^^^^^^^^^^^^^^^^^^^^^^^^^^^^^^^^^^^^^^^^^^^^^^^^^^
  File "C:\Users\Msi\AppData\Local\Programs\Python\Python311\Lib\site-packages\django\db\models\sql\compiler.py", line 1881, in execute_sql
    for sql, params in self.as_sql():
                       ^^^^^^^^^^^^^
  File "C:\Users\Msi\AppData\Local\Programs\Python\Python311\Lib\site-packages\django\db\models\sql\compiler.py", line 1804, in as_sql
    value_rows = [
                 ^
  File "C:\Users\Msi\AppData\Local\Programs\Python\Python311\Lib\site-packages\django\db\models\sql\compiler.py", line 1805, in <listcomp>
    [
  File "C:\Users\Msi\AppData\Local\Programs\Python\Python311\Lib\site-packages\django\db\models\sql\compiler.py", line 1806, in <listcomp>
    self.prepare_value(field, self.pre_save_val(field, obj))
  File "C:\Users\Msi\AppData\Local\Programs\Python\Python311\Lib\site-packages\django\db\models\sql\compiler.py", line 1741, in prepare_value
    return field.get_db_prep_save(value, connection=self.connection)
           ^^^^^^^^^^^^^^^^^^^^^^^^^^^^^^^^^^^^^^^^^^^^^^^^^^^^^^^^^
  File "C:\Users\Msi\AppData\Local\Programs\Python\Python311\Lib\site-packages\django\db\models\fields\json.py", line 118, in get_db_prep_save
    return super().get_db_prep_save(value, connection)
           ^^^^^^^^^^^^^^^^^^^^^^^^^^^^^^^^^^^^^^^^^^^
  File "C:\Users\Msi\AppData\Local\Programs\Python\Python311\Lib\site-packages\django\db\models\fields\__init__.py", line 1012, in get_db_prep_save
    return self.get_db_prep_value(value, connection=connection, prepared=False)
           ^^^^^^^^^^^^^^^^^^^^^^^^^^^^^^^^^^^^^^^^^^^^^^^^^^^^^^^^^^^^^^^^^^^^
  File "C:\Users\Msi\AppData\Local\Programs\Python\Python311\Lib\site-packages\django\db\models\fields\json.py", line 102, in get_db_prep_value
    return connection.ops.adapt_json_value(value, self.encoder)
           ^^^^^^^^^^^^^^^^^^^^^^^^^^^^^^^^^^^^^^^^^^^^^^^^^^^^
  File "C:\Users\Msi\AppData\Local\Programs\Python\Python311\Lib\site-packages\django\db\backends\base\operations.py", line 598, in adapt_json_value
    return json.dumps(value, cls=encoder)
           ^^^^^^^^^^^^^^^^^^^^^^^^^^^^^^
  File "C:\Users\Msi\AppData\Local\Programs\Python\Python311\Lib\json\__init__.py", line 231, in dumps
    return _default_encoder.encode(obj)
           ^^^^^^^^^^^^^^^^^^^^^^^^^^^^
  File "C:\Users\Msi\AppData\Local\Programs\Python\Python311\Lib\json\encoder.py", line 200, in encode
    chunks = self.iterencode(o, _one_shot=True)
             ^^^^^^^^^^^^^^^^^^^^^^^^^^^^^^^^^^
  File "C:\Users\Msi\AppData\Local\Programs\Python\Python311\Lib\json\encoder.py", line 258, in iterencode
    return _iterencode(o, 0)
           ^^^^^^^^^^^^^^^^^
  File "C:\Users\Msi\AppData\Local\Programs\Python\Python311\Lib\json\encoder.py", line 180, in default
    raise TypeError(f'Object of type {o.__class__.__name__} '
TypeError: Object of type datetime is not JSON serializable
2025-12-08 02:10:53,610 - INFO - HTTP Request: POST https://api.cerebras.ai/v1/chat/completions "HTTP/1.1 200 OK"
2025-12-08 02:10:53,613 - ERROR - Failed to ingest article https://www.hespress.com/%d8%a7%d9%84%d9%85%d8%ba%d8%b1%d8%a8-%d9%88%d8%ad%d9%81%d8%b8-%d8%a7%d9%84%d8%b3%d9%84%d8%a7%d9%85-%d9%81%d9%8a-%d8%ba%d8%b2%d8%a9-%d9%82%d8%b1%d8%a7%d8%b1-%d8%b3%d9%8a%d8%a7%d8%af%d9%8a-%d9%85-1667548.html
Traceback (most recent call last):
  File "C:\Users\Msi\AppData\Local\Programs\Python\Python311\Lib\site-packages\django\db\models\query.py", line 948, in get_or_create
    return self.get(**kwargs), False
           ^^^^^^^^^^^^^^^^^^
  File "C:\Users\Msi\AppData\Local\Programs\Python\Python311\Lib\site-packages\django\db\models\query.py", line 635, in get
    raise self.model.DoesNotExist(
monitoring.models.Mention.DoesNotExist: Mention matching query does not exist.

During handling of the above exception, another exception occurred:

Traceback (most recent call last):
  File "C:\Users\Msi\Desktop\Abdou_all_codes\media_monitoring\monitoring\services\ingestion.py", line 171, in ingest_latest_articles
    mention, created = Mention.objects.get_or_create(original_url=url, defaults=defaults)
                       ^^^^^^^^^^^^^^^^^^^^^^^^^^^^^^^^^^^^^^^^^^^^^^^^^^^^^^^^^^^^^^^^^^
  File "C:\Users\Msi\AppData\Local\Programs\Python\Python311\Lib\site-packages\django\db\models\manager.py", line 87, in manager_method
    return getattr(self.get_queryset(), name)(*args, **kwargs)
           ^^^^^^^^^^^^^^^^^^^^^^^^^^^^^^^^^^^^^^^^^^^^^^^^^^^
  File "C:\Users\Msi\AppData\Local\Programs\Python\Python311\Lib\site-packages\django\db\models\query.py", line 955, in get_or_create
    return self.create(**params), True
           ^^^^^^^^^^^^^^^^^^^^^
  File "C:\Users\Msi\AppData\Local\Programs\Python\Python311\Lib\site-packages\django\db\models\query.py", line 665, in create
    obj.save(force_insert=True, using=self.db)
  File "C:\Users\Msi\AppData\Local\Programs\Python\Python311\Lib\site-packages\django\db\models\base.py", line 902, in save
    self.save_base(
  File "C:\Users\Msi\AppData\Local\Programs\Python\Python311\Lib\site-packages\django\db\models\base.py", line 1008, in save_base
    updated = self._save_table(
              ^^^^^^^^^^^^^^^^^
  File "C:\Users\Msi\AppData\Local\Programs\Python\Python311\Lib\site-packages\django\db\models\base.py", line 1169, in _save_table
    results = self._do_insert(
              ^^^^^^^^^^^^^^^^
  File "C:\Users\Msi\AppData\Local\Programs\Python\Python311\Lib\site-packages\django\db\models\base.py", line 1210, in _do_insert
    return manager._insert(
           ^^^^^^^^^^^^^^^^
  File "C:\Users\Msi\AppData\Local\Programs\Python\Python311\Lib\site-packages\django\db\models\manager.py", line 87, in manager_method
    return getattr(self.get_queryset(), name)(*args, **kwargs)
           ^^^^^^^^^^^^^^^^^^^^^^^^^^^^^^^^^^^^^^^^^^^^^^^^^^^
  File "C:\Users\Msi\AppData\Local\Programs\Python\Python311\Lib\site-packages\django\db\models\query.py", line 1873, in _insert
    return query.get_compiler(using=using).execute_sql(returning_fields)
           ^^^^^^^^^^^^^^^^^^^^^^^^^^^^^^^^^^^^^^^^^^^^^^^^^^^^^^^^^^^^^
  File "C:\Users\Msi\AppData\Local\Programs\Python\Python311\Lib\site-packages\django\db\models\sql\compiler.py", line 1881, in execute_sql
    for sql, params in self.as_sql():
                       ^^^^^^^^^^^^^
  File "C:\Users\Msi\AppData\Local\Programs\Python\Python311\Lib\site-packages\django\db\models\sql\compiler.py", line 1804, in as_sql
    value_rows = [
                 ^
  File "C:\Users\Msi\AppData\Local\Programs\Python\Python311\Lib\site-packages\django\db\models\sql\compiler.py", line 1805, in <listcomp>
    [
  File "C:\Users\Msi\AppData\Local\Programs\Python\Python311\Lib\site-packages\django\db\models\sql\compiler.py", line 1806, in <listcomp>
    self.prepare_value(field, self.pre_save_val(field, obj))
  File "C:\Users\Msi\AppData\Local\Programs\Python\Python311\Lib\site-packages\django\db\models\sql\compiler.py", line 1741, in prepare_value
    return field.get_db_prep_save(value, connection=self.connection)
           ^^^^^^^^^^^^^^^^^^^^^^^^^^^^^^^^^^^^^^^^^^^^^^^^^^^^^^^^^
  File "C:\Users\Msi\AppData\Local\Programs\Python\Python311\Lib\site-packages\django\db\models\fields\json.py", line 118, in get_db_prep_save
    return super().get_db_prep_save(value, connection)
           ^^^^^^^^^^^^^^^^^^^^^^^^^^^^^^^^^^^^^^^^^^^
  File "C:\Users\Msi\AppData\Local\Programs\Python\Python311\Lib\site-packages\django\db\models\fields\__init__.py", line 1012, in get_db_prep_save
    return self.get_db_prep_value(value, connection=connection, prepared=False)
           ^^^^^^^^^^^^^^^^^^^^^^^^^^^^^^^^^^^^^^^^^^^^^^^^^^^^^^^^^^^^^^^^^^^^
  File "C:\Users\Msi\AppData\Local\Programs\Python\Python311\Lib\site-packages\django\db\models\fields\json.py", line 102, in get_db_prep_value
    return connection.ops.adapt_json_value(value, self.encoder)
           ^^^^^^^^^^^^^^^^^^^^^^^^^^^^^^^^^^^^^^^^^^^^^^^^^^^^
  File "C:\Users\Msi\AppData\Local\Programs\Python\Python311\Lib\site-packages\django\db\backends\base\operations.py", line 598, in adapt_json_value
    return json.dumps(value, cls=encoder)
           ^^^^^^^^^^^^^^^^^^^^^^^^^^^^^^
  File "C:\Users\Msi\AppData\Local\Programs\Python\Python311\Lib\json\__init__.py", line 231, in dumps
    return _default_encoder.encode(obj)
           ^^^^^^^^^^^^^^^^^^^^^^^^^^^^
  File "C:\Users\Msi\AppData\Local\Programs\Python\Python311\Lib\json\encoder.py", line 200, in encode
    chunks = self.iterencode(o, _one_shot=True)
             ^^^^^^^^^^^^^^^^^^^^^^^^^^^^^^^^^^
  File "C:\Users\Msi\AppData\Local\Programs\Python\Python311\Lib\json\encoder.py", line 258, in iterencode
    return _iterencode(o, 0)
           ^^^^^^^^^^^^^^^^^
  File "C:\Users\Msi\AppData\Local\Programs\Python\Python311\Lib\json\encoder.py", line 180, in default
    raise TypeError(f'Object of type {o.__class__.__name__} '
TypeError: Object of type datetime is not JSON serializable
